id,slug,title,status,visible,species,category,product_type,price,compare_at_price,cost,margin_pct,cj_product_id,supplier_name,supplier_status,variant_count,stock,us_stock,eu_stock,cn_stock,effective_stock,warehouse,us_available,shipping_days,weight,image_count,description_chars,quality_score,seo_tier,indexable,dedupe_key,duplicate_risk,views_90d,atc_90d,units_sold,revenue,s_margin,s_us_stock,s_shipping,s_problem,s_differentiation,s_spec,s_visual,s_ugc,s_bundle,s_return_risk,s_supplier,score_total,hard_gates,blocking_gates,role,evidence,inference
e265e7fe-af60-4efc-b927-5c4f79fc1bf0,front-flip-door-dual-opening-anti-splashing-anti-tracking-odor-locking-cat-e265,Enclosed Cat Litter Box – Dual Opening Anti-Splash Odor-Locking for Cats,active,true,cat,Cat Litter Boxes,Pet Supplies > Cat Supplies > Litter > Litter Boxes,79.13,98.91,31.65,60,2022147992715550722,CJ Dropshipping,available,1,292,292,0,0,292,US,true,,2500,6,277,83,C,true,,none-detected,136,68,0,0,13,15,10,9,7,7,8,7,5,3,3,87,UNUSABLE_SHIPPING_PROMISE,0,HERO_CANDIDATE,"margin 60.0% (price 79.13, cost 31.65); stock us=292 eu=0 cn=0 effective=292; variant payload us=292 total=292; description 277 chars, quality_score=83; 6 gallery images + primary","no shipping window on record — conservative shipping score; problem signals: odor, splash, litter; differentiators: dual, enclosed"
c882d898-5aaa-44eb-9d3e-d90d14f06ff0,extra-large-stainless-steel-cat-litter-box-for-big-cats-with-flip-cover-high-c882,Cat Litter Box – Extra Large Stainless Steel High-Sided Enclosure,active,true,cat,Cat Litter Boxes,Pet Supplies > Cat Supplies > Litter & Waste > Litter Boxes,141.07,176.34,56.43,60,2026478150193291265,CJ Dropshipping,unavailable,1,0,3,0,0,3,unknown,true,,,11,3412,83,C,true,,none-detected,7,0,0,0,11,12,10,9,10,9,8,7,5,4,2,87,UNUSABLE_SHIPPING_PROMISE,0,HERO_CANDIDATE,"margin 60.0% (price 141.07, cost 56.43); stock us=3 eu=0 cn=0 effective=3; variant payload us=30 total=30; description 3412 chars, quality_score=83; 11 gallery images + primary","no shipping window on record — conservative shipping score; problem signals: odor, litter, scratch; differentiators: flip, enclosed, transparent; no weight on record — damage risk partly inferred; inventory sync stale or never run"
629487d6-e8c6-4e8e-b307-286c465e26c2,xl-stainless-steel-litter-box-w-100-flip-top-scoop-step-top-side-entry-enclosed-litter-box-for-big-c,Litter Box with Flip Top for Big Cat Convenience,active,true,cat,Cat Litter Boxes,Pet Supplies > Cat Supplies > Litter & Waste > Litter Boxes,119.99,149.99,68.78,42.7,1991251668946161665,CJ Dropshipping,unknown,1,68,68,0,0,68,US,true,,4700,9,2923,85,C,true,xl stainless steel litter box w 100 flip top scoop step top  side entry enclosed litter box for big cats,none-detected,20,0,0,0,8,15,10,9,10,9,8,7,5,3,3,87,UNUSABLE_SHIPPING_PROMISE,0,HERO_CANDIDATE,"margin 42.7% (price 119.99, cost 68.78); stock us=68 eu=0 cn=0 effective=68; variant payload us=298 total=298; description 2923 chars, quality_score=85; 9 gallery images + primary","no shipping window on record — conservative shipping score; problem signals: odor, litter, scratch; differentiators: flip, dual, enclosed, transparent"
bc66f880-2330-4cbb-8097-712dc1150bca,fully-enclosed-cat-litter-box-with-front-entry-and-top-exit-plastic-gray-white," Fully Enclosed Cat Litter Box with Front Entry and Top Exit, Plastic, Gray & White",active,true,cat,Cat Litter Boxes,Pet Supplies > Cat Supplies > Litter Supplies > Litter Boxes,96.49,120.99,48.35,49.9,2003462073338146818,CJ Dropshipping,available,1,154,154,0,0,154,US,true,,3600,9,947,85,C,true,fully enclosed cat litter box with front entry and top exit plastic gray  white,none-detected,17,0,0,0,8,15,10,9,10,8,8,7,5,3,3,86,UNUSABLE_SHIPPING_PROMISE,0,HERO_CANDIDATE,"margin 49.9% (price 96.49, cost 48.35); stock us=154 eu=0 cn=0 effective=154; variant payload us=78 total=78; description 947 chars, quality_score=85; 9 gallery images + primary","no shipping window on record — conservative shipping score; problem signals: odor, tracking, litter; differentiators: enclosed, hidden, furniture"
3eebf00e-d074-49f4-927c-9f68540de056,1set-wireless-electric-dog-fence-pet-shock-boundary-containment-system-electric-3eeb,Dog Training Collar – Wireless Electric Shock Boundary System for Dogs,inactive,false,dog,Dog Training,Pet Supplies > Dog Supplies > Training & Obedience > Electronic Training Systems,90.95,116.99,45.41,50.1,1948309886542639106,CJ Dropshipping,unknown,1,44,44,0,0,44,US,true,,354,15,4000,86,A,false,1set wireless electric dog fence pet shock boundary containment system electric training collar for small medium large dogs,none-detected,0,0,0,0,11,15,10,3,10,9,8,7,5,3,4,85,UNUSABLE_SHIPPING_PROMISE|INVENTORY_BLOCKED,1,CORE_CANDIDATE,"margin 50.1% (price 90.95, cost 45.41); stock us=44 eu=0 cn=0 effective=44; variant payload us=0 total=0; description 4000 chars, quality_score=86; 15 gallery images + primary","no shipping window on record — conservative shipping score; problem signals: waterproof; differentiators: dual, furniture, automatic"
26f37d76-e7bf-4926-936b-a7b8fc34974c,covered-cat-litter-box-easy-cleaning-kitty-litter-box-with-front-entrance-top-exit-scoop-for-odor-co," Covered Cat Litter Box, Easy Cleaning Kitty Litter Box with Front Entrance, Top Exit, Scoop, for Odor Control, White",active,true,cat,Cat Litter Boxes,Pet Supplies > Cat Supplies > Litter & Housebreaking > Litter Boxes,98.99,121.99,56.65,42.8,2003461790080020482,CJ Dropshipping,unknown,1,147,147,0,0,147,US,true,,4000,9,1100,75,A,true,covered cat litter box easy cleaning kitty litter box with front entrance top exit scoop for odor control white,none-detected,24,2,0,0,8,15,10,10,7,8,8,7,5,3,3,84,UNUSABLE_SHIPPING_PROMISE,0,HERO_CANDIDATE,"margin 42.8% (price 98.99, cost 56.65); stock us=147 eu=0 cn=0 effective=147; variant payload us=110 total=110; description 1100 chars, quality_score=75; 9 gallery images + primary","no shipping window on record — conservative shipping score; problem signals: odor, smell, tracking, litter; differentiators: enclosed, furniture"
b5f53c36-d5c3-4c87-a182-7ef80d56819a,51cm-large-fully-enclosed-top-entry-cat-litter-box-front-flip-door-dual-opening-b5f5,Top Entry Cat Litter Box – Enclosed Toilet with Front Flip Door & Odor Lock,inactive,false,cat,Cat Litter Boxes,Pet Supplies > Cat Supplies > Litter & Housebreaking > Cat Litter Box,76.63,95.79,30.65,60,2021409611962679298,CJ Dropshipping,unavailable,1,300,300,0,0,300,US,true,,,6,1570,90,C,false,,none-detected,0,0,0,0,13,15,8,6,7,9,8,7,5,4,2,84,UNUSABLE_SHIPPING_PROMISE,0,HERO_CANDIDATE,"margin 60.0% (price 76.63, cost 30.65); stock us=300 eu=0 cn=0 effective=300; variant payload us=5 total=5; description 1570 chars, quality_score=90; 6 gallery images + primary","no shipping window on record — conservative shipping score; problem signals: odor, litter; differentiators: flip, enclosed; no weight on record — damage risk partly inferred; inventory sync stale or never run"
330c6662-b857-4a39-9441-b6f178ae7c0d,dome-covered-cat-litter-box-with-lid-white-and-orange," Dome Covered Cat Litter Box with Lid, White and Orange",active,true,cat,Cat Litter Boxes,Pet Supplies > Cat Supplies > Litter & Accessories > Litter Boxes,89.49,109.99,51.16,42.8,2003462158545432577,CJ Dropshipping,unknown,1,84,84,0,0,84,US,true,,3000,9,2471,85,C,true,dome covered cat litter box with lid white and orange,none-detected,28,0,0,0,8,15,10,9,7,9,8,7,5,3,3,84,UNUSABLE_SHIPPING_PROMISE,0,HERO_CANDIDATE,"margin 42.8% (price 89.49, cost 51.16); stock us=84 eu=0 cn=0 effective=84; variant payload us=179 total=179; description 2471 chars, quality_score=85; 9 gallery images + primary","no shipping window on record — conservative shipping score; problem signals: odor, tracking, litter; differentiators: foldable, enclosed"
dfa39798-59f0-413e-87d7-9e28dc5021dd,pawhut-cat-litter-box-enclosure-with-barn-door-cat-hole-white,Hidden Cat Litter Box Enclosure – Furniture Style Cabinet with Barn Door,active,true,cat,Cat Litter Boxes,Pet Supplies > Cat Supplies > Litter Supplies > Litter Box Furniture,171.99,220.99,114.87,33.2,2008060661105070082,CJ Dropshipping,unknown,1,34,34,0,0,34,US,true,,13500,11,3630,85,A,true,pawhut cat litter box enclosure with barn door cat hole white,none-detected,32,0,0,0,5,15,10,9,10,9,8,7,5,3,3,84,UNUSABLE_SHIPPING_PROMISE|UNACCEPTABLE_MARGIN,1,CORE_CANDIDATE,"margin 33.2% (price 171.99, cost 114.87); stock us=34 eu=0 cn=0 effective=34; variant payload us=65 total=65; description 3630 chars, quality_score=85; 11 gallery images + primary","no shipping window on record — conservative shipping score; problem signals: odor, litter, hide; differentiators: dual, hidden, furniture"
8f939226-08ce-46f9-af00-8f1b7910d8c5,adjustable-height-3-step-4-step-cat-stairs-with-cat-scratching-post-cat-condo-toy-ball-for-bed-sofa-," Adjustable Height 3 Step/4 Step Cat Stairs with Cat Scratching Post, Cat Condo, Toy Ball, for Bed, Sofa, Couch, Gray",active,true,cat,Cat Houses,Pet Supplies > Cat Supplies > Cat Furniture > Cat Stairs,125.99,161.99,71.97,42.9,2003456108033142785,CJ Dropshipping,unavailable,1,166,166,0,0,166,US,true,,7900,9,1565,86,C,true,adjustable height 3 step4 step cat stairs with cat scratching post cat condo toy ball for bed sofa couch gray,none-detected,17,0,0,0,8,15,10,9,7,9,8,7,5,3,3,84,UNUSABLE_SHIPPING_PROMISE,0,HERO_CANDIDATE,"margin 42.9% (price 125.99, cost 71.97); stock us=166 eu=0 cn=0 effective=166; variant payload us=23 total=23; description 1565 chars, quality_score=86; 9 gallery images + primary","no shipping window on record — conservative shipping score; problem signals: scratch, hide, joint; differentiators: furniture, sisal"
b9c0f448-162b-4464-bf36-7697e6fe4852,54-cat-tree-tower-multi-level-with-sisal-grab-post-indoor-apartment-with-ladder-plush-toys-rest-and-,Cat Tower – Multi-Level Fun With Sisal Scratching Post,active,true,cat,Cat Trees & Condos,Pet Supplies > Cat Supplies > Furniture & Scratchers > Cat Trees,158.99,196.99,90.87,42.8,1898265961711509505,CJ Dropshipping,available,2,6594,6594,0,0,6594,US,true,,14680,14,1295,76,C,true,54 cat tree tower  multilevel with sisal grab post indoor apartment with ladder plush toys rest and play,none-detected,7,0,0,0,8,15,10,6,10,9,8,7,5,3,3,84,UNUSABLE_SHIPPING_PROMISE,0,HERO_CANDIDATE,"margin 42.8% (price 158.99, cost 90.87); stock us=6594 eu=0 cn=0 effective=6594; variant payload us=15397 total=15397; description 1295 chars, quality_score=76; 14 gallery images + primary","no shipping window on record — conservative shipping score; problem signals: scratch, hide; differentiators: multi-level, furniture, sisal"
41d9da7b-156b-4d22-a1ce-7b8c0c90d3ac,59in-large-tall-christmas-tree-cat-tower-with-2-cat-condos-scratching-post-soft-fleece-cat-tree-with,Christmas Tree Cat Tower for Festive Cat Play & Rest,active,true,cat,Cat Trees & Condos,Pet Supplies > Cat Supplies > Furniture > Cat Trees & Condos,145.99,176.99,83.19,43,1969288100129316866,CJ Dropshipping,unknown,1,207,207,0,0,207,US,true,,10000,15,1396,64,A,true,59in large tall christmas tree cat tower with 2 cat condos  scratching post soft fleece cat tree with teaser toy  sturdy base  builtin openings for indoor cats green,none-detected,24,0,0,0,8,15,10,6,10,8,8,7,5,3,3,83,UNUSABLE_SHIPPING_PROMISE,0,HERO_CANDIDATE,"margin 43.0% (price 145.99, cost 83.19); stock us=207 eu=0 cn=0 effective=207; variant payload us=89 total=89; description 1396 chars, quality_score=64; 15 gallery images + primary","no shipping window on record — conservative shipping score; problem signals: scratch, hide; differentiators: multi-level, furniture, sisal"
787c32a8-1d6f-4479-bf3c-3d3f473681dd,cat-litter-box-easy-to-clean-open-with-scoop-green,Easy-Clean Cat Litter Box – Open Design with Scoop & Green Bin,inactive,false,cat,Cat Litter Boxes,Pet Supplies > Cat Supplies > Litter & Housebreaking > Litter Box,135.99,176.99,77.72,42.8,2008733215771058177,CJ Dropshipping,unknown,1,428,428,0,0,428,US,true,,3000,10,3382,83,C,false,cat litter box easy to clean open with scoop green,confirmed,0,0,0,0,8,15,8,10,6,9,8,7,5,3,3,82,UNUSABLE_SHIPPING_PROMISE|DUPLICATE,1,CORE_CANDIDATE,"margin 42.8% (price 135.99, cost 77.72); stock us=428 eu=0 cn=0 effective=428; variant payload us=161 total=161; description 3382 chars, quality_score=83; 10 gallery images + primary","no shipping window on record — conservative shipping score; problem signals: odor, smell, tracking, litter; differentiators: enclosed, space capsule"
6b8973ab-a651-4e1d-955f-a3984d1b0229,cat-tree-with-litter-box-enclosure-scratching-posts-bed-climbing-platforms-for-indoor-cats-white," Cat Tree with Litter Box Enclosure, Scratching Posts, Bed, Climbing Platforms for Indoor Cats, White",active,true,cat,Cat Trees & Condos,Pet Supplies > Cat Supplies > Cat Furniture > Cat Trees,185.99,239.99,123.68,33.5,2003462848308355073,CJ Dropshipping,available,1,74,74,0,0,74,US,true,,14500,9,1021,86,A,true,cat tree with litter box enclosure scratching posts bed climbing platforms for indoor cats white,none-detected,34,0,0,0,5,15,10,10,7,8,8,7,5,3,3,81,UNUSABLE_SHIPPING_PROMISE|UNACCEPTABLE_MARGIN,1,CORE_CANDIDATE,"margin 33.5% (price 185.99, cost 123.68); stock us=74 eu=0 cn=0 effective=74; variant payload us=109 total=109; description 1021 chars, quality_score=86; 9 gallery images + primary","no shipping window on record — conservative shipping score; problem signals: odor, litter, scratch, hide; differentiators: multi-level, furniture"
05fd6d82-3061-4b74-a00d-5fb74026e896,pawhut-pet-ramp-for-dogs-cats-with-non-slip-carpet-white,Non-Slip Pet Ramp – Carpeted White Ramp for Dogs & Cats,active,true,dog,Dog Houses,Pet Supplies > Dog Supplies > Dog Furniture > Pet Ramps,140.99,178.99,80.42,43,2008018002298974210,CJ Dropshipping,unknown,1,41,41,0,0,41,US,true,,6800,11,3594,87,C,true,pawhut  pet ramp for dogs  cats with nonslip carpet white,none-detected,21,0,0,0,8,15,10,9,4,9,8,7,5,3,3,81,UNUSABLE_SHIPPING_PROMISE,0,CORE_CANDIDATE,"margin 43.0% (price 140.99, cost 80.42); stock us=41 eu=0 cn=0 effective=41; variant payload us=89 total=89; description 3594 chars, quality_score=87; 11 gallery images + primary","no shipping window on record — conservative shipping score; problem signals: anti-slip, non-slip, joint; differentiators: furniture"
128e0207-8a94-4d71-b428-5b7f5002528f,automatic-cat-litter-box-self-cleaning-app-control,GetPawsy Automatic Cat Litter Box – Self-Cleaning with App Control,active,true,cat,Cat Litter Boxes,Pet Supplies > Cat Supplies > Litter & Housebreaking > Automatic Litter Boxes,268.99,345.99,179.37,33.3,1932363743014338561,CJ Dropshipping,available,1,254,254,0,0,254,US,true,,100,15,653,91,A,true,60l automatic cat litter box smart app control deodorizing infrared sensor suitable for multiple cats,none-detected,143,47,0,0,5,15,10,10,7,8,8,7,5,3,3,81,UNUSABLE_SHIPPING_PROMISE|UNACCEPTABLE_MARGIN,1,CORE_CANDIDATE,"margin 33.3% (price 268.99, cost 179.37); stock us=254 eu=0 cn=0 effective=254; variant payload us=256 total=256; description 653 chars, quality_score=91; 15 gallery images + primary","no shipping window on record — conservative shipping score; problem signals: odor, tracking, litter, self-clean; differentiators: automatic, sensor"
463c95f9-ffb2-42a0-971a-88362dc1aa6c,6-in-deep-cat-litter-box-odor-free-litter-box-with-filtering-foot-board,6 In Deep Cat Litter Box Odor-Free Litter Box With Filtering Foot Board,active,true,cat,Cat Litter Boxes,Pet Supplies > Cat Supplies > Litter Supplies > Cat Litter Boxes,114.99,146.99,65.82,42.8,1992900742307684354,CJ Dropshipping,unknown,1,48,48,0,0,48,US,true,,4200,7,1115,88,C,true,6 in deep cat litter box odorfree litter box with filtering foot board,none-detected,18,0,0,0,8,15,10,10,4,8,8,7,5,3,3,81,UNUSABLE_SHIPPING_PROMISE,0,HERO_CANDIDATE,"margin 42.8% (price 114.99, cost 65.82); stock us=48 eu=0 cn=0 effective=48; variant payload us=204 total=204; description 1115 chars, quality_score=88; 7 gallery images + primary","no shipping window on record — conservative shipping score; problem signals: odor, smell, tracking, litter; differentiators: enclosed"
0e10cb66-4d35-4139-bee4-33af881b96cc,cat-litter-box-enclosure-wooden-litter-box-furniture-hidden-2-rooms-black,Cat Litter Box Enclosure Wooden Litter Box Furniture Hidden 2 Rooms Black,active,true,cat,Cat Litter Boxes,Pet Supplies > Cat Supplies > Litter & Waste > Litter Box Enclosures,284.99,345.99,189.82,33.4,1992920203261681665,CJ Dropshipping,unknown,1,44,44,0,0,44,US,true,,22040,7,1112,86,A,true,cat litter box enclosure wooden litter box furniture hidden 2 rooms black,none-detected,50,0,0,0,5,15,10,9,7,8,8,7,5,3,3,80,UNUSABLE_SHIPPING_PROMISE|UNACCEPTABLE_MARGIN,1,CORE_CANDIDATE,"margin 33.4% (price 284.99, cost 189.82); stock us=44 eu=0 cn=0 effective=44; variant payload us=70 total=70; description 1112 chars, quality_score=86; 7 gallery images + primary","no shipping window on record — conservative shipping score; problem signals: odor, tracking, litter; differentiators: hidden, furniture"
f33ae4a9-347b-4a90-872d-597036e6e973,hooded-cat-litter-box-w-litter-mat-litter-particle-catching-gray,Hooded Cat Litter Box – Enclosed Design with Litter Mat,active,true,cat,Cat Litter Boxes,Pet Supplies > Cat Supplies > Litter Supplies > Cat Litter Boxes,128.99,162.99,73.76,42.8,2003462218130956290,CJ Dropshipping,unknown,1,31,31,0,0,31,US,true,,4300,9,487,86,A,true,hooded cat litter box w litter mat litter particle catching gray,none-detected,47,0,0,0,8,15,10,10,4,7,8,7,5,3,3,80,UNUSABLE_SHIPPING_PROMISE,0,HERO_CANDIDATE,"margin 42.8% (price 128.99, cost 73.76); stock us=31 eu=0 cn=0 effective=31; variant payload us=238 total=238; description 487 chars, quality_score=86; 9 gallery images + primary","no shipping window on record — conservative shipping score; problem signals: odor, smell, tracking, litter; differentiators: enclosed"
af8d1243-9e19-49f9-90f5-ac12b7f58fe8,dog-chew-toys-two-pack-dog-toothbrush-care-cleaning-stick-toothbrush-chew-stick-af8d,Durable Dog Toothbrush Chew Toy – Dental Care & Cleaning Stick for Dogs,active,true,dog,Dog Grooming,Pet Supplies > Dog Supplies > Grooming Supplies > Dental Chew Toy,39.95,51.99,15.91,60.2,1976156735535046658,CJ Dropshipping,unknown,2,380,380,0,0,380,US,true,,200,15,1091,89,B1,true,dog chew toys twopack dog toothbrush care cleaning stick toothbrush chew stick for dog dental care safe tooth protection and cleaning suitable for large medium and small dogs and puppies chew sticks,none-detected,22,0,0,0,13,15,10,6,4,8,8,4,5,3,4,80,UNUSABLE_SHIPPING_PROMISE,0,CORE_CANDIDATE,"margin 60.2% (price 39.95, cost 15.91); stock us=380 eu=0 cn=0 effective=380; variant payload us=176 total=176; description 1091 chars, quality_score=89; 15 gallery images + primary","no shipping window on record — conservative shipping score; problem signals: self-clean, dental; differentiators: rotat"
1b1305f3-8b7f-4ca8-a8d1-b534c9d4b3b6,gothic-cat-tree-cat-tower-with-coffin-bed-2-spacious-condos-sisal-scratching-1b13,Gothic Cat Tree Condo – Coffin Bed Tower with Sisal Scratching Posts,active,true,cat,Cat Trees & Condos,Pet Supplies > Cat Supplies > Furniture > Cat Trees & Condos,186.99,235.99,124.38,33.5,2013441243142877186,CJ Dropshipping,unknown,1,89,89,0,0,89,US,true,,17600,12,1019,82,A,true,gothic cat tree cat tower with coffin bed 2 spacious condos sisal scratching posts bat hanging balls halloween,none-detected,20,0,0,0,5,15,10,6,10,8,8,7,5,3,3,80,UNUSABLE_SHIPPING_PROMISE|UNACCEPTABLE_MARGIN,1,CORE_CANDIDATE,"margin 33.5% (price 186.99, cost 124.38); stock us=89 eu=0 cn=0 effective=89; variant payload us=143 total=143; description 1019 chars, quality_score=82; 12 gallery images + primary","no shipping window on record — conservative shipping score; problem signals: scratch, hide; differentiators: multi-level, furniture, sisal"
8e5e6734-4aa0-4107-a17a-577024ae37ef,26-compact-cat-tree-with-2-condos-sisal-scratching-posts-anti-tip-cat-tower-for-8e5e,Compact Cat Tree Condo – Sisal Scratching Post for Small Spaces,active,true,cat,Cat Trees & Condos,Pet Supplies > Cat Supplies > Furniture > Compact Cat Tree Condo,97.49,124.99,55.83,42.7,2013825996444774401,CJ Dropshipping,unknown,1,230,230,0,0,230,US,true,,1000,7,357,92,B1,true,26 compact cat tree with 2 condos  sisal scratching posts antitip cat tower for small spaces,none-detected,30,0,0,0,8,15,10,3,10,8,8,7,5,3,3,80,UNUSABLE_SHIPPING_PROMISE,0,HERO_CANDIDATE,"margin 42.7% (price 97.49, cost 55.83); stock us=230 eu=0 cn=0 effective=230; variant payload us=230 total=230; description 357 chars, quality_score=92; 7 gallery images + primary","no shipping window on record — conservative shipping score; problem signals: scratch; differentiators: enclosed, furniture, sisal"
05556879-2201-4d30-8373-4eded8e7dcb8,covered-cat-litter-box-with-lid-scoop-deodorizing-bags-for-odor-control-privacy-0555,Covered Cat Litter Box – Privacy Hood with Scoop & Deodorizing Bags,inactive,false,cat,Cat Litter Boxes,Pet Supplies > Cat Supplies > Litter > Litter Boxes,98.99,120.99,49.5,50,2008729535508373505,CJ Dropshipping,unknown,1,98,98,0,0,98,US,true,,2200,10,2094,84,C,false,covered cat litter box with lid scoop deodorizing bags for odor control privacy easy to clean green,confirmed,0,0,0,0,8,15,10,9,3,9,8,7,5,3,3,80,UNUSABLE_SHIPPING_PROMISE|DUPLICATE,1,CORE_CANDIDATE,"margin 50.0% (price 98.99, cost 49.5); stock us=98 eu=0 cn=0 effective=98; variant payload us=49 total=49; description 2094 chars, quality_score=84; 10 gallery images + primary","no shipping window on record — conservative shipping score; problem signals: odor, tracking, litter; differentiators: enclosed"
d29a3401-2eb9-4ec1-a106-56b35554febc,81-cat-tree-w-cat-scratching-posts-scratching-board-condos-beds-hammocks-toy-balls-rope-cat-toy-gray,"Cat Tree: 81"" Adventure Playground for Feline Fun",active,true,cat,Cat Trees & Condos,Pet Supplies > Cat Supplies > Cat Furniture > Cat Trees,233.99,302.99,156.3,33.2,2003461472215932930,CJ Dropshipping,unknown,1,84,84,0,0,84,US,true,,21050,9,1599,76,C,true,81 cat tree w cat scratching posts scratching board condos beds hammocks toy balls rope cat toy gray,none-detected,33,0,0,0,5,15,10,3,10,9,8,7,5,3,4,79,UNUSABLE_SHIPPING_PROMISE|UNACCEPTABLE_MARGIN,1,CORE_CANDIDATE,"margin 33.2% (price 233.99, cost 156.3); stock us=84 eu=0 cn=0 effective=84; variant payload us=85 total=85; description 1599 chars, quality_score=76; 9 gallery images + primary","no shipping window on record — conservative shipping score; problem signals: scratch; differentiators: dual, multi-level, furniture, sisal"
631f25a9-35e3-4365-a80c-654dfd4365f7,pawhut-floor-to-ceiling-cat-tree-cat-climbing-tower-with-sisal-covered-631f,Cat Activity Tree – Multi-Level Floor-to-Ceiling Sisal Scratching Posts for Cats,inactive,false,cat,Cat Trees & Condos,Pet Supplies > Cat Supplies > Furniture > Activity Trees,136.99,173.99,78.29,42.8,2008443214763225090,CJ Dropshipping,unavailable,1,36,36,0,0,36,US,true,,8200,11,3315,83,A,false,pawhut floortoceiling cat tree cat climbing tower with sisalcovered scratching posts natural cat tree activity center for kittens cat tower furniture brown,none-detected,0,0,0,0,8,15,8,3,10,9,8,7,5,3,3,79,UNUSABLE_SHIPPING_PROMISE,0,HERO_CANDIDATE,"margin 42.8% (price 136.99, cost 78.29); stock us=36 eu=0 cn=0 effective=36; variant payload us=93 total=93; description 3315 chars, quality_score=83; 11 gallery images + primary","no shipping window on record — conservative shipping score; problem signals: scratch; differentiators: multi-level, furniture, sisal"
fdcb9c5f-8a50-46e7-9cb0-8ecf5a03b8bf,multi-level-cat-tree-with-2-scratching-pads-dual-door-cat-condo-anti-tipping-fdcb,Cat Tree Condo – Multi-Level with 2 Scratching Pads & Anti-Tipping Kit for Cats,active,true,cat,Cat Trees & Condos,Pet Supplies > Cat Supplies > Furniture > Cat Tree Condo,172.99,215.99,99.11,42.7,2013831043873521665,CJ Dropshipping,unknown,1,230,230,0,0,230,US,true,,1000,7,361,84,A,true,multilevel cat tree with 2 scratching pads dualdoor cat condo  antitipping kit for indoor cats,none-detected,27,0,0,0,8,15,10,3,10,7,8,7,5,3,3,79,UNUSABLE_SHIPPING_PROMISE,0,HERO_CANDIDATE,"margin 42.7% (price 172.99, cost 99.11); stock us=230 eu=0 cn=0 effective=230; variant payload us=230 total=230; description 361 chars, quality_score=84; 7 gallery images + primary","no shipping window on record — conservative shipping score; problem signals: scratch; differentiators: multi-level, enclosed, furniture, sisal"
57279fcc-09cb-43a0-84fb-979b32ea6a49,memory-foam-pet-bed-for-small-dogs-cats-with-washable-removable-cover-non-slip-base-waterproof-liner,Memory Foam Pet Bed For Small Dogs & Cats With Washable Removable Cover Non-Slip Base Waterproof Liner,active,true,dog,Dog Beds,Pet Supplies > Dog Supplies > Bed Supplies > Beds,69.49,84.99,34.76,50,1887385492659003394,CJ Dropshipping,unknown,3,4083,4083,0,0,4083,US,true,,1000,14,931,83,C,true,memory foam pet bed for small dogs  cats with washable removable cover nonslip base waterproof liner,none-detected,22,0,0,0,8,15,10,10,1,8,8,7,5,3,3,78,UNUSABLE_SHIPPING_PROMISE,0,CORE_CANDIDATE,"margin 50.0% (price 69.49, cost 34.76); stock us=4083 eu=0 cn=0 effective=4083; variant payload us=18288 total=18288; description 931 chars, quality_score=83; 14 gallery images + primary","no shipping window on record — conservative shipping score; problem signals: odor, non-slip, waterproof, orthopedic"
c8a9adc6-fd11-4e5e-bac3-139982e767dc,85-5-cat-tree-height-adjustable-floor-to-ceiling-4-tier-kitty-climbing-activity-center-condo-cat-toy,Cat Tree Floor-to-Ceiling Climbing Activity Center Condo,active,true,cat,Cat Toys,Pet Supplies > Cat Supplies > Cat Furniture > Cat Trees,129.99,166.99,74.46,42.7,2003460550832201730,CJ Dropshipping,unknown,1,16,16,0,0,16,US,true,,7800,9,1543,68,C,true,855 cat tree height adjustable floortoceiling 4tier kitty climbing activity center condo cat toy with scratching post hanging balls play rest post pet furniture grey,none-detected,22,0,0,0,8,12,10,3,10,8,8,7,5,3,4,78,UNUSABLE_SHIPPING_PROMISE,0,HERO_CANDIDATE,"margin 42.7% (price 129.99, cost 74.46); stock us=16 eu=0 cn=0 effective=16; variant payload us=125 total=125; description 1543 chars, quality_score=68; 9 gallery images + primary","no shipping window on record — conservative shipping score; problem signals: scratch; differentiators: multi-level, furniture, sisal"
fe5ed2d6-0230-4c5a-8313-235a28ef4f21,xl-stainless-steel-cat-litter-box-flip-top,GetPawsy Enclosed Cat Litter Box – XL Stainless Steel Flip Top for Large Cats,active,true,cat,Cat Litter Boxes,Pet Supplies > Cat Supplies > Litter & Housebreaking > Litter Boxes,112.99,138.99,64.63,42.8,2004080752018214914,CJ Dropshipping,unavailable,1,40,40,0,0,40,US,true,,4700,9,339,91,A,true,xl stainless steel litter box w  flip top scoop step top  side entry enclosed litter box for big cats,none-detected,51,0,0,0,8,15,10,6,7,7,8,7,5,3,2,78,UNUSABLE_SHIPPING_PROMISE,0,HERO_CANDIDATE,"margin 42.8% (price 112.99, cost 64.63); stock us=40 eu=0 cn=0 effective=40; variant payload us=168 total=168; description 339 chars, quality_score=91; 9 gallery images + primary","no shipping window on record — conservative shipping score; problem signals: odor, litter; differentiators: flip, enclosed; inventory sync stale or never run"
352ddb8f-89f6-41b1-86b8-25af8ab1adb1,tall-cat-tree-ufo-perch-space-capsule-sisal,GetPawsy UFO Cat Tree Condo – 49 Inch Activity Center with Sisal Posts,active,true,cat,Cat Trees & Condos,Pet Supplies > Cat Supplies > Furniture > Cat Trees & Condos,207.99,254.99,138.98,33.2,1903377953024245761,CJ Dropshipping,available,1,0,80,0,0,80,US,true,,13607,11,646,86,A,true,49 inches tall cat tree with ufo top perch space capsule and sisal scratching posts,none-detected,36,0,0,0,5,15,8,6,10,8,8,7,5,3,3,78,UNUSABLE_SHIPPING_PROMISE|UNACCEPTABLE_MARGIN,1,CORE_CANDIDATE,"margin 33.2% (price 207.99, cost 138.98); stock us=80 eu=0 cn=0 effective=80; variant payload us=80 total=80; description 646 chars, quality_score=86; 11 gallery images + primary","no shipping window on record — conservative shipping score; problem signals: scratch, hide; differentiators: multi-level, enclosed, furniture, sisal"
42eb633a-5a59-4b27-a512-4291b85fda86,102-adjustable-height-floor-to-ceiling-cat-tree-5-level-cat-tower-with-scratching-posts-hammock-beig,Floor-to-Ceiling Cat Tree – 5-Level Beige Cat Tower,active,true,cat,Cat Trees & Condos,Pet Supplies > Cat Supplies > Furniture > Cat Tree,137.99,,79.12,42.7,2003459966678900737,CJ Dropshipping,available,1,210,210,0,0,210,US,true,,8640,9,2858,80,A,true,102 adjustable height floor to ceiling cat tree 5 level cat tower with scratching posts hammock beige,none-detected,38,2,0,0,8,15,10,3,7,9,8,7,5,3,3,78,UNUSABLE_SHIPPING_PROMISE,0,HERO_CANDIDATE,"margin 42.7% (price 137.99, cost 79.12); stock us=210 eu=0 cn=0 effective=210; variant payload us=151 total=151; description 2858 chars, quality_score=80; 9 gallery images + primary","no shipping window on record — conservative shipping score; problem signals: scratch; differentiators: furniture, sisal"
36ee3884-9382-47ab-a5c6-b4d16368849d,made4pets-56-inch-pet-cat-tree-for-indoor-cats-multi-level-cat-tree-with-2-apartments-cat-activity-c,Indoor Cat Tree: Multi-Level Escape for Endless Fun,active,true,cat,Cat Trees & Condos,Pet Supplies > Cat Supplies > Furniture Supplies > Cat Trees,164.99,210.99,94.21,42.9,1947959241977458689,CJ Dropshipping,unknown,1,25,25,0,0,25,unknown,true,,13100,13,926,,A,true,made4pets 56inch pet cat tree for indoor cats multilevel cat tree with 2 apartments cat activity center with scratching posts and toys light gray,none-detected,31,0,0,0,8,15,10,6,10,3,8,7,5,3,3,78,UNUSABLE_SHIPPING_PROMISE,0,HERO_CANDIDATE,"margin 42.9% (price 164.99, cost 94.21); stock us=25 eu=0 cn=0 effective=25; variant payload us=25 total=25; description 926 chars, quality_score=n/a; 13 gallery images + primary","no shipping window on record — conservative shipping score; problem signals: scratch, shed; differentiators: multi-level, furniture, sisal; no quality/readiness score — spec confidence from copy length only"
84be6648-7fd6-4b18-bdd7-ff9df7907892,cat-puzzle-toy-with-ball-and-spring-loaded-wand-felt-indoor-cat-toy-box-suction-84be,Interactive Cat Puzzle Toy – Treat Dispensing Ball & Spring Wand for Enrichment,active,true,cat,Cat Toys,Pet Supplies > Cat Supplies > Cat Toys > Puzzle Toys,45.99,57.99,18.55,59.7,1993160057093906434,CJ Dropshipping,unknown,2,120,120,0,0,120,US,true,,300,20,1375,87,A,true,cat puzzle toy with ball and springloaded wand felt indoor cat toy box suction cup base treat puzzle helps cats play independently and improves their intelligence,none-detected,16,0,0,0,11,15,10,0,7,9,8,7,5,3,3,78,UNUSABLE_SHIPPING_PROMISE,0,HERO_CANDIDATE,"margin 59.7% (price 45.99, cost 18.55); stock us=120 eu=0 cn=0 effective=120; variant payload us=180 total=180; description 1375 chars, quality_score=87; 20 gallery images + primary","no shipping window on record — conservative shipping score; differentiators: furniture, sensor"
06f5e022-4ce1-4d6d-bb68-b4d9b05e96c8,wooden-pet-house-cat-litter-box-enclosure-with-drawer-side-table-indoor-pet-06f5,"Cat Litter Box Enclosure, Hidden Furniture With Drawer",active,true,unknown,Cat Litter Boxes,Pet Supplies > Cat Supplies > Litter & Waste > Litter Box Enclosures,149.99,187.49,63.95,57.4,2034101130148364290,CJ Dropshipping,available,1,118,118,0,0,118,US,true,,7,5,277,83,C,true,,none-detected,26,0,0,0,11,15,10,3,7,7,6,7,5,5,2,78,UNUSABLE_SHIPPING_PROMISE,0,CORE_CANDIDATE,"margin 57.4% (price 149.99, cost 63.95); stock us=118 eu=0 cn=0 effective=118; variant payload us=28 total=28; description 277 chars, quality_score=83; 5 gallery images + primary","no shipping window on record — conservative shipping score; problem signals: litter; differentiators: hidden, furniture; inventory sync stale or never run"
b7e7c3af-2ea9-4483-91e2-bc974b1d3b01,floor-to-ceiling-cat-tree-cat-climbing-tower-with-sisal-covered-scratching-posts-natural-cat-tree-ac,Cat Tree Tower: Floor-to-Ceiling Climbing & Scratching Fun,active,true,cat,Cat Trees & Condos,Pet Supplies > Cat Supplies > Beds & Furniture > Trees & Condos,135.99,168.99,77.46,43,2003460357748092930,CJ Dropshipping,unknown,1,166,166,0,0,166,US,true,,8750,9,2209,62,A,true,floortoceiling cat tree cat climbing tower with sisalcovered scratching posts natural cat tree activity center for kittens cat tower furniture light brown,none-detected,25,0,0,0,8,15,10,3,7,8,8,7,5,3,4,78,UNUSABLE_SHIPPING_PROMISE,0,HERO_CANDIDATE,"margin 43.0% (price 135.99, cost 77.46); stock us=166 eu=0 cn=0 effective=166; variant payload us=148 total=148; description 2209 chars, quality_score=62; 9 gallery images + primary","no shipping window on record — conservative shipping score; problem signals: scratch; differentiators: furniture, sisal"
1b218ab0-19b5-4ae5-a227-8099f2e2f00c,covered-cat-litter-box-with-lid-drawer-scoop-top-entry-deodorizing-bags-odor-control-easy-to-clean-g,Cat Litter Box with Top Entry & Odor Control,active,true,cat,Cat Litter Boxes,Pet Supplies > Cat Supplies > Litter & Housebreaking > Litter Boxes,89.49,115.99,51.16,42.8,2003462558293204994,CJ Dropshipping,unknown,1,84,84,0,0,84,US,true,,2650,9,2439,79,C,true,covered cat litter box with lid drawer scoop top entry deodorizing bags odor control easy to clean gray,none-detected,22,0,0,0,8,15,10,6,4,9,8,7,5,3,3,78,UNUSABLE_SHIPPING_PROMISE,0,HERO_CANDIDATE,"margin 42.8% (price 89.49, cost 51.16); stock us=84 eu=0 cn=0 effective=84; variant payload us=192 total=192; description 2439 chars, quality_score=79; 9 gallery images + primary","no shipping window on record — conservative shipping score; problem signals: odor, litter; differentiators: enclosed"
7d9f80b1-1dd5-4929-8c59-f482bd476ae6,dark-gray-33-5-multi-level-cat-tree-with-2-tier-condo-sisal-scratching-posts-7d9f,Cat Tree Tower Condo – 2-Tier 33.5-Inch Dark Gray with Sisal Scratching Posts for Cats,active,true,cat,Cat Trees & Condos,Pet Supplies > Cat Supplies > Furniture > Cat Tree Tower Condo,119.99,148.99,68.3,43.1,2013830447129800705,CJ Dropshipping,unknown,1,230,230,0,0,230,US,true,,1000,7,953,,B1,true,dark gray 335 multilevel cat tree with 2tier condo sisal scratching posts  antitoppling device for cats,none-detected,18,0,0,0,8,15,10,6,10,3,8,7,5,3,3,78,UNUSABLE_SHIPPING_PROMISE,0,HERO_CANDIDATE,"margin 43.1% (price 119.99, cost 68.3); stock us=230 eu=0 cn=0 effective=230; variant payload us=230 total=230; description 953 chars, quality_score=n/a; 7 gallery images + primary","no shipping window on record — conservative shipping score; problem signals: scratch, hide; differentiators: multi-level, furniture, sisal; no quality/readiness score — spec confidence from copy length only"
990120b5-7d3d-442e-bf2f-19d6845ab2d4,dog-puzzle-toys-interactive-treat-puzzle-dog-enrichment-toys-for-large-medium-9901,Interactive Dog Puzzle Toy – Treat Dispensing Enrichment for Dogs,active,true,dog,Dog Toys,Pet Supplies > Dog Supplies > Dog Toys > Puzzle Toys,54.49,68.99,27.29,49.9,2008464461879304193,CJ Dropshipping,unknown,1,270,270,0,0,270,US,true,,800,8,1459,89,A,true,dog puzzle toys interactive treat puzzle dog enrichment toys for large medium small dogs,none-detected,22,0,0,0,8,15,10,9,4,9,8,4,5,3,3,78,UNUSABLE_SHIPPING_PROMISE,0,CORE_CANDIDATE,"margin 49.9% (price 54.49, cost 27.29); stock us=270 eu=0 cn=0 effective=270; variant payload us=271 total=271; description 1459 chars, quality_score=89; 8 gallery images + primary","no shipping window on record — conservative shipping score; problem signals: odor, smell, anti-slip; differentiators: hidden"
1cebc2d5-1e84-4002-a062-4b747c36cab4,1set-electric-dog-fence-system-pet-tone-shock-boundary-containment-water-resistant-collar-receiver-f,1Set Electric Dog Fence System Pet Tone Shock Boundary Containment Water Resistant Collar Receiver For Small Medium Large Dog,active,true,dog,Dog Collars & Leashes,Pet Supplies > Dog Supplies > Collars & Leashes > Electric Fences,45.95,59.99,18.35,60.1,1948298033270251522,CJ Dropshipping,unknown,2,422,422,0,0,422,US,true,,234,22,4000,,A,true,1set electric dog fence system pet tone shock boundary containment water resistant collar receiver for small medium large dog,none-detected,29,0,0,0,13,15,10,3,10,4,8,4,5,3,3,78,UNUSABLE_SHIPPING_PROMISE,0,CORE_CANDIDATE,"margin 60.1% (price 45.95, cost 18.35); stock us=422 eu=0 cn=0 effective=422; variant payload us=286 total=286; description 4000 chars, quality_score=n/a; 22 gallery images + primary","no shipping window on record — conservative shipping score; problem signals: hair; differentiators: dual, furniture, automatic; no quality/readiness score — spec confidence from copy length only"
46ad1184-55d2-452b-9d7f-9f07b12520fd,professional-dog-grooming-clippers-with-2-5l-cup-3-suction-modes-cordless-clippers-5-groomer-tools-l,Professional Dog Grooming Kit For Stress-Free Trimming,active,true,dog,Dog Grooming,Pet Supplies > Dog Supplies > Grooming > Clippers,120,150,48,60,2020028226338578434,CJ Dropshipping,unknown,2,2553,2553,0,0,2553,US,true,,,13,2572,62,C,true,professional-dog-grooming-clippers-with-2-5l-cup-3-suction-modes-cordless-clippers-5-groomer-tools-l,none-detected,30,0,0,0,13,15,10,3,4,8,8,7,2,4,3,77,UNUSABLE_SHIPPING_PROMISE,0,CORE_CANDIDATE,"margin 60.0% (price 120, cost 48); stock us=2553 eu=0 cn=0 effective=2553; variant payload us=7508 total=7508; description 2572 chars, quality_score=62; 13 gallery images + primary",no shipping window on record — conservative shipping score; problem signals: hair; differentiators: dual; no weight on record — damage risk partly inferred
b9a3b924-2683-4e76-8a8c-9c00410562a3,1pc-984ft-dog-training-collar-ip65-waterproof-pet-beep-vibration-electric-shock-b9a3,"Waterproof Dog Training Collar – Remote Trainer with Beep, Vibration & Electric Shock",inactive,false,dog,Dog Collars & Leashes,Pet Supplies > Dog Supplies > Training & Behavior Aids > Electric Dog Collars,69.99,86.99,35.2,49.7,1948315231075790850,CJ Dropshipping,unknown,1,44,44,0,0,44,US,true,,319,13,4000,90,A,false,1pc 984ft dog training collar ip65 waterproof pet beep vibration electric shock collar 3 channels rechargeable transmitter receiver trainer with recording safety keypad lock,none-detected,0,0,0,0,8,15,10,6,4,9,8,7,5,3,2,77,UNUSABLE_SHIPPING_PROMISE|INVENTORY_BLOCKED,1,CORE_CANDIDATE,"margin 49.7% (price 69.99, cost 35.2); stock us=44 eu=0 cn=0 effective=44; variant payload us=0 total=0; description 4000 chars, quality_score=90; 13 gallery images + primary","no shipping window on record — conservative shipping score; problem signals: waterproof, dental; differentiators: dual; inventory sync stale or never run"
908bb847-5058-4219-bebc-0d77bb2beede,5-level-revolving-stair-cat-tree-scratcher-climbing-activity-tower-with-play-908b,Cat Tree Condo – 5-Level Revolving Scratcher & Climbing Tower with Perch for Cats,active,true,cat,Cat Trees & Condos,Pet Supplies > Cat Supplies > Furniture > Cat Tree,116.18,145.23,46.47,60,2023778973457342465,CJ Dropshipping,unavailable,1,73,73,0,0,73,US,true,,,12,1125,,C,true,,none-detected,26,0,0,0,13,15,10,3,7,3,8,7,5,4,2,77,UNUSABLE_SHIPPING_PROMISE,0,HERO_CANDIDATE,"margin 60.0% (price 116.18, cost 46.47); stock us=73 eu=0 cn=0 effective=73; variant payload us=11 total=11; description 1125 chars, quality_score=n/a; 12 gallery images + primary","no shipping window on record — conservative shipping score; problem signals: scratch; differentiators: furniture, sisal; no quality/readiness score — spec confidence from copy length only; no weight on record — damage risk partly inferred; inventory sync stale or never run"
fdf2fba4-8e35-4599-93f7-e00af87e40c1,pet-clothes-dog-anxiety-jacket-warm-vest,Calming Dog Jacket – Warm Anxiety Relief Vest for Dogs,active,true,dog,Dog Carriers,Pet Supplies > Dog Supplies > Clothing > Anxiety Vests,24.99,30.99,8.35,66.6,2407180220271601600,CJ Dropshipping,available,6,227,227,0,89835,227,US,true,,46,6,1147,92,A,true,pet clothes dog anxiety jacket warm vest,none-detected,24,0,0,0,13,15,10,6,1,9,8,4,5,3,3,77,UNUSABLE_SHIPPING_PROMISE,0,CORE_CANDIDATE,"margin 66.6% (price 24.99, cost 8.35); stock us=227 eu=0 cn=89835 effective=227; variant payload us=251 total=251; description 1147 chars, quality_score=92; 6 gallery images + primary","no shipping window on record — conservative shipping score; problem signals: anxiety, calming"
4f55e914-1117-4b68-aa42-ff5911659028,78-gothic-cat-tree-cat-tower-with-coffin-bed-2-spacious-condos-sisal-scratching-posts-bat-hanging-ba,Cat Tower: Gothic Coffin Bed for Playful Cats,active,true,cat,Cat Trees & Condos,Pet Supplies > Cat Supplies > Cat Furniture > Cat Trees,190.99,238.99,127.38,33.3,2003461585163104257,CJ Dropshipping,available,1,174,174,0,0,174,US,true,,18600,9,893,82,A,true,78 gothic cat tree cat tower with coffin bed 2 spacious condos sisal scratching posts bat hanging balls halloween,none-detected,19,0,0,0,5,15,10,3,10,8,8,7,5,3,3,77,UNUSABLE_SHIPPING_PROMISE|UNACCEPTABLE_MARGIN,1,CORE_CANDIDATE,"margin 33.3% (price 190.99, cost 127.38); stock us=174 eu=0 cn=0 effective=174; variant payload us=618 total=618; description 893 chars, quality_score=82; 9 gallery images + primary","no shipping window on record — conservative shipping score; problem signals: scratch; differentiators: multi-level, furniture, sisal"
274d17f0-2928-431d-9ff5-a1573cefe353,984ft-dog-training-collar-ip65-waterproof-pet-beep-vibration-electric-shock-274d,"Waterproof Dog Training Collar – Remote Pet Trainer with Beep, Vibration & Shock",inactive,false,dog,Dog Training,Pet Supplies > Dog Supplies > Training & Behavior Aids > Electric Dog Collars,83.95,102.99,41.88,50.1,1990616437075648514,CJ Dropshipping,unknown,1,230,230,0,0,230,US,true,,1000,6,1062,88,B1,false,984ft dog training collar ip65 waterproof pet beep vibration electric shock collar 3 channels rechargeable transmitter receiver trainer with recording safety keypad lock,none-detected,0,0,0,0,11,15,10,6,1,8,8,7,5,3,3,77,UNUSABLE_SHIPPING_PROMISE|INVENTORY_BLOCKED,1,CORE_CANDIDATE,"margin 50.1% (price 83.95, cost 41.88); stock us=230 eu=0 cn=0 effective=230; variant payload us=230 total=230; description 1062 chars, quality_score=88; 6 gallery images + primary","no shipping window on record — conservative shipping score; problem signals: waterproof, dental"
ff1dce32-3b00-4564-a65c-ba29d5a648f4,fashionable-new-tactical-collar-allows-you-to-better-control-your-beloved-dog,Tactical Dog Collar – Fashionable Control Collar for Dogs,active,true,dog,Dog Collars & Leashes,"Pet Supplies > Dog Supplies > Collars, Leashes & Harnesses > Dog Collars",33.95,42.99,13.49,60.3,1996774539487653890,CJ Dropshipping,unknown,9,900,900,0,0,900,US,true,,90,10,973,92,A,true,fashionable new tactical collar allows you to better control your beloved dog,none-detected,28,0,0,0,13,15,10,3,1,9,8,7,5,3,3,77,UNUSABLE_SHIPPING_PROMISE,0,CORE_CANDIDATE,"margin 60.3% (price 33.95, cost 13.49); stock us=900 eu=0 cn=0 effective=900; variant payload us=900 total=900; description 973 chars, quality_score=92; 10 gallery images + primary",no shipping window on record — conservative shipping score; problem signals: shed
4ad8def7-0010-41c3-8efe-252c1d15ee75,elevated-cat-bed-with-rotatable-egg-chair-pod-cat-basket-bed-with-thick-cushion-natural-mat-grass-wo,Elevated Cat Bed with Rotatable Pod for Cozy Comfort,active,true,cat,Cat Beds,Pet Supplies > Cat Supplies > Beds > Elevated Beds,138.99,167.99,79.57,42.8,2003459906767462401,CJ Dropshipping,available,1,114,114,0,0,114,US,true,,4600,9,1052,81,C,true,elevated cat bed with rotatable egg chair pod cat basket bed with thick cushion natural mat grass woven kitty house brown,none-detected,17,0,0,0,8,15,10,6,4,8,8,7,5,3,3,77,UNUSABLE_SHIPPING_PROMISE,0,HERO_CANDIDATE,"margin 42.8% (price 138.99, cost 79.57); stock us=114 eu=0 cn=0 effective=114; variant payload us=280 total=280; description 1052 chars, quality_score=81; 9 gallery images + primary","no shipping window on record — conservative shipping score; problem signals: hair, hide; differentiators: rotat"
f384c82f-b049-48c2-a769-b6ec96bf3ca5,s-m-l-dog-collar-leather-dog-collar-for-small-medium-and-large-dogs-basic-f384,Adjustable Dog Collar – Leather Basic Collar for All Dog Sizes,active,true,dog,Dog Collars & Leashes,Pet Supplies > Dog Supplies > Collars & Leashes > Dog Collars,39.95,49.99,15.99,60,2013896991717306369,CJ Dropshipping,unknown,3,125,125,0,0,125,US,true,,200,9,949,88,A,true,s m l dog collar leather dog collar for small medium and large dogs basic collar adjustable pet collar,none-detected,16,0,0,0,11,15,10,9,1,8,8,4,5,3,3,77,UNUSABLE_SHIPPING_PROMISE,0,CORE_CANDIDATE,"margin 60.0% (price 39.95, cost 15.99); stock us=125 eu=0 cn=0 effective=125; variant payload us=138 total=138; description 949 chars, quality_score=88; 9 gallery images + primary","no shipping window on record — conservative shipping score; problem signals: odor, smell, hair"
4cfa9189-9686-4649-b1bf-53fb7ecaa88f,29-moon-star-cat-tree-with-4-levels-jute-scratching-posts-anti-tipping-device-4cfa,Cat Tree Condo – 4-Level Moon & Star Jute Scratching Tower for Cats,active,true,cat,Cat Trees & Condos,Pet Supplies > Cat Supplies > Furniture > Cat Tree,103.99,134.99,59.52,42.8,2013825921551282177,CJ Dropshipping,available,1,230,230,0,0,230,US,true,,1000,7,992,88,B1,true,29 moon  star cat tree with 4 levels jute scratching posts  antitipping device for kittens  adultsblue,none-detected,23,0,0,0,8,15,10,3,7,8,8,7,5,3,3,77,UNUSABLE_SHIPPING_PROMISE,0,HERO_CANDIDATE,"margin 42.8% (price 103.99, cost 59.52); stock us=230 eu=0 cn=0 effective=230; variant payload us=230 total=230; description 992 chars, quality_score=88; 7 gallery images + primary","no shipping window on record — conservative shipping score; problem signals: scratch; differentiators: multi-level, furniture"
1daefaa0-7892-4760-87a9-0aa34c49c767,stainless-steel-cat-litter-box-with-lid-large-cat-litter-box-for-big-cats-scoop-and-mat-included,"Stainless Steel Cat Litter Box With Lid, Large Cat Litter Box For Big Cats, Scoop And Mat Included",active,true,cat,Cat Litter Boxes,Pet Supplies > Cat Supplies > Litter & Housebreaking > Litter Boxes,96.99,122.99,48.7,49.8,1976569563728994306,CJ Dropshipping,unknown,3,4658,4658,0,0,4658,US,true,,3397,22,1020,83,A,true,stainless steel cat litter box with lid large cat litter box for big cats scoop and mat included,none-detected,24,2,0,0,8,15,10,9,1,8,8,7,5,3,3,77,UNUSABLE_SHIPPING_PROMISE,0,HERO_CANDIDATE,"margin 49.8% (price 96.99, cost 48.7); stock us=4658 eu=0 cn=0 effective=4658; variant payload us=8431 total=8431; description 1020 chars, quality_score=83; 22 gallery images + primary","no shipping window on record — conservative shipping score; problem signals: odor, tracking, litter"
5fbe1444-0287-4f83-ba82-3a2396e58bfc,2pack-2026-upgraded-rechargeable-ultrasonic-bat-repellent-indoor-outdoor-bird-5fbe,Ultrasonic Pest Repellent – Rechargeable Indoor Outdoor Device for Pets,active,true,dog,Small Pet Accessories,Pet Supplies > Multi-Pet Supplies > Pest Control > Repellents,74.97,93.71,29.99,60,2025062297014394882,CJ Dropshipping,unknown,1,115,115,0,0,115,US,true,,,10,3861,,B1,true,,none-detected,53,0,0,0,11,15,10,9,1,4,8,7,5,4,3,77,UNUSABLE_SHIPPING_PROMISE,0,CORE_CANDIDATE,"margin 60.0% (price 74.97, cost 29.99); stock us=115 eu=0 cn=0 effective=115; variant payload us=268 total=268; description 3861 chars, quality_score=n/a; 10 gallery images + primary","no shipping window on record — conservative shipping score; problem signals: odor, shed, waterproof; no quality/readiness score — spec confidence from copy length only; no weight on record — damage risk partly inferred"
22c97654-a505-489f-bf96-81d4ceb17d71,halloween-cat-climbing-frame-gothic-cat-tree-cat-tower-with-spacious-cat-condo-2-padded-perches-spid,"Cat Tree with Condo, Perches, Toys & Scratching Posts",active,true,cat,Cat Trees & Condos,Pet Supplies > Cat Supplies > Furniture > Cat Trees & Condos,96.99,125.99,55.66,42.6,1953004577532116994,CJ Dropshipping,unknown,1,48,48,0,0,48,US,true,,6200,12,1015,78,C,true,halloween cat climbing frame gothic cat tree cat tower with spacious cat condo 2 padded perches spider toy scratching posts scratching ladder for large cats red  black,none-detected,19,0,0,0,8,15,10,6,4,8,8,7,5,3,3,77,UNUSABLE_SHIPPING_PROMISE,0,HERO_CANDIDATE,"margin 42.6% (price 96.99, cost 55.66); stock us=48 eu=0 cn=0 effective=48; variant payload us=270 total=270; description 1015 chars, quality_score=78; 12 gallery images + primary","no shipping window on record — conservative shipping score; problem signals: scratch, hide; differentiators: furniture"
98b38d93-007e-442e-b1fc-aec871b899c7,65-corner-modern-cat-tree-tall-for-climbing-large-multilevel-cat-tower-with-98b3,Cat Tree Condo – Multi-Level 65-Inch with Sisal Scratching Posts for Cats,active,true,cat,Cat Trees & Condos,Pet Supplies > Cat Supplies > Furniture > Cat Tree,218.99,266.99,146.28,33.2,2003460849928019970,CJ Dropshipping,unknown,1,96,96,0,0,96,US,true,,17000,9,1033,89,A,true,65 corner modern cat tree tall for climbing large multilevel cat tower with scratching posts smallfit kitten tower with sisal cream white,none-detected,23,0,0,0,5,15,10,3,10,8,8,7,5,3,3,77,UNUSABLE_SHIPPING_PROMISE|UNACCEPTABLE_MARGIN,1,CORE_CANDIDATE,"margin 33.2% (price 218.99, cost 146.28); stock us=96 eu=0 cn=0 effective=96; variant payload us=292 total=292; description 1033 chars, quality_score=89; 9 gallery images + primary","no shipping window on record — conservative shipping score; problem signals: scratch; differentiators: multi-level, furniture, sisal"
be3b437a-a9f2-48af-9ede-61f2d8ec0e7a,elevated-cat-bed-with-sisal-scratching-post-for-indoor-kitties-modern-cat-tree-be3b,Modern Cat Tree Condo – Elevated Sisal Scratching Post with Basket & Toy Ball,active,true,cat,Cat Trees & Condos,Pet Supplies > Cat Supplies > Furniture Supplies > Cat Trees,130.99,160.99,75.1,42.7,2010536558008442882,CJ Dropshipping,available,1,41,41,0,0,41,US,true,,5200,10,3482,82,A,true,elevated cat bed with sisal scratching post for indoor kitties modern cat tree with cute basket design small cat tree with ball toy,none-detected,32,0,0,0,8,15,10,3,7,9,8,7,5,3,2,77,UNUSABLE_SHIPPING_PROMISE,0,HERO_CANDIDATE,"margin 42.7% (price 130.99, cost 75.1); stock us=41 eu=0 cn=0 effective=41; variant payload us=8 total=8; description 3482 chars, quality_score=82; 10 gallery images + primary","no shipping window on record — conservative shipping score; problem signals: scratch; differentiators: furniture, sisal; inventory sync stale or never run"
11758292-6f06-492c-88a7-0acdeb5e417e,multi-level-cat-tree-hammock-sisal-posts,GetPawsy Natural Pear Wood Cat Tree – Multi-Level Tower with Sisal Scratching Posts,active,true,cat,Cat Trees & Condos,Pet Supplies > Cat Supplies > Furniture > Cat Trees & Condos,226.99,287.99,151.29,33.3,1996058560674942978,CJ Dropshipping,unknown,1,85,85,0,0,85,US,true,,11960,12,706,91,A,true,multilevel natural pear wood cat tree sisal scratching posts plush balls long plush fabric,none-detected,39,0,0,0,5,15,10,3,10,8,8,7,5,3,3,77,UNUSABLE_SHIPPING_PROMISE|UNACCEPTABLE_MARGIN,1,CORE_CANDIDATE,"margin 33.3% (price 226.99, cost 151.29); stock us=85 eu=0 cn=0 effective=85; variant payload us=85 total=85; description 706 chars, quality_score=91; 12 gallery images + primary","no shipping window on record — conservative shipping score; problem signals: scratch; differentiators: multi-level, furniture, sisal"
74e9c23c-d2d3-478a-82bd-e912e85bcc39,cat-stainless-steel-cat-litter-box-for-big-cats-with-flip-cover,Stainless Steel Cat Litter Box – Extra Large with Flip Cover for Big Cats,active,false,unknown,Cat Litter Boxes,Pet Supplies > Cat Supplies > Litter & Housebreaking > Litter Boxes,149.99,187.49,84.95,43.4,2034455988821331970,CJ Dropshipping,unavailable,1,0,0,0,0,0,none,false,,3500,8,1253,90,B1,true,,none-detected,0,0,0,0,8,6,10,9,10,9,8,7,5,3,2,77,NO_REAL_STOCK|NO_US_DELIVERY_PATH|UNUSABLE_SHIPPING_PROMISE,2,LONGTAIL,"margin 43.4% (price 149.99, cost 84.95); stock us=0 eu=0 cn=0 effective=0; variant payload us=100 total=100; description 1253 chars, quality_score=90; 8 gallery images + primary","column stock is 0 but CJ variant payload reports 100 US units — needs re-sync before trusting; no shipping window on record — conservative shipping score; problem signals: odor, litter, scratch; differentiators: flip, enclosed, furniture, transparent; inventory sync stale or never run"
d708b811-825b-433f-96ec-307398ea570f,cat-litter-box-with-lid-with-scoop-and-filter-pink," Cat Litter Box with Lid with Scoop and Filter, Pink",active,true,cat,Cat Litter Boxes,Pet Supplies > Cat Supplies > Litter & Housebreaking > Litter Boxes,121.99,150.99,69.93,42.7,2003461860391055362,CJ Dropshipping,unknown,1,261,261,0,0,261,US,true,,4000,9,955,,C,true,cat litter box with lid with scoop and filter pink,none-detected,19,0,0,0,8,15,10,10,4,3,8,7,5,3,4,77,UNUSABLE_SHIPPING_PROMISE,0,HERO_CANDIDATE,"margin 42.7% (price 121.99, cost 69.93); stock us=261 eu=0 cn=0 effective=261; variant payload us=164 total=164; description 955 chars, quality_score=n/a; 9 gallery images + primary","no shipping window on record — conservative shipping score; problem signals: odor, smell, tracking, litter; differentiators: enclosed; no quality/readiness score — spec confidence from copy length only"
a63fb757-83f0-4987-8352-3d6631654f65,covered-cat-litter-box-with-lid-scoop-deodorizing-bags-for-odor-control-privacy-easy-to-clean-gray-1," Covered Cat Litter Box with Lid, Scoop, Deodorizing Bags for Odor Control, Privacy, Easy to Clean, Gray",inactive,false,cat,Cat Litter Boxes,Pet Supplies > Cat Supplies > Litter & Waste > Cat Litter Boxes,85.49,108.99,42.86,49.9,2003462526965948417,CJ Dropshipping,unknown,1,212,212,0,0,212,US,true,,2650,9,1014,87,C,false,covered cat litter box with lid scoop deodorizing bags for odor control privacy easy to clean gray,confirmed,0,0,0,0,8,15,10,10,0,8,8,7,5,3,3,77,UNUSABLE_SHIPPING_PROMISE|DUPLICATE,1,CORE_CANDIDATE,"margin 49.9% (price 85.49, cost 42.86); stock us=212 eu=0 cn=0 effective=212; variant payload us=294 total=294; description 1014 chars, quality_score=87; 9 gallery images + primary","no shipping window on record — conservative shipping score; problem signals: odor, smell, tracking, litter"
54e8ae20-0a7d-47b5-8eb9-1193cacb5263,fully-enclosed-cat-litter-box-with-lid-drawer-design-covered-litter-box-anti-leakage-anti-splashing-," Fully Enclosed Cat Litter Box with Lid & Drawer Design, Covered Litter Box Anti-Leakage, Anti-Splashing, for Indoor Cats from Kitten to Adult, with Scoop & Mat, Easy Clean, Odor Control, Green",active,true,cat,Cat Litter Boxes,,118.99,144.99,68.27,42.6,2003461827619041281,CJ Dropshipping,unknown,1,244,244,0,0,244,US,true,,4000,9,916,,A,true,fully enclosed cat litter box with lid  drawer design covered litter box antileakage antisplashing for indoor cats from kitten to adult with scoop  mat easy clean odor control green,none-detected,28,0,0,0,8,15,10,10,4,3,8,7,5,3,3,76,UNUSABLE_SHIPPING_PROMISE,0,HERO_CANDIDATE,"margin 42.6% (price 118.99, cost 68.27); stock us=244 eu=0 cn=0 effective=244; variant payload us=206 total=206; description 916 chars, quality_score=n/a; 9 gallery images + primary","no shipping window on record — conservative shipping score; problem signals: odor, smell, splash, litter; differentiators: enclosed; no quality/readiness score — spec confidence from copy length only"
6f44ee1c-251c-4895-b281-50f3320eb98b,elevated-dog-bowls-large-breed-raised-dogs-bowl-stand-with-2-stainless-steel-6f44,Elevated Dog Bowls – Raised Stand with Stainless Steel Bowls for Dogs,active,true,dog,Dog Bowls & Feeders,Pet Supplies > Dog Supplies > Feeding Supplies > Pet Bowls,173.99,217.99,99.23,43,2010651291299913729,CJ Dropshipping,unknown,1,77,77,0,0,77,US,true,,10380,11,3779,84,A,true,elevated dog bowls large breed raised dogs bowl stand with 2 stainless steel bowls storage drawer and slow feeder mat,none-detected,24,0,0,0,8,15,8,6,7,9,8,4,5,3,3,76,UNUSABLE_SHIPPING_PROMISE,0,CORE_CANDIDATE,"margin 43.0% (price 173.99, cost 99.23); stock us=77 eu=0 cn=0 effective=77; variant payload us=90 total=90; description 3779 chars, quality_score=84; 11 gallery images + primary","no shipping window on record — conservative shipping score; problem signals: non-slip, slow feeder; differentiators: dual, hidden"
1b572e81-f499-4a46-a91b-2f2c2e55a79d,covered-cat-litter-box-with-lid-scoop-deodorizing-bags-for-odor-control-privacy-easy-to-clean-green-1," Covered Cat Litter Box with Lid, Scoop, Deodorizing Bags for Odor Control, Privacy, Easy to Clean, Green",inactive,false,cat,Cat Litter Boxes,,98.99,120.99,49.5,50,2003462492513935362,CJ Dropshipping,unknown,1,190,190,0,0,190,US,true,,2650,8,1032,,C,false,covered cat litter box with lid scoop deodorizing bags for odor control privacy easy to clean green,confirmed,0,0,0,0,8,15,8,10,6,3,8,7,5,3,3,76,UNUSABLE_SHIPPING_PROMISE|DUPLICATE,1,CORE_CANDIDATE,"margin 50.0% (price 98.99, cost 49.5); stock us=190 eu=0 cn=0 effective=190; variant payload us=116 total=116; description 1032 chars, quality_score=n/a; 8 gallery images + primary","no shipping window on record — conservative shipping score; problem signals: odor, smell, splash, litter; differentiators: enclosed, furniture; no quality/readiness score — spec confidence from copy length only"
3ac86801-e49b-4d3b-a7fa-f366827e4b7c,pawhut-pet-sofa-dog-sofa-for-small-dogs-with-storage-gray,Small Dog Sofa Bed – Pet Couch with Storage for Dogs,active,true,dog,Dog Beds,Pet Supplies > Dog Supplies > Beds > Sofa Beds,169.99,211.99,96.87,43,2006938648865050626,CJ Dropshipping,unknown,1,125,125,0,0,125,US,true,,7260,8,1325,82,C,true,pawhut pet sofa dog sofa for small dogs with storage gray,none-detected,21,0,0,0,8,15,8,3,7,9,8,7,5,3,3,76,UNUSABLE_SHIPPING_PROMISE,0,CORE_CANDIDATE,"margin 43.0% (price 169.99, cost 96.87); stock us=125 eu=0 cn=0 effective=125; variant payload us=47 total=47; description 1325 chars, quality_score=82; 8 gallery images + primary","no shipping window on record — conservative shipping score; problem signals: joint; differentiators: hidden, furniture"
aeebeaf8-7224-4791-9854-b9796806b887,dome-covered-cat-litter-box-with-lid-white-and-black," Dome Covered Cat Litter Box with Lid, White and Black",inactive,false,cat,Cat Litter Boxes,,98.99,120.99,49.5,50,2003462130103857153,CJ Dropshipping,unknown,1,78,80,0,0,80,US,true,,3000,8,1079,,C,false,dome covered cat litter box with lid white and black,confirmed,0,0,0,0,8,15,8,9,6,3,8,7,5,3,4,76,UNUSABLE_SHIPPING_PROMISE|DUPLICATE,1,CORE_CANDIDATE,"margin 50.0% (price 98.99, cost 49.5); stock us=80 eu=0 cn=0 effective=80; variant payload us=0 total=0; description 1079 chars, quality_score=n/a; 8 gallery images + primary","no shipping window on record — conservative shipping score; problem signals: odor, tracking, litter; differentiators: enclosed, furniture; no quality/readiness score — spec confidence from copy length only"
07507c96-a445-431f-9724-340ee01d818f,elevated-cat-tree-sisal-scratching-post-with-bed,GetPawsy Elevated Cat Tree – Sisal Scratching Post with Bed & Basket,active,true,cat,Cat Trees & Condos,Pet Supplies > Cat Supplies > Furniture > Cat Trees & Condos,130.99,161.99,75.1,42.7,2003460990999240705,CJ Dropshipping,unknown,1,168,168,0,0,168,US,true,,6000,8,322,89,B1,true,28 elevated cat bed with sisal scratching post for indoor kitties modern cat tree with cute basket design small cat tree with fun ball toy,none-detected,31,0,0,0,8,15,10,3,7,7,8,7,5,3,3,76,UNUSABLE_SHIPPING_PROMISE,0,HERO_CANDIDATE,"margin 42.7% (price 130.99, cost 75.1); stock us=168 eu=0 cn=0 effective=168; variant payload us=139 total=139; description 322 chars, quality_score=89; 8 gallery images + primary","no shipping window on record — conservative shipping score; problem signals: scratch; differentiators: furniture, sisal"
112c4e1b-869d-4ed9-95c4-002d7425968d,2-in-1-cat-stairs-tree-with-sisal-scratching-post-4-levels-pet-steps-for-112c,Cat Scratching Tree – 4-Level Sisal Post with Pet Steps for Cats,active,true,cat,Cat Trees & Condos,Pet Supplies > Cat Supplies > Furniture > Cat Trees & Condos,118.99,144.99,68.04,42.8,2013831347717292034,CJ Dropshipping,unknown,1,230,230,0,0,230,US,true,,1000,7,275,87,A,true,2in1 cat stairs  tree with sisal scratching post 4 levels pet steps for elderly cats  shortlegged dogs,none-detected,18,0,0,0,8,15,10,3,7,7,8,7,5,3,3,76,UNUSABLE_SHIPPING_PROMISE,0,HERO_CANDIDATE,"margin 42.8% (price 118.99, cost 68.04); stock us=230 eu=0 cn=0 effective=230; variant payload us=230 total=230; description 275 chars, quality_score=87; 7 gallery images + primary","no shipping window on record — conservative shipping score; problem signals: scratch; differentiators: furniture, sisal"
3fdb8458-1117-41f4-8ca1-0567f7bd8708,hooded-cat-litter-box-w-litter-mat-litter-particle-catching-light-blue," Hooded Cat Litter Box w/ Litter Mat, Litter Particle Catching, Light Blue",active,true,cat,Cat Litter Boxes,,124.99,154.99,71.27,43,2003462246973943809,CJ Dropshipping,unknown,1,256,256,0,0,256,US,true,,4300,9,964,,A,true,hooded cat litter box w litter mat litter particle catching light blue,none-detected,33,0,0,0,8,15,10,9,4,3,8,7,5,3,3,75,UNUSABLE_SHIPPING_PROMISE,0,HERO_CANDIDATE,"margin 43.0% (price 124.99, cost 71.27); stock us=256 eu=0 cn=0 effective=256; variant payload us=372 total=372; description 964 chars, quality_score=n/a; 9 gallery images + primary","no shipping window on record — conservative shipping score; problem signals: odor, tracking, litter; differentiators: enclosed; no quality/readiness score — spec confidence from copy length only"
75f2ab0f-f4c0-4b95-8ecf-90257aa0386a,dome-covered-cat-litter-box-with-lid-white-and-gray," Dome Covered Cat Litter Box with Lid, White and Gray",active,true,cat,Cat Litter Boxes,Pet Supplies > Cat Supplies > Litter & Accessories > Litter Boxes,98.99,120.99,49.5,50,2003462189029634049,CJ Dropshipping,unknown,1,186,186,0,0,186,US,true,,3000,9,1040,,A,true,dome covered cat litter box with lid white and gray,none-detected,52,0,1,98.99,8,15,10,9,4,3,8,7,5,3,3,75,UNUSABLE_SHIPPING_PROMISE,0,HERO_CANDIDATE,"margin 50.0% (price 98.99, cost 49.5); stock us=186 eu=0 cn=0 effective=186; variant payload us=332 total=332; description 1040 chars, quality_score=n/a; 9 gallery images + primary","no shipping window on record — conservative shipping score; problem signals: odor, smell, litter; differentiators: enclosed; no quality/readiness score — spec confidence from copy length only"
89783eb1-348f-4b70-b496-1514d0c55831,fully-enclosed-cat-litter-box-with-front-entry-and-top-exit-plastic-green-white," Fully Enclosed Cat Litter Box with Front Entry and Top Exit, Plastic, Green & White",active,true,cat,Cat Litter Boxes,,89.99,111.99,51.67,42.6,2003462038902910977,CJ Dropshipping,available,1,86,86,0,0,86,US,true,,3600,9,1013,,A,true,fully enclosed cat litter box with front entry and top exit plastic green  white,none-detected,41,0,0,0,8,15,10,9,4,3,8,7,5,3,3,75,UNUSABLE_SHIPPING_PROMISE,0,HERO_CANDIDATE,"margin 42.6% (price 89.99, cost 51.67); stock us=86 eu=0 cn=0 effective=86; variant payload us=206 total=206; description 1013 chars, quality_score=n/a; 9 gallery images + primary","no shipping window on record — conservative shipping score; problem signals: odor, tracking, litter; differentiators: enclosed; no quality/readiness score — spec confidence from copy length only"
9690709c-4409-49ef-95c8-6b7253de90b3,70w-bird-bath-heater-for-outdoors-winter-heated-bird-bath-deicer-waterproof-9690,Bird Bath Heater – Outdoor Winter De-Icer with Thermostat for Birds,active,true,unknown,Bird Bowls & Feeders,Pet Supplies > Bird Supplies > Feeding Supplies > Bird Bath Heaters,49.49,60.99,24.79,49.9,1996840382292602881,CJ Dropshipping,available,1,62,62,0,0,62,US,true,,468,12,3731,88,B1,true,70w bird bath heater for outdoors winter heated bird bath deicer waterproof aluminum alloy water heater with thermostat auto shutdown for yard patio farm,none-detected,23,0,0,0,8,15,10,3,7,9,8,4,5,3,3,75,UNUSABLE_SHIPPING_PROMISE,0,CORE_CANDIDATE,"margin 49.9% (price 49.49, cost 24.79); stock us=62 eu=0 cn=0 effective=62; variant payload us=62 total=62; description 3731 chars, quality_score=88; 12 gallery images + primary","no shipping window on record — conservative shipping score; problem signals: waterproof; differentiators: automatic, sensor"
a59f49ad-b9ee-47ce-a16d-74c2ab61b900,small-4-in-1-cat-tree-tower-with-self-grooming-brush-and-natural-sisal-a59f,Cat Tree Bed – 4-in-1 Self-Grooming & Scratching Post with Plush Bed for Cats,active,true,cat,Cat Trees & Condos,Pet Supplies > Cat Supplies > Furniture > Cat Tree,94.49,114.99,47.36,49.9,1932709742870048770,CJ Dropshipping,unknown,1,63,63,0,0,63,US,true,,4740,12,1030,,A,true,small 4in1 cat tree tower with selfgrooming brush and natural sisal scratching post soft plush cat bed and hanging ball suitable for indoor kittens,none-detected,43,0,0,0,8,15,10,6,7,3,8,7,5,3,3,75,UNUSABLE_SHIPPING_PROMISE,0,HERO_CANDIDATE,"margin 49.9% (price 94.49, cost 47.36); stock us=63 eu=0 cn=0 effective=63; variant payload us=182 total=182; description 1030 chars, quality_score=n/a; 12 gallery images + primary","no shipping window on record — conservative shipping score; problem signals: scratch, shed; differentiators: furniture, sisal; no quality/readiness score — spec confidence from copy length only"
d5046917-bdb3-49fd-88ac-850e639d283c,pawhut-dog-ramp-for-bed-pet-ramp-for-dogs-with-non-slip-carpet-and-top-platform-d504,Dog Bed Ramp – Non-Slip Carpet Top Access Platform for Dogs,active,true,dog,Dog Beds,Pet Supplies > Dog Supplies > Beds > Bed Ramp,187.99,226.99,125.47,33.3,2005519915739832321,CJ Dropshipping,unknown,1,22,22,0,0,22,US,true,,11970,6,1158,84,A,true,pawhut dog ramp for bed pet ramp for dogs with nonslip carpet and top platform brown,none-detected,42,0,0,0,5,15,10,6,4,8,8,7,5,3,4,75,UNUSABLE_SHIPPING_PROMISE|UNACCEPTABLE_MARGIN,1,CORE_CANDIDATE,"margin 33.3% (price 187.99, cost 125.47); stock us=22 eu=0 cn=0 effective=22; variant payload us=57 total=57; description 1158 chars, quality_score=84; 6 gallery images + primary","no shipping window on record — conservative shipping score; problem signals: non-slip, joint; differentiators: furniture"
c20d7550-ccf9-4bf1-b531-b38649a3cc26,new-pet-collar,Dog Collar – Adjustable & Comfortable Stylish Collar for Dogs,active,true,dog,Dog Collars & Leashes,Pet Supplies > Dog Supplies > Collars & Leashes > Collar,15.99,20.99,4.56,71.5,9C9F01ED-139B-473F-A920-5514E67CBB56,CJ Dropshipping,available,9,68,68,0,0,68,US,true,,1,12,1222,85,A,true,new pet collar,none-detected,30,0,0,0,15,15,10,0,1,9,8,4,5,5,3,75,UNUSABLE_SHIPPING_PROMISE,0,CORE_CANDIDATE,"margin 71.5% (price 15.99, cost 4.56); stock us=68 eu=0 cn=0 effective=68; variant payload us=72 total=88; description 1222 chars, quality_score=85; 12 gallery images + primary",no shipping window on record — conservative shipping score
e71ba404-4aff-48a6-9681-e0297b727292,7pcs-pet-grooming-kit-self-cleaning-brush-shedding-kit-with-nail-clipper-flea-e71b,Dog Grooming Kit – 7-Piece Self-Cleaning Brush & Nail Clipper Set,active,true,dog,Dog Grooming,Pet Supplies > Dog Supplies > Grooming > Grooming Kit,52.95,67.99,26.49,50,2003003597865926657,CJ Dropshipping,unknown,1,30,30,0,0,30,US,true,,600,8,1170,89,A,true,7pcs pet grooming kit selfcleaning brush shedding kit with nail clipper flea comb shampoo bath brush finger toothbrush,none-detected,21,0,0,0,8,15,10,10,1,8,8,4,5,3,3,75,UNUSABLE_SHIPPING_PROMISE,0,CORE_CANDIDATE,"margin 50.0% (price 52.95, cost 26.49); stock us=30 eu=0 cn=0 effective=30; variant payload us=32 total=32; description 1170 chars, quality_score=89; 8 gallery images + primary","no shipping window on record — conservative shipping score; problem signals: hair, shed, self-clean, dental"
e0f1b49e-053b-40a7-b0b4-d0079949a9a2,pet-dog-rubber-ball-toys-for-dogs-resistance-to-bite-dog-chew-toys-puppy-pets-e0f1,Durable Dog Chew Toy – Rubber Resistance Ball for Puppy Training,active,true,dog,Dog Toys,Pet Supplies > Dog Supplies > Toys > Chew Toy,16.99,21.99,4.79,71.8,1688453050236674048,CJ Dropshipping,unknown,4,617,617,0,0,617,US,true,,50,26,1005,89,C,true,pet dog rubber ball toys for dogs resistance to bite dog chew toys puppy pets dogs training products,none-detected,19,0,0,0,15,15,10,0,1,8,8,7,5,3,3,75,UNUSABLE_SHIPPING_PROMISE,0,CORE_CANDIDATE,"margin 71.8% (price 16.99, cost 4.79); stock us=617 eu=0 cn=0 effective=617; variant payload us=722 total=722; description 1005 chars, quality_score=89; 26 gallery images + primary",no shipping window on record — conservative shipping score
46d3a6e0-4252-4480-bea3-2f179ffed8bb,1set-990ft-range-dog-wireless-fence-remote-training-collar-ipx6-waterproof-46d3,"Dog Training Collar – Wireless Remote with Beep, Vibration & Shock",active,true,dog,Dog Training,Pet Supplies > Dog Supplies > Training & Obedience > Training Collar,91.99,110.99,52.62,42.8,1948312616057270274,CJ Dropshipping,unknown,1,102,102,0,0,102,US,true,,386,12,4000,86,A,true,1set 990ft range dog wireless fence remote training collar ipx6 waterproof receiver with 09 levels beep vibration shock mode 4 channels rechargeable transmitter system,none-detected,22,0,0,0,8,15,10,3,4,9,8,7,5,3,3,75,UNUSABLE_SHIPPING_PROMISE,0,CORE_CANDIDATE,"margin 42.8% (price 91.99, cost 52.62); stock us=102 eu=0 cn=0 effective=102; variant payload us=102 total=102; description 4000 chars, quality_score=86; 12 gallery images + primary",no shipping window on record — conservative shipping score; problem signals: waterproof; differentiators: automatic
eea724b1-f46b-43a2-bcf1-eaa98419cc61,pawhut-dog-ramp-foldable-with-non-slip-carpet-top-platform-gray-white,Foldable Dog Ramp – Non-Slip Carpet Platform for Dogs & Pets,active,true,dog,Dog Beds,Pet Supplies > Dog Supplies > Ramps > Ramps,191.99,249.99,127.96,33.4,2008071265664806913,CJ Dropshipping,available,1,0,6,0,0,6,US,true,,12000,14,3635,82,A,true,pawhut dog ramp foldable with nonslip carpet top platform gray white,none-detected,26,0,0,0,5,12,10,9,4,9,8,7,5,3,3,75,UNUSABLE_SHIPPING_PROMISE|UNACCEPTABLE_MARGIN,1,CORE_CANDIDATE,"margin 33.4% (price 191.99, cost 127.96); stock us=6 eu=0 cn=0 effective=6; variant payload us=97 total=97; description 3635 chars, quality_score=82; 14 gallery images + primary","no shipping window on record — conservative shipping score; problem signals: anti-slip, non-slip, joint; differentiators: foldable"
e55f5369-3f88-4227-81d7-da521f90e6c6,37-inch-modern-cat-tree-w-wooden-scratching-posts-condo-beds-cushions-toy-balls-anti-tip-kit," 37 Inch Modern Cat Tree w/ Wooden Scratching Posts, Condo, Beds, Cushions, Toy Balls & Anti-Tip Kit",active,true,cat,Cat Trees & Condos,Pet Supplies > Cat Supplies > Furniture > Cat Tree,197.99,248.99,131.79,33.4,2003461231928451074,CJ Dropshipping,unavailable,1,86,86,0,0,86,US,true,,12200,9,1252,82,C,true,37 inch modern cat tree w wooden scratching posts condo beds cushions toy balls  antitip kit,none-detected,26,0,0,0,5,15,10,3,7,9,8,7,5,3,3,75,UNUSABLE_SHIPPING_PROMISE|UNACCEPTABLE_MARGIN,1,CORE_CANDIDATE,"margin 33.4% (price 197.99, cost 131.79); stock us=86 eu=0 cn=0 effective=86; variant payload us=150 total=150; description 1252 chars, quality_score=82; 9 gallery images + primary","no shipping window on record — conservative shipping score; problem signals: scratch; differentiators: multi-level, furniture"
0d4f343e-a69b-429c-b3a9-01d5bb667487,yellow-outdoor-heavy-duty-foldable-practical-pet-stroller-dog-carrier-with-bicycle-tow,Yellow Outdoor Heavy Duty Foldable Practical Pet Stroller Dog Carrier With Bicycle Tow,active,true,dog,Dog Carriers,Pet Supplies > Dog Supplies > Carriers & Travel > Strollers,190.99,247.99,127.47,33.3,1855166247156469760,CJ Dropshipping,unknown,1,48,48,0,0,48,US,true,,10977,7,3235,84,A,true,yellow outdoor heavy duty foldable practical pet stroller dog carrier with bicycle tow,none-detected,21,0,0,0,5,15,10,6,4,9,8,7,5,3,3,75,UNUSABLE_SHIPPING_PROMISE|UNACCEPTABLE_MARGIN,1,CORE_CANDIDATE,"margin 33.3% (price 190.99, cost 127.47); stock us=48 eu=0 cn=0 effective=48; variant payload us=68 total=68; description 3235 chars, quality_score=84; 7 gallery images + primary","no shipping window on record — conservative shipping score; problem signals: non-slip, waterproof; differentiators: foldable"
b1014a5d-83ae-41ba-92ca-b097096103c2,extra-large-stainless-steel-cat-litter-box-with-scoop-pad-anti-urine-leakage-easy-cleaning-non-stick," Extra Large Stainless Steel Cat Litter Box with Scoop & Pad, Anti-Urine Leakage, Easy Cleaning, Non-Sticky",active,true,cat,Cat Litter Boxes,Pet Supplies > Cat Supplies > Litter Supplies > Litter Boxes,107.99,134.99,61.63,42.9,2003463023781933058,CJ Dropshipping,unknown,1,51,51,0,0,51,US,true,,3600,9,852,82,C,true,extra large stainless steel cat litter box with scoop  pad antiurine leakage easy cleaning nonsticky,none-detected,21,0,0,0,8,15,10,6,1,8,8,7,5,3,4,75,UNUSABLE_SHIPPING_PROMISE,0,HERO_CANDIDATE,"margin 42.9% (price 107.99, cost 61.63); stock us=51 eu=0 cn=0 effective=51; variant payload us=236 total=236; description 852 chars, quality_score=82; 9 gallery images + primary","no shipping window on record — conservative shipping score; problem signals: odor, litter"
cb6de912-f6a2-49a7-ab35-2ef6e03f2eb1,dog-bark-collar-rechargeable-waterproof-beep-vibration-static-stimulation-bark-stopper-automatic-ide,Dog Bark Collar Rechargeable Waterproof Beep Vibration Static Stimulation Bark Stopper Automatic Identification Collar With 6 Intensity Dual Modes,active,true,dog,Dog Collars & Leashes,Pet Supplies > Dog Supplies > Training Supplies > Bark Collar,60.99,77.99,30.73,49.6,1948324549909114882,CJ Dropshipping,available,1,1,1,0,0,1,US,true,,156,12,4000,80,C,true,dog bark collar rechargeable waterproof beep vibration static stimulation bark stopper automatic identification collar with 6 intensity dual modes,none-detected,26,0,0,0,8,12,10,6,7,9,8,4,5,3,3,75,UNUSABLE_SHIPPING_PROMISE,0,CORE_CANDIDATE,"margin 49.6% (price 60.99, cost 30.73); stock us=1 eu=0 cn=0 effective=1; variant payload us=1 total=1; description 4000 chars, quality_score=80; 12 gallery images + primary","no shipping window on record — conservative shipping score; problem signals: shed, waterproof; differentiators: dual, automatic"
20104b25-cf28-42ac-a297-cf355a7bac44,multi-level-cat-tower-80-tall-cat-tree-with-2-condos-2-hammocks-6-sisal-scratching-posts-dark-gray," Multi-Level Cat Tower, 80"" Tall Cat Tree, with 2 Condos, 2 Hammocks, 6 Sisal Scratching Posts, Dark Gray",active,true,cat,Cat Trees & Condos,,196.99,237.99,131.53,33.2,2003461547389202434,CJ Dropshipping,unknown,1,388,388,0,0,388,US,true,,18200,9,1023,,A,true,multilevel cat tower 80 tall cat tree with 2 condos 2 hammocks 6 sisal scratching posts dark gray,none-detected,30,0,0,0,5,15,10,6,10,3,8,7,5,3,3,75,UNUSABLE_SHIPPING_PROMISE|UNACCEPTABLE_MARGIN,1,CORE_CANDIDATE,"margin 33.2% (price 196.99, cost 131.53); stock us=388 eu=0 cn=0 effective=388; variant payload us=616 total=616; description 1023 chars, quality_score=n/a; 9 gallery images + primary","no shipping window on record — conservative shipping score; problem signals: scratch, hide; differentiators: multi-level, furniture, sisal; no quality/readiness score — spec confidence from copy length only"
6ba6b3c8-d055-46df-8e6a-e6ee9ff98272,cat-double-bowl-cat-food-bowl-protects-cervical-vertebra,Elevated Cat Bowl – Double Dish with Cervical Vertebra Protection for Cats,active,true,cat,Cat Bowls & Feeders,Pet Supplies > Cat Supplies > Feeding Supplies > Cat Bowls,16.99,21.99,4.84,71.5,09427A50-C485-4CEA-B4EB-13F289076927,CJ Dropshipping,available,1,18,18,0,695791,18,US,true,,70,22,1016,85,A,true,cat double bowl cat food bowl protects cervical vertebra,none-detected,18,0,0,0,15,12,10,3,1,8,8,7,5,3,3,75,UNUSABLE_SHIPPING_PROMISE,0,HERO_CANDIDATE,"margin 71.5% (price 16.99, cost 4.84); stock us=18 eu=0 cn=695791 effective=18; variant payload us=18 total=18; description 1016 chars, quality_score=85; 22 gallery images + primary",no shipping window on record — conservative shipping score; problem signals: shed
b149f1fe-f0d4-45be-8c4e-1a2571a00023,light-gray-33-5-multi-level-cat-tree-with-2-tier-condo-sisal-scratching-posts-b149,Cat Tree Condo – Multi-Level 33.5-Inch with Sisal Scratch Posts & Anti-Toppling Device for Cats,active,true,cat,Cat Trees & Condos,Pet Supplies > Cat Supplies > Furniture > Cat Tree,119.99,150.99,68.3,43.1,2013826308005183489,CJ Dropshipping,unknown,1,230,230,0,0,230,US,true,,1000,7,275,,B1,true,light gray 335 multilevel cat tree with 2tier condo sisal scratching posts  antitoppling device for cats,none-detected,23,0,0,0,8,15,10,3,10,2,8,7,5,3,4,75,UNUSABLE_SHIPPING_PROMISE,0,HERO_CANDIDATE,"margin 43.1% (price 119.99, cost 68.3); stock us=230 eu=0 cn=0 effective=230; variant payload us=230 total=230; description 275 chars, quality_score=n/a; 7 gallery images + primary","no shipping window on record — conservative shipping score; problem signals: scratch; differentiators: multi-level, furniture, sisal; no quality/readiness score — spec confidence from copy length only"
38f15fd8-2cb9-4d10-ae10-ce39d2ad6640,fish-shaped-dog-treat-dispenser-toy-food-grade-silicone-slow-feeder-for-boredom-38f1,Interactive Dog Treat Dispenser – Fish-Shaped Slow Feeder Enrichment Toy,active,true,dog,Dog Food & Treats,Pet Supplies > Dog Supplies > Feeding Supplies > Treat Dispensers,45.99,56.99,18.48,59.8,2001621819821711361,CJ Dropshipping,unknown,3,690,690,0,0,690,US,true,,1000,8,1257,88,B1,true,fishshaped dog treat dispenser toy  foodgrade silicone slow feeder for boredom relief selfentertainment  pet interaction  durable chew toy with treat leakage design teeth cleaning surface,none-detected,23,0,0,0,11,15,10,6,1,9,8,4,5,3,3,75,UNUSABLE_SHIPPING_PROMISE,0,CORE_CANDIDATE,"margin 59.8% (price 45.99, cost 18.48); stock us=690 eu=0 cn=0 effective=690; variant payload us=690 total=690; description 1257 chars, quality_score=88; 8 gallery images + primary","no shipping window on record — conservative shipping score; problem signals: anxiety, slow feeder"
44834473-3b9e-4165-9779-97fcef25f23e,pawhut-pet-sofa-bed-couch-with-storage-pet-sofa-for-cats-and-small-dogs-green,Elevated Dog Sofa Bed – Couch with Storage for Small Dogs & Cats,inactive,false,dog,Dog Beds,Pet Supplies > Multi-Pet Supplies > Beds & Furniture > Pet Beds,161.99,205.99,92.72,42.8,2005574203877752834,CJ Dropshipping,unknown,1,83,83,0,0,83,unknown,true,,7260,11,1323,84,C,false,pawhut pet sofa bed couch with storage pet sofa for cats and small dogs green,confirmed,0,0,0,0,8,15,8,6,3,9,8,7,5,3,3,75,UNUSABLE_SHIPPING_PROMISE|DUPLICATE,1,CORE_CANDIDATE,"margin 42.8% (price 161.99, cost 92.72); stock us=83 eu=0 cn=0 effective=83; variant payload us=28 total=28; description 1323 chars, quality_score=84; 11 gallery images + primary","no shipping window on record — conservative shipping score; problem signals: orthopedic, joint; differentiators: furniture"
3dc24437-8c4d-46c0-b633-db4a16ff4eb8,pawhut-pet-sofa-bed-couch-with-storage-pet-sofa-for-cats-and-small-dogs-dark-3dc2,Elevated Dog Sofa Bed – Couch with Storage for Small Dogs,inactive,false,dog,Dog Beds,Pet Supplies > Dog Supplies > Beds & Furniture > Pet Beds,169.99,206.99,97.38,42.7,2004082366059819009,CJ Dropshipping,unknown,1,21,21,0,0,21,US,true,,8350,11,1268,82,C,false,pawhut pet sofa bed couch with storage pet sofa for cats and small dogs dark gray,confirmed,0,0,0,0,8,15,8,3,6,9,8,7,5,3,3,75,UNUSABLE_SHIPPING_PROMISE|DUPLICATE,1,CORE_CANDIDATE,"margin 42.7% (price 169.99, cost 97.38); stock us=21 eu=0 cn=0 effective=21; variant payload us=1 total=1; description 1268 chars, quality_score=82; 11 gallery images + primary","no shipping window on record — conservative shipping score; problem signals: orthopedic; differentiators: hidden, furniture"
604462e4-7cf4-462a-8115-52ac7af1f465,us-local-stock-hiphoppet-new-latex-interactive-dog-chew-toys-cute-duck-shape-6044,Durable Dog Chew Toy – Latex Duck Shape Squeaky Toy for Dogs,active,true,dog,Dog Toys,Pet Supplies > Dog Supplies > Toys > Chew Toy,36.95,44.99,14.79,60,1956582464145608706,CJ Dropshipping,unknown,3,458,458,0,0,458,US,true,,100,7,1013,85,B1,true,us local stock hiphoppet new latex interactive dog chew toys cute duck shape squeaky pet dog interactive boredom buster toys,none-detected,19,0,0,0,11,15,10,3,4,8,8,4,5,3,3,74,UNUSABLE_SHIPPING_PROMISE,0,CORE_CANDIDATE,"margin 60.0% (price 36.95, cost 14.79); stock us=458 eu=0 cn=0 effective=458; variant payload us=689 total=689; description 1013 chars, quality_score=85; 7 gallery images + primary",no shipping window on record — conservative shipping score; problem signals: dental; differentiators: hidden
763c0f42-854b-4914-aa09-6aecbe5b4191,4-levels-cat-steps-with-scratching-posts-for-high-bed-sofa-white," 4 Levels Cat Steps with Scratching Posts for High Bed, Sofa, White",inactive,false,cat,Cat Scratching Posts,,136.99,174.99,78.29,42.8,2003455905695047682,CJ Dropshipping,unavailable,1,80,90,0,0,90,US,true,,8500,8,2399,,C,false,4 levels cat steps with scratching posts for high bed sofa white,confirmed,0,0,0,0,8,15,8,9,3,4,8,7,5,3,4,74,UNUSABLE_SHIPPING_PROMISE|DUPLICATE,1,CORE_CANDIDATE,"margin 42.8% (price 136.99, cost 78.29); stock us=90 eu=0 cn=0 effective=90; variant payload us=0 total=0; description 2399 chars, quality_score=n/a; 8 gallery images + primary","no shipping window on record — conservative shipping score; problem signals: scratch, hair, joint; differentiators: furniture; no quality/readiness score — spec confidence from copy length only"
7ada3eff-8a4c-4da1-97c3-9cebfd53287f,2-in-1-dog-gps-fence-tracker-wireless-gps-dog-fence-gps-dog-collar-with-32-7ada,Wireless Dog GPS Fence – Waterproof Collar with Tracker for Dogs,active,true,dog,Dog Collars & Leashes,Pet Supplies > Dog Supplies > Collars & Leashes > GPS Tracking Collars,92.95,115.99,46.42,50.1,1948317335176241154,CJ Dropshipping,available,1,0,1,0,0,1,US,true,,194,11,4000,,A,true,2 in 1 dog gps fence tracker wireless gps dog fence gps dog collar with 322887ft radius ipx6 waterproof for small medium large dogs,none-detected,24,0,0,0,11,12,10,10,4,4,8,4,5,3,3,74,UNUSABLE_SHIPPING_PROMISE,0,CORE_CANDIDATE,"margin 50.1% (price 92.95, cost 46.42); stock us=1 eu=0 cn=0 effective=1; variant payload us=13 total=13; description 4000 chars, quality_score=n/a; 11 gallery images + primary","no shipping window on record — conservative shipping score; problem signals: tracking, hair, shed, waterproof; differentiators: dual; no quality/readiness score — spec confidence from copy length only"
a39468a8-6360-46b6-961b-85eaf278a53e,cat-hair-cleaner-cat-hair-removal-and-adsorption-artifact-hair-brush,Cat Grooming Brush – Pet Hair Removal Tool for Cats,active,true,cat,Cat Grooming,Pet Supplies > Cat Supplies > Grooming > Brushes & Combs,14.99,18.99,5.08,66.1,2505130537581600500,CJ Dropshipping,available,1,124611,8,0,124611,8,CN,true,,31,11,1023,92,A,true,cat hair cleaner cat hair removal and adsorption artifact hair brush,none-detected,21,0,0,0,13,12,10,3,4,9,8,4,5,3,3,74,UNUSABLE_SHIPPING_PROMISE,0,HERO_CANDIDATE,"margin 66.1% (price 14.99, cost 5.08); stock us=8 eu=0 cn=124611 effective=8; variant payload us=60 total=70; description 1023 chars, quality_score=92; 11 gallery images + primary",no shipping window on record — conservative shipping score; problem signals: hair; differentiators: furniture
79d74b31-17b4-4374-a7ef-3ec242e50c8c,folded-silicone-pet-dog-bowl,Foldable Silicone Pet Bowl – Portable Food & Water Bowl for Dogs,active,true,dog,Dog Toys,Pet Supplies > Dog Supplies > Feeding > Travel Bowls,15.99,20.99,4.54,71.6,51BBA436-88F8-4633-9E62-2D2F184485B3,CJ Dropshipping,available,2,114,114,0,0,114,US,true,,56,43,277,85,B1,true,folded silicone pet dog bowl,none-detected,28,0,0,0,15,15,10,0,4,7,8,4,5,3,3,74,UNUSABLE_SHIPPING_PROMISE,0,CORE_CANDIDATE,"margin 71.6% (price 15.99, cost 4.54); stock us=114 eu=0 cn=0 effective=114; variant payload us=114 total=116; description 277 chars, quality_score=85; 43 gallery images + primary",no shipping window on record — conservative shipping score; differentiators: foldable
d3898f50-8438-4531-bcb2-130bddbcd3be,24-inch-anti-slip-round-fluffy-plush-faux-fur-cat-bed-fits-up-to-25-lbs-pets,Cat Bed – Fluffy Plush Round Faux Fur Anti-Slip Bed for Cats,active,true,cat,Cat Beds,Pet Supplies > Cat Supplies > Beds > Cat Beds,51.49,66.99,25.84,49.8,1892422200700563458,CJ Dropshipping,unavailable,4,25431,25431,0,0,25431,US,true,,1000,9,987,87,B1,true,24 inch antislip round fluffy plush faux fur cat bed fits up to 25 lbs pets,none-detected,17,0,0,0,8,15,10,6,1,8,8,7,5,3,3,74,UNUSABLE_SHIPPING_PROMISE,0,HERO_CANDIDATE,"margin 49.8% (price 51.49, cost 25.84); stock us=25431 eu=0 cn=0 effective=25431; variant payload us=61564 total=61564; description 987 chars, quality_score=87; 9 gallery images + primary","no shipping window on record — conservative shipping score; problem signals: anti-slip, anxiety"
d44b8425-d1ad-43ed-801e-e22bbec10b2f,reflective-collar-waterproof-holder-case-for-airtag-air-tag-airtags-protective-d44b,GetPawsy Waterproof Pet Collar - Reflective AirTag Holder for Cats and Dogs,active,true,both,Pet Collars,Pet Supplies > Multi-Pet Supplies > Collars & Harnesses > Pet Collars,17.99,21.99,6.02,66.5,1585221163377242112,CJ Dropshipping,available,2,53,53,0,0,53,US,true,,1,26,278,88,A,true,reflective collar waterproof holder case for airtag air tag airtags protective cover cat dog kitten puppy nylon collar,none-detected,23,0,0,0,13,15,10,3,1,7,8,4,5,5,3,74,UNUSABLE_SHIPPING_PROMISE,0,CORE_CANDIDATE,"margin 66.5% (price 17.99, cost 6.02); stock us=53 eu=0 cn=0 effective=53; variant payload us=68 total=71; description 278 chars, quality_score=88; 26 gallery images + primary",no shipping window on record — conservative shipping score; problem signals: waterproof
2c67afc3-51bc-44bb-90fa-1229a82df579,48-x-36-elevated-breathable-dog-bed-w-carry-bag-dark-blue,Elevated Dog Bed – Breathable Raised Cot with Carry Bag for Dogs,active,true,dog,Dog Beds,Pet Supplies > Dog Supplies > Beds & Furniture > Dog Beds,98.49,124.99,56.33,42.8,2003454849958129666,CJ Dropshipping,unknown,1,48,48,0,0,48,US,true,,4400,9,1051,87,B1,true,48 x 36 elevated breathable dog bed w carry bag dark blue,none-detected,41,0,0,0,8,15,10,3,4,8,8,7,5,3,3,74,UNUSABLE_SHIPPING_PROMISE,0,CORE_CANDIDATE,"margin 42.8% (price 98.49, cost 56.33); stock us=48 eu=0 cn=0 effective=48; variant payload us=116 total=116; description 1051 chars, quality_score=87; 9 gallery images + primary",no shipping window on record — conservative shipping score; problem signals: joint; differentiators: furniture
af779bc1-8ec1-4fab-965c-94c0038d073e,extra-large-stainless-steel-litter-box-enclosed-cat-litter-box-with-scoop-deodorizer-bag-sand-drop-p," Extra Large Stainless Steel Litter Box, Enclosed Cat Litter Box with Scoop, Deodorizer Bag, Sand Drop Pedal",active,true,cat,Cat Litter Boxes,,134.99,166.99,77.08,42.9,2003462953030496257,CJ Dropshipping,available,1,396,396,0,0,396,US,true,,4500,9,946,,C,true,extra large stainless steel litter box enclosed cat litter box with scoop deodorizer bag sand drop pedal,none-detected,38,0,0,0,8,15,10,9,4,3,8,7,5,3,2,74,UNUSABLE_SHIPPING_PROMISE,0,HERO_CANDIDATE,"margin 42.9% (price 134.99, cost 77.08); stock us=396 eu=0 cn=0 effective=396; variant payload us=626 total=626; description 946 chars, quality_score=n/a; 9 gallery images + primary","no shipping window on record — conservative shipping score; problem signals: odor, tracking, litter; differentiators: enclosed; no quality/readiness score — spec confidence from copy length only; inventory sync stale or never run"
cc00729a-db5a-4b62-9294-3aa364d4ff0b,pawhut-pet-sofa-bed-couch-with-storage-pet-sofa-for-cats-and-small-dogs-black,Elevated Dog Sofa Bed – Couch with Storage for Small Dogs,active,true,dog,Dog Beds,Pet Supplies > Dog Supplies > Beds > Sofa Beds,161.99,206.99,94.38,41.7,2013436147874754562,CJ Dropshipping,available,1,80,80,0,0,80,US,true,,7350,12,978,88,C,true,pawhut pet sofa bed couch with storage pet sofa for cats and small dogs black,none-detected,26,0,0,0,8,15,10,3,4,8,8,7,5,3,3,74,UNUSABLE_SHIPPING_PROMISE,0,CORE_CANDIDATE,"margin 41.7% (price 161.99, cost 94.38); stock us=80 eu=0 cn=0 effective=80; variant payload us=56 total=56; description 978 chars, quality_score=88; 12 gallery images + primary",no shipping window on record — conservative shipping score; problem signals: orthopedic; differentiators: hidden
b840aed8-3031-42e8-81df-5d2cbb91cecd,beige-33-5-multi-level-cat-tree-with-2-tier-condo-sisal-scratching-posts-anti-b840,Cat Tree Condo – Multi-Level 33.5-Inch with Sisal Scratch Posts & Anti-Topple Device for Cats,active,true,cat,Cat Trees & Condos,Pet Supplies > Cat Supplies > Furniture > Cat Tree,119.99,155.99,68.3,43.1,2013831080179417089,CJ Dropshipping,unknown,1,230,230,0,0,230,US,true,,1000,7,203,,B1,true,beige 335 multilevel cat tree with 2tier condo sisal scratching posts  antitoppling device for cats,none-detected,24,0,0,0,8,15,10,3,10,1,8,7,5,3,4,74,UNUSABLE_SHIPPING_PROMISE|INSUFFICIENT_SPECS,1,CORE_CANDIDATE,"margin 43.1% (price 119.99, cost 68.3); stock us=230 eu=0 cn=0 effective=230; variant payload us=230 total=230; description 203 chars, quality_score=n/a; 7 gallery images + primary","no shipping window on record — conservative shipping score; problem signals: scratch; differentiators: multi-level, furniture, sisal; no quality/readiness score — spec confidence from copy length only"
c955d810-9fff-4c6a-9fc4-1c38c90370f9,pink-blue-options-1pc-portable-foldable-pet-tent-exercise-pen-kennel-removable-c955,Foldable Pet Tent – Portable Exercise Kennel Pen for Dogs & Cats,active,true,both,Dog Houses,Pet Supplies > Multi-Pet Supplies > Carriers > Playpens,67.95,84.99,33.95,50,1961274945106653185,CJ Dropshipping,unknown,2,49,49,0,0,49,US,true,,1014,12,1416,,B1,true,pinkblue options  1pc portable foldable pet tent exercise pen kennel removable zipper top and bottom water resistant indoor outdoor use for dogs cats other pets,none-detected,25,0,0,0,11,15,10,3,4,4,8,7,5,3,4,74,UNUSABLE_SHIPPING_PROMISE,0,CORE_CANDIDATE,"margin 50.0% (price 67.95, cost 33.95); stock us=49 eu=0 cn=0 effective=49; variant payload us=65 total=65; description 1416 chars, quality_score=n/a; 12 gallery images + primary",no shipping window on record — conservative shipping score; problem signals: waterproof; differentiators: foldable; no quality/readiness score — spec confidence from copy length only
80ca3336-49a8-44a9-8b2d-fbfe1288cb28,57-multi-level-cat-tree-for-multi-cat-households-2-condos-hammock-with-sisal-80ca,"Cat Tree Condo – Multi-Level 57-Inch with 2 Condos, Hammock & Sisal Scratch Posts for Cats",active,true,cat,Cat Trees & Condos,Pet Supplies > Cat Supplies > Furniture > Cat Tree,147.99,183.99,84.83,42.7,2013825959018999810,CJ Dropshipping,unknown,1,230,230,0,0,230,US,true,,1000,7,344,,A,true,57 multilevel cat tree for multicat households 2 condos  hammock with sisal scratching postsgray,none-detected,26,0,0,0,8,15,10,3,10,2,8,7,5,3,3,74,UNUSABLE_SHIPPING_PROMISE,0,HERO_CANDIDATE,"margin 42.7% (price 147.99, cost 84.83); stock us=230 eu=0 cn=0 effective=230; variant payload us=230 total=230; description 344 chars, quality_score=n/a; 7 gallery images + primary","no shipping window on record — conservative shipping score; problem signals: scratch; differentiators: multi-level, enclosed, furniture, sisal; no quality/readiness score — spec confidence from copy length only"
530a4583-ce42-49d7-8d56-64aa0914256f,made4pets-pet-dog-car-back-seat-cover-back-seat-extension-pad-can-bear-400-530a,Waterproof Dog Car Seat Cover – Non-Slip Hammock for Back Seat,active,true,dog,Dog Travel,Pet Supplies > Dog Supplies > Travel Supplies > Car Seat Covers,122.99,153.99,70.25,42.9,1949019404568911874,CJ Dropshipping,unknown,1,1311,1311,0,0,1311,unknown,true,,4500,17,243,88,A,true,made4pets pet dog car back seat cover back seat extension pad can bear 400 pounds waterproof and nonslip dog car hammock eightlayer hard bottom with pe foam easy to install and clean,none-detected,20,0,0,0,8,15,10,9,1,6,8,7,5,3,2,74,UNUSABLE_SHIPPING_PROMISE|INSUFFICIENT_SPECS,1,CORE_CANDIDATE,"margin 42.9% (price 122.99, cost 70.25); stock us=1311 eu=0 cn=0 effective=1311; variant payload us=328 total=328; description 243 chars, quality_score=88; 17 gallery images + primary","no shipping window on record — conservative shipping score; problem signals: scratch, non-slip, waterproof; inventory sync stale or never run"
d7cce9c3-99b3-44c2-b5dc-0ad710691f97,galvanized-steel-large-catio-with-waterproof-canopy-sleeping-box-jumping-d7cc,Outdoor Cat House – Large Galvanized Steel Playpen with Canopy & Sleeping Box,active,true,cat,Cat Houses,Pet Supplies > Cat Supplies > Cat Furniture > Cat Houses,481.99,597.99,321.4,33.3,2010902115708084225,CJ Dropshipping,unknown,1,55,55,0,0,55,US,true,,29500,6,3277,85,C,true,galvanized steel large catio with waterproof canopy sleeping box jumping platforms for 13 kittens silver,none-detected,21,0,0,0,5,15,8,6,4,9,8,7,5,3,4,74,UNUSABLE_SHIPPING_PROMISE|UNACCEPTABLE_MARGIN,1,CORE_CANDIDATE,"margin 33.3% (price 481.99, cost 321.4); stock us=55 eu=0 cn=0 effective=55; variant payload us=35 total=35; description 3277 chars, quality_score=85; 6 gallery images + primary","no shipping window on record — conservative shipping score; problem signals: hair, waterproof; differentiators: furniture"
cc02a41d-6a9e-4616-9332-94c37644d1f5,pawhut-wooden-dog-ramp-with-removable-guardrails-non-slip-surface-brown,Durable Dog Ramp – Wooden Non-Slip with Removable Guardrails for Dogs,inactive,false,dog,Dog Beds,Pet Supplies > Dog Supplies > Furniture > Ramps,204.99,253.99,136.58,33.4,2004822978590978050,CJ Dropshipping,unknown,1,99,99,0,0,99,unknown,true,,10980,10,979,84,C,false,pawhut wooden dog ramp with removable guardrails nonslip surface brown,confirmed,0,0,0,0,5,15,8,9,3,8,8,7,5,3,2,73,UNUSABLE_SHIPPING_PROMISE|UNACCEPTABLE_MARGIN|DUPLICATE,2,LONGTAIL,"margin 33.4% (price 204.99, cost 136.58); stock us=99 eu=0 cn=0 effective=99; variant payload us=0 total=0; description 979 chars, quality_score=84; 10 gallery images + primary","no shipping window on record — conservative shipping score; problem signals: non-slip, joint, dental; differentiators: furniture; inventory sync stale or never run"
44d4ca50-867f-4e96-9e1b-e106ded09413,interactive-dog-treat-ball-a-chewing-toy-suitable-for-small-and-medium-sized-44d4,Durable Dog Enrichment Toy – Treat Dispensing Chew Ball for Small & Medium Dogs,active,true,dog,Dog Food & Treats,Pet Supplies > Dog Supplies > Toys > Treat Dispensing Toy,40.99,51.99,16.46,59.8,1993164615406215169,CJ Dropshipping,unknown,2,168,168,0,0,168,US,true,,200,14,1254,,B1,true,interactive dog treat ball a chewing toy suitable for small and mediumsized dogs,none-detected,38,0,0,0,11,15,10,9,1,4,8,4,5,3,3,73,UNUSABLE_SHIPPING_PROMISE,0,CORE_CANDIDATE,"margin 59.8% (price 40.99, cost 16.46); stock us=168 eu=0 cn=0 effective=168; variant payload us=180 total=180; description 1254 chars, quality_score=n/a; 14 gallery images + primary","no shipping window on record — conservative shipping score; problem signals: anxiety, slow feeder, dental; no quality/readiness score — spec confidence from copy length only"
dcfad600-673e-4395-af48-8b553b81b55c,smart-bird-feeder-with-solar-powered-camera-1080p-hd-ai-identify-pir-motion-dcfa,Smart Bird Feeder – Solar Powered Camera with AI & WiFi for Birds,active,true,unknown,Bird Bowls & Feeders,Pet Supplies > Bird Supplies > Feeders > Smart Feeders,131.99,209.99,75.4,42.9,1967523005727219714,CJ Dropshipping,available,1,138,138,0,0,138,US,true,,2062,10,3786,,B1,true,smart bird feeder with solar powered camera 1080p hd ai identify pir motion auto capture video cloud card storage wifi connection app control ip65 waterproof,none-detected,24,0,0,0,8,15,10,3,10,4,8,4,5,3,3,73,UNUSABLE_SHIPPING_PROMISE,0,CORE_CANDIDATE,"margin 42.9% (price 131.99, cost 75.4); stock us=138 eu=0 cn=0 effective=138; variant payload us=138 total=138; description 3786 chars, quality_score=n/a; 10 gallery images + primary","no shipping window on record — conservative shipping score; problem signals: waterproof; differentiators: dual, rotat, automatic, sensor; no quality/readiness score — spec confidence from copy length only"
fac412c0-1b7e-4ebf-a236-953577cc727e,pet-trash-bag-dog-poop-bags-for-waste-refuse-cleanup,Dog Waste Bags – Heavy Duty Poop Refuse Cleanup Bags,active,true,dog,Dog Toys,Pet Supplies > Dog Supplies > Waste Management > Waste Bags,13.99,17.99,4.08,70.8,1794FAD3-6202-4208-B8B4-251E5AE09AFB,CJ Dropshipping,unknown,1,21,21,0,0,21,US,true,,1,29,274,88,B1,true,pet trash bag dog poop bags for waste refuse cleanup,none-detected,21,0,0,0,15,15,10,0,1,7,8,4,5,5,3,73,UNUSABLE_SHIPPING_PROMISE,0,CORE_CANDIDATE,"margin 70.8% (price 13.99, cost 4.08); stock us=21 eu=0 cn=0 effective=21; variant payload us=30 total=30; description 274 chars, quality_score=88; 29 gallery images + primary",no shipping window on record — conservative shipping score
4e0895b3-2066-440a-ac25-2c4d592ff512,led-laser-electronic-rolling-pet-funny-cat-toy-ball,Automatic LED Cat Toy – Interactive Rolling Laser Ball for Cats,active,true,cat,Cat Toys,Pet Supplies > Cat Supplies > Toys > Automatic Cat Toys,16.99,21.99,5.75,66.2,582CB98C-B3E2-419E-8D2D-0BACDEEF4ABD,CJ Dropshipping,available,3,20,20,0,157697,20,US,true,,97,22,1104,87,B1,true,led laser electronic rolling pet funny cat toy ball,none-detected,27,0,0,0,13,15,10,0,4,8,8,4,5,3,3,73,UNUSABLE_SHIPPING_PROMISE,0,HERO_CANDIDATE,"margin 66.2% (price 16.99, cost 5.75); stock us=20 eu=0 cn=157697 effective=20; variant payload us=20 total=22; description 1104 chars, quality_score=87; 22 gallery images + primary",no shipping window on record — conservative shipping score; differentiators: automatic
417336ad-6576-451c-9fda-d514a759e0b5,pawhut-wooden-dog-agility-seesaw-for-balance-training-and-exercise-platform-4173,Dog Seesaw for Backyard Balance Training,active,true,unknown,Dog Training,Pet Supplies > Dog Supplies > Training & Behaviour > Training Aids,132.78,165.98,53.11,60,2031922121299316737,CJ Dropshipping,available,1,187,187,0,0,187,US,true,,,10,2086,69,C,true,,none-detected,33,0,0,0,13,15,10,3,1,8,8,4,5,4,2,73,UNUSABLE_SHIPPING_PROMISE,0,CORE_CANDIDATE,"margin 60.0% (price 132.78, cost 53.11); stock us=187 eu=0 cn=0 effective=187; variant payload us=241 total=241; description 2086 chars, quality_score=69; 10 gallery images + primary",no shipping window on record — conservative shipping score; problem signals: anti-slip; no weight on record — damage risk partly inferred; inventory sync stale or never run
0441e51b-d537-468b-8938-66b2dee6e6c9,44-multi-level-cat-tree-with-spacious-top-perch-2-door-condo-hammock-for-indoor-0441,Cat Tree – Multi-Level 44 Inch Condo with Spacious Perch & Hammock for Cats,active,true,cat,Cat Trees & Condos,Pet Supplies > Cat Supplies > Furniture > Cat Trees & Condos,128.99,158.99,73.55,43,2013831230079782913,CJ Dropshipping,unknown,1,230,230,0,0,230,US,true,,1000,7,199,,B1,true,44 multilevel cat tree with spacious top perch 2door condo  hammock for indoor cats gray,none-detected,24,0,0,0,8,15,10,3,10,1,8,7,5,3,3,73,UNUSABLE_SHIPPING_PROMISE|INSUFFICIENT_SPECS,1,CORE_CANDIDATE,"margin 43.0% (price 128.99, cost 73.55); stock us=230 eu=0 cn=0 effective=230; variant payload us=230 total=230; description 199 chars, quality_score=n/a; 7 gallery images + primary","no shipping window on record — conservative shipping score; problem signals: scratch; differentiators: multi-level, enclosed, furniture; no quality/readiness score — spec confidence from copy length only"
b556d329-1946-4cd8-aab3-6f47ccce6502,cat-litter-box-with-lid-with-scoop-and-filter-white," Cat Litter Box with Lid with Scoop and Filter, White",inactive,false,cat,Cat Litter Boxes,,123.99,150.99,70.76,42.9,2003461890048978945,CJ Dropshipping,unknown,1,232,254,0,0,254,US,true,,4000,8,937,,C,false,cat litter box with lid with scoop and filter white,confirmed,0,0,0,0,8,15,8,6,6,3,8,7,5,3,4,73,UNUSABLE_SHIPPING_PROMISE|DUPLICATE,1,CORE_CANDIDATE,"margin 42.9% (price 123.99, cost 70.76); stock us=254 eu=0 cn=0 effective=254; variant payload us=0 total=0; description 937 chars, quality_score=n/a; 8 gallery images + primary","no shipping window on record — conservative shipping score; problem signals: odor, litter; differentiators: enclosed, furniture; no quality/readiness score — spec confidence from copy length only"
7a7f883e-4fc5-44d9-a235-b876d79f3fca,elevated-portable-dog-cot-pet-bed-with-uv-protection-canopy-shade-36-inch-dark-blue," Elevated Portable Dog Cot Pet Bed with UV Protection Canopy Shade, 36 inch, Dark Blue",inactive,false,dog,Dog Beds,Pet Supplies > Dog Supplies > Beds & Furniture > Beds,89.49,110.99,51.16,42.8,2003454697985912833,CJ Dropshipping,unavailable,1,150,154,0,0,154,US,true,,3000,8,1068,83,C,false,elevated portable dog cot pet bed with uv protection canopy shade 36 inch dark blue,none-detected,0,0,0,0,8,15,8,3,4,8,8,7,5,3,4,73,UNUSABLE_SHIPPING_PROMISE,0,CORE_CANDIDATE,"margin 42.8% (price 89.49, cost 51.16); stock us=154 eu=0 cn=0 effective=154; variant payload us=0 total=0; description 1068 chars, quality_score=83; 8 gallery images + primary",no shipping window on record — conservative shipping score; problem signals: joint; differentiators: furniture
add8e99d-e727-4368-85ec-8b35763cbc25,only-self-pickup-galaxy-fully-enclosed-cat-litter-box,Only Self Pickup---Galaxy Fully Enclosed Cat Litter Box,inactive,false,unknown,Pet Furniture Tools,,47.99,60.99,19.3,59.8,2062452014795124737,CJ Dropshipping,unknown,3,366,366,0,0,366,US,true,,1700,16,277,,C,false,,none-detected,0,0,0,0,11,15,10,3,7,2,8,7,5,3,2,73,UNUSABLE_SHIPPING_PROMISE|INVENTORY_BLOCKED,1,CORE_CANDIDATE,"margin 59.8% (price 47.99, cost 19.3); stock us=366 eu=0 cn=0 effective=366; variant payload us=0 total=0; description 277 chars, quality_score=n/a; 16 gallery images + primary","no shipping window on record — conservative shipping score; problem signals: litter; differentiators: enclosed, furniture; no quality/readiness score — spec confidence from copy length only; inventory sync stale or never run"
bfedf59d-4b88-4c64-ba91-c86816e7af1d,extra-large-stainless-steel-cat-litter-box-for-big-cats-with-flip-cover-high-sided-enclosure-scoop," Extra Large Stainless Steel Cat Litter Box for Big Cats with Flip Cover, High-Sided Enclosure & Scoop",active,true,cat,Cat Litter Boxes,,131.99,168.99,75.42,42.9,2003462990519185410,CJ Dropshipping,unavailable,1,100,100,0,0,100,US,true,,4700,9,974,,C,true,extra large stainless steel cat litter box for big cats with flip cover highsided enclosure  scoop,none-detected,23,0,0,0,8,15,10,6,4,3,8,7,5,3,4,73,UNUSABLE_SHIPPING_PROMISE,0,HERO_CANDIDATE,"margin 42.9% (price 131.99, cost 75.42); stock us=100 eu=0 cn=0 effective=100; variant payload us=56 total=56; description 974 chars, quality_score=n/a; 9 gallery images + primary","no shipping window on record — conservative shipping score; problem signals: odor, litter; differentiators: flip; no quality/readiness score — spec confidence from copy length only"
d9710f28-ce34-471b-a418-754d6da688b0,wooden-dog-agility-seesaw-for-training-and-exercise-yellow," Wooden Dog Agility Seesaw for Training and Exercise, Yellow",active,true,dog,Dog Grooming,Pet Supplies > Dog Supplies > Training & Obedience > Agility Equipment,134.99,165.99,77.27,42.8,2003454430114410497,CJ Dropshipping,unknown,1,80,80,0,0,80,US,true,,7000,9,1318,82,C,true,wooden dog agility seesaw for training and exercise yellow,none-detected,27,0,0,0,8,15,10,3,1,9,8,7,5,3,4,73,UNUSABLE_SHIPPING_PROMISE,0,CORE_CANDIDATE,"margin 42.8% (price 134.99, cost 77.27); stock us=80 eu=0 cn=0 effective=80; variant payload us=330 total=330; description 1318 chars, quality_score=82; 9 gallery images + primary",no shipping window on record — conservative shipping score; problem signals: splash
dd22e0bb-2e11-4508-b56c-79221fc13bd0,double-layer-rice-cat-litter-mat,Cat Litter Mat – Double-Layer Rice Design for Easy Cleaning,active,true,cat,Cat Litter Boxes,Pet Supplies > Cat Supplies > Litter & Waste > Litter Mats,60.49,73.99,30.34,49.8,1876539008393322498,CJ Dropshipping,unknown,1,101,101,0,0,101,unknown,true,,3840,6,253,90,B1,true,doublelayer rice cat litter mat,none-detected,21,0,0,0,8,15,10,6,1,7,8,7,5,3,3,73,UNUSABLE_SHIPPING_PROMISE,0,HERO_CANDIDATE,"margin 49.8% (price 60.49, cost 30.34); stock us=101 eu=0 cn=0 effective=101; variant payload us=101 total=101; description 253 chars, quality_score=90; 6 gallery images + primary","no shipping window on record — conservative shipping score; problem signals: tracking, litter"
b22cd3ee-42d6-4431-9aaf-3b7a17cdf107,dog-ramp-for-bed-pet-ramp-for-dogs-with-non-slip-carpet-and-top-platform-74-x-16-x-25-brown," Dog Ramp for Bed, Pet Ramp for Dogs with Non-Slip Carpet and Top Platform, 74"" x 16"" x 25"", Brown",inactive,false,dog,Dog Beds,Pet Supplies > Dog Supplies > Furniture > Dog Ramps,196.99,255.99,131.47,33.3,2003455728985501697,CJ Dropshipping,unknown,1,276,276,0,0,276,US,true,,14000,8,1096,74,C,false,dog ramp for bed pet ramp for dogs with nonslip carpet and top platform 74 x 16 x 25 brown,confirmed,0,0,0,0,5,15,10,6,3,7,8,7,5,3,4,73,UNUSABLE_SHIPPING_PROMISE|UNACCEPTABLE_MARGIN|DUPLICATE,2,LONGTAIL,"margin 33.3% (price 196.99, cost 131.47); stock us=276 eu=0 cn=0 effective=276; variant payload us=420 total=420; description 1096 chars, quality_score=74; 8 gallery images + primary","no shipping window on record — conservative shipping score; problem signals: non-slip, joint; differentiators: furniture"
6066ab06-9a4b-4dff-845e-27dd3869dbfb,smart-bird-feeder-with-solar-powered-camera-1080p-hd-ai-identify-pir-motion-6066,Smart Bird Feeder – Solar Powered Camera with AI for Birds,inactive,false,unknown,Bird Bowls & Feeders,Pet Supplies > Bird Supplies > Feeding Supplies > Smart Bird Feeder,166.99,208.99,95.38,42.9,1972117495217627137,CJ Dropshipping,unknown,1,460,460,0,0,460,US,true,,1847,6,3777,,C,false,smart bird feeder with solar powered camera 1080p hd ai identify pir motion auto capture video cloud card storage wifi connection app control ip65 waterproof,confirmed,0,0,0,0,8,15,8,3,10,4,8,4,5,3,4,72,UNUSABLE_SHIPPING_PROMISE|DUPLICATE,1,CORE_CANDIDATE,"margin 42.9% (price 166.99, cost 95.38); stock us=460 eu=0 cn=0 effective=460; variant payload us=0 total=0; description 3777 chars, quality_score=n/a; 6 gallery images + primary","no shipping window on record — conservative shipping score; problem signals: waterproof; differentiators: dual, rotat, automatic, sensor; no quality/readiness score — spec confidence from copy length only"
8720d049-8b7b-4492-a5e7-22c59df71a8d,interactive-rolling-cat-ball,Automatic Cat Toy – Interactive Rolling Ball for Cats,active,true,cat,Cat Toys,Pet Supplies > Cat Supplies > Toys > Automatic Cat Toys,43.99,58.99,17.62,59.9,1996402356062965762,CJ Dropshipping,available,4,320,320,0,0,320,US,true,,150,16,1034,92,A,true,interactive rolling cat ball,none-detected,29,0,0,0,11,15,10,0,4,9,8,4,5,3,3,72,UNUSABLE_SHIPPING_PROMISE,0,HERO_CANDIDATE,"margin 59.9% (price 43.99, cost 17.62); stock us=320 eu=0 cn=0 effective=320; variant payload us=320 total=320; description 1034 chars, quality_score=92; 16 gallery images + primary",no shipping window on record — conservative shipping score; differentiators: automatic
9ae96a58-20ff-4b17-8eb5-4e2a3afe89b5,wooden-dog-agility-seesaw-for-training-and-exercise-platform-equipment-run-game-toy-weather-resistan," Wooden Dog Agility Seesaw for Training and Exercise, Platform Equipment Run Game Toy, Weather Resistant Pet Supplies, 71"" L x 12"" W x 12"" H, Natural",active,true,dog,Dog Toys,Pet Supplies > Dog Supplies > Training & Obedience > Agility Equipment,136.99,176.99,78.1,43,2003454310140538882,CJ Dropshipping,unknown,1,356,356,0,0,356,US,true,,7000,9,1281,81,C,true,wooden dog agility seesaw for training and exercise platform equipment run game toy weather resistant pet supplies 71 l x 12 w x 12 h natural,none-detected,25,0,0,0,8,15,10,3,1,9,8,7,5,3,3,72,UNUSABLE_SHIPPING_PROMISE,0,CORE_CANDIDATE,"margin 43.0% (price 136.99, cost 78.1); stock us=356 eu=0 cn=0 effective=356; variant payload us=449 total=449; description 1281 chars, quality_score=81; 9 gallery images + primary",no shipping window on record — conservative shipping score; problem signals: non-slip
292d5788-3404-4ac3-87e9-faa1c4982a12,29-moon-star-cat-tree-with-4-levels-jute-scratching-posts-anti-tipping-device-292d,Cat Tree Condo – 4-Level Moon & Star Jute Scratching Post for Cats,active,true,cat,Cat Trees & Condos,Pet Supplies > Cat Supplies > Furniture > Cat Tree,103.99,127.99,59.52,42.8,2013825884057653249,CJ Dropshipping,unknown,1,230,230,0,0,230,US,true,,1000,7,189,87,B1,true,29 moon  star cat tree with 4 levels jute scratching posts  antitipping device for kittens  adultspurple,none-detected,29,0,0,0,8,15,10,3,4,6,8,7,5,3,3,72,UNUSABLE_SHIPPING_PROMISE|INSUFFICIENT_SPECS,1,CORE_CANDIDATE,"margin 42.8% (price 103.99, cost 59.52); stock us=230 eu=0 cn=0 effective=230; variant payload us=230 total=230; description 189 chars, quality_score=87; 7 gallery images + primary",no shipping window on record — conservative shipping score; problem signals: scratch; differentiators: furniture
aae89d2f-3f1f-42b7-8f12-9edd5b5fd36d,pet-sofa-bed-couch-with-storage-pet-sofa-for-cats-and-small-dogs-dark-gray," Pet Sofa Bed Couch with Storage, Pet Sofa for Cats and Small Dogs, Dark Gray",inactive,false,dog,Dog Beds,,169.99,206.99,97.38,42.7,2003455015068147714,CJ Dropshipping,unknown,1,258,258,0,0,258,US,true,,8350,8,1015,,C,false,pet sofa bed couch with storage pet sofa for cats and small dogs dark gray,confirmed,0,0,0,0,8,15,8,6,6,3,8,7,5,3,3,72,UNUSABLE_SHIPPING_PROMISE|DUPLICATE,1,CORE_CANDIDATE,"margin 42.7% (price 169.99, cost 97.38); stock us=258 eu=0 cn=0 effective=258; variant payload us=390 total=390; description 1015 chars, quality_score=n/a; 8 gallery images + primary","no shipping window on record — conservative shipping score; problem signals: shed, orthopedic; differentiators: hidden, furniture; no quality/readiness score — spec confidence from copy length only"
f02a0385-8f94-429e-8552-35a73a740d28,1pc-dog-potty-training-artificial-grass-pad-pet-cat-toilet-trainer-mat-puppy-f02a,Dog Potty Training Pad – Artificial Grass Mat with Loo Tray for Puppies,active,true,both,Dog Training,Pet Supplies > Multi-Pet Supplies > Training & Housebreaking > Potty Training Pad,95.99,123.99,54.99,42.7,1965667532353343490,CJ Dropshipping,unknown,1,96,96,0,0,96,US,true,,2492,11,1067,92,A,true,1pc dog potty training artificial grass pad pet cat toilet trainer mat puppy loo tray turf for small medium dogs indoor outdoor use,none-detected,25,0,0,0,8,15,10,3,1,9,8,7,5,3,3,72,UNUSABLE_SHIPPING_PROMISE,0,CORE_CANDIDATE,"margin 42.7% (price 95.99, cost 54.99); stock us=96 eu=0 cn=0 effective=96; variant payload us=121 total=121; description 1067 chars, quality_score=92; 11 gallery images + primary",no shipping window on record — conservative shipping score; problem signals: odor
a6f8d3d3-15b9-4bdf-930c-b56a3f0a91ef,dog-rubber-ball-with-bell-sound-2-pack-interactive-pet-chew-toy-for-puppies-and-a6f8,Durable Dog Chew Toy – 2-Pack Interactive Rubber Ball with Bell for Puppies,active,true,dog,Dog Toys,Pet Supplies > Dog Supplies > Toys > Chew Toy,41.99,51.99,16.91,59.7,1976128240079593473,CJ Dropshipping,unknown,2,66,66,0,0,66,US,true,,300,8,1291,92,B1,true,dog rubber ball with bell sound 2pack interactive pet chew toy for puppies and small dogsplease note that both items shipped are intended as bells and do not include lights,none-detected,26,0,0,0,11,15,10,0,4,10,8,4,5,3,2,72,UNUSABLE_SHIPPING_PROMISE,0,CORE_CANDIDATE,"margin 59.7% (price 41.99, cost 16.91); stock us=66 eu=0 cn=0 effective=66; variant payload us=155 total=155; description 1291 chars, quality_score=92; 8 gallery images + primary",no shipping window on record — conservative shipping score; differentiators: sensor; inventory sync stale or never run
fddf927a-6762-47b3-a339-80aeca7798b9,pawhut-pet-feeding-station-pet-dish-bowl-set-with-storage-2-elevated-dog-bowls-fddf,Elevated Dog Bowls – Pet Feeding Station with Storage for Large Dogs,active,true,dog,Dog Bowls & Feeders,Pet Supplies > Dog Supplies > Feeding Supplies > Dog Bowls & Feeders,160.99,196.99,92.08,42.8,2005518206789111809,CJ Dropshipping,available,1,0,4,0,0,4,US,true,,9980,11,1331,91,A,true,pawhut pet feeding station pet dish bowl set with storage 2 elevated dog bowls for large sized dogs white and black,none-detected,21,0,0,0,8,12,10,3,4,9,8,7,5,3,3,72,UNUSABLE_SHIPPING_PROMISE,0,CORE_CANDIDATE,"margin 42.8% (price 160.99, cost 92.08); stock us=4 eu=0 cn=0 effective=4; variant payload us=28 total=28; description 1331 chars, quality_score=91; 11 gallery images + primary",no shipping window on record — conservative shipping score; problem signals: joint; differentiators: furniture
66bbc162-5ead-4da3-8e89-61342dfdc9ab,outdoor-catio-cat-enclosure-large-wooden-cat-house-with-6-jumping-platforms-66bb,Outdoor Cat Enclosure – Large House with Platforms & Scratching Post,active,true,cat,Cat Houses,Pet Supplies > Cat Supplies > Cat Furniture > Cat Enclosures,471.99,594.99,347.58,26.4,2008465157585420289,CJ Dropshipping,unknown,1,46,46,0,0,46,US,true,,25500,10,3286,83,C,true,outdoor catio cat enclosure large wooden cat house with 6 jumping platforms scratching post 2 ramps for 23 kittens,none-detected,25,0,0,0,2,15,10,6,4,9,8,7,5,3,3,72,UNUSABLE_SHIPPING_PROMISE|UNACCEPTABLE_MARGIN,1,CORE_CANDIDATE,"margin 26.4% (price 471.99, cost 347.58); stock us=46 eu=0 cn=0 effective=46; variant payload us=94 total=94; description 3286 chars, quality_score=83; 10 gallery images + primary","no shipping window on record — conservative shipping score; problem signals: scratch, waterproof; differentiators: furniture"
c15e7914-ab30-4b05-a8bd-2b94a056e00f,dog-ramp-for-bed-pet-ramp-for-dogs-with-non-slip-carpet-and-top-platform,Dog Bed Ramp – Non-Slip Carpet Top Access Platform for Dogs,active,true,dog,Dog Beds,Pet Supplies > Dog Supplies > Beds > Bed Ramp,171.99,207.99,114.68,33.3,2013438747630202882,CJ Dropshipping,unknown,1,30,30,0,0,30,US,true,,12000,11,978,91,C,true,dog ramp for bed pet ramp for dogs with nonslip carpet and top platform,none-detected,25,0,0,0,5,15,10,6,1,8,8,7,5,3,4,72,UNUSABLE_SHIPPING_PROMISE|UNACCEPTABLE_MARGIN,1,CORE_CANDIDATE,"margin 33.3% (price 171.99, cost 114.68); stock us=30 eu=0 cn=0 effective=30; variant payload us=92 total=92; description 978 chars, quality_score=91; 11 gallery images + primary","no shipping window on record — conservative shipping score; problem signals: non-slip, joint"
63a46ba4-25fc-4d8e-b89e-99f62bbf9fcb,pawhut-plastic-dog-house-for-medium-and-small-dogs-water-resistant-puppy-63a4,Water-Resistant Dog House – Indoor Outdoor Shelter for Small & Medium Dogs,active,true,dog,Dog Houses,Pet Supplies > Dog Supplies > Beds & Furniture > Dog Houses,129.99,157.99,74.27,42.9,2008051161036140546,CJ Dropshipping,unknown,1,105,105,0,0,105,US,true,,6000,11,3991,89,C,true,pawhut plastic dog house for medium and small dogs water resistant puppy shelter indoor outdoor with door easy to assemble blue,none-detected,16,0,0,0,8,15,10,3,4,9,8,7,5,0,3,72,UNUSABLE_SHIPPING_PROMISE,0,CORE_CANDIDATE,"margin 42.9% (price 129.99, cost 74.27); stock us=105 eu=0 cn=0 effective=105; variant payload us=23 total=23; description 3991 chars, quality_score=89; 11 gallery images + primary",no shipping window on record — conservative shipping score; problem signals: waterproof; differentiators: furniture
f25d3141-fce0-45d5-91e1-7e68f924d966,2-in-1-pet-nail-clippers-with-led-light-dog-cat-special-blood-line-scissors-f25d,Cat Nail Clippers – LED Light Bloodline Scissors,active,true,both,Cat Grooming,Pet Supplies > Multi-Pet Supplies > Grooming > Nail Clippers,14.99,18.99,4.35,71,2501080852341618700,CJ Dropshipping,unknown,4,385,385,0,0,385,US,true,,20,31,999,86,B1,true,2 in 1 pet nail clippers with led light dog cat special blood line scissors multifunction animals paw nail trimmer pet supplies,none-detected,20,0,0,0,15,15,10,3,1,8,8,4,2,3,3,72,UNUSABLE_SHIPPING_PROMISE,0,CORE_CANDIDATE,"margin 71.0% (price 14.99, cost 4.35); stock us=385 eu=0 cn=0 effective=385; variant payload us=385 total=385; description 999 chars, quality_score=86; 31 gallery images + primary",no shipping window on record — conservative shipping score; problem signals: dental
4cee1de1-bad2-449c-afad-94a482394545,pawhut-wooden-dog-ramp-with-removable-guardrails-non-slip-surface,Durable Dog Ramp – Wooden Non-Slip with Removable Guardrails for Dogs,active,true,dog,Dog Beds,Pet Supplies > Dog Supplies > Ramps & Stairs > Dog Ramp,164.99,253.99,110.15,33.2,2004831293124481026,CJ Dropshipping,unknown,1,31,31,0,0,31,US,true,,7980,11,1069,89,C,true,pawhut wooden dog ramp with removable guardrails nonslip surface,none-detected,20,0,0,0,5,15,8,6,4,8,8,7,5,3,3,72,UNUSABLE_SHIPPING_PROMISE|UNACCEPTABLE_MARGIN,1,CORE_CANDIDATE,"margin 33.2% (price 164.99, cost 110.15); stock us=31 eu=0 cn=0 effective=31; variant payload us=34 total=34; description 1069 chars, quality_score=89; 11 gallery images + primary","no shipping window on record — conservative shipping score; problem signals: non-slip, joint; differentiators: furniture"
58764079-8a5a-47f9-ba9e-772d412eb0a9,dog-training-collar-receiver-ip67-waterproof-dog-bark-shock-vibration-beep-5876,"Waterproof Dog Training Collar Receiver – Shock, Vibration & Beep for Dogs",active,true,dog,Dog Collars & Leashes,Pet Supplies > Dog Supplies > Collars & Leashes > Training Collar Receivers,64.99,81.99,34.88,46.3,1990619269430419457,CJ Dropshipping,unknown,1,230,230,0,0,230,US,true,,1000,7,995,88,A,true,dog training collar receiver ip67 waterproof dog bark shock vibration beep receiver up to 3280ft,none-detected,17,0,0,0,8,15,10,6,1,8,8,4,5,3,3,71,UNUSABLE_SHIPPING_PROMISE,0,CORE_CANDIDATE,"margin 46.3% (price 64.99, cost 34.88); stock us=230 eu=0 cn=0 effective=230; variant payload us=230 total=230; description 995 chars, quality_score=88; 7 gallery images + primary","no shipping window on record — conservative shipping score; problem signals: splash, waterproof"
dcc0a412-adfe-49b3-8f26-ad8382f3a2d9,1pc-smart-pet-water-fountain-automatic-cat-water-dispenser-4-5l-cordless-dcc0,Automatic Pet Water Fountain – 4.5L Cordless Rechargeable Dispenser for Dogs & Cats,inactive,false,both,Cat Bowls & Feeders,Pet Supplies > Multi-Pet Supplies > Feeding > Water Fountains,104.98,131.23,41.99,60,2020792835590291457,CJ Dropshipping,available,1,41,41,0,0,41,US,true,,900,14,3193,85,B1,false,,none-detected,0,0,0,0,13,15,8,0,7,9,8,4,5,0,2,71,UNUSABLE_SHIPPING_PROMISE,0,CORE_CANDIDATE,"margin 60.0% (price 104.98, cost 41.99); stock us=41 eu=0 cn=0 effective=41; variant payload us=0 total=0; description 3193 chars, quality_score=85; 14 gallery images + primary","no shipping window on record — conservative shipping score; differentiators: dual, automatic; inventory sync stale or never run"
2578d864-6fc6-432c-9834-c0dfb9237630,990ft-range-dog-wireless-fence-remote-training-collar-ipx6-waterproof-receiver-2578,"Dog Training Collar System – 990FT Wireless Fence with Beep, Vibration & Shock",active,true,dog,Dog Houses,Pet Supplies > Dog Supplies > Training Supplies > Training Collars,98.99,159.99,56.73,42.7,1971842872054013954,CJ Dropshipping,unknown,1,460,460,0,0,460,US,true,,369,6,1086,88,B1,true,990ft range dog wireless fence remote training collar ipx6 waterproof receiver with 09 levels beep vibration shock mode 4 channels rechargeable transmitter system,none-detected,32,0,0,0,8,15,10,3,1,8,8,7,5,3,3,71,UNUSABLE_SHIPPING_PROMISE,0,CORE_CANDIDATE,"margin 42.7% (price 98.99, cost 56.73); stock us=460 eu=0 cn=0 effective=460; variant payload us=460 total=460; description 1086 chars, quality_score=88; 6 gallery images + primary",no shipping window on record — conservative shipping score; problem signals: waterproof
2ecce7fe-7d88-4f67-8292-1b96f008db14,3280ft-dog-training-collar-ip67-waterproof-pet-beep-vibration-electric-shock-2ecc,"Waterproof Dog Training E-Collar – Beep, Vibration & Electric Shock for Dogs",inactive,false,dog,Dog Collars & Leashes,Pet Supplies > Dog Supplies > Training & Behavior Aids > Electric Dog Collars,109.99,139.99,62.66,43,1990411412269477890,CJ Dropshipping,unknown,1,230,230,0,0,230,US,true,,1000,6,1093,87,A,false,3280ft dog training collar ip67 waterproof pet beep vibration electric shock collar,none-detected,0,0,0,0,8,15,10,3,1,8,8,7,5,3,3,71,UNUSABLE_SHIPPING_PROMISE|INVENTORY_BLOCKED,1,CORE_CANDIDATE,"margin 43.0% (price 109.99, cost 62.66); stock us=230 eu=0 cn=0 effective=230; variant payload us=230 total=230; description 1093 chars, quality_score=87; 6 gallery images + primary",no shipping window on record — conservative shipping score; problem signals: waterproof
90ca4bf5-2c34-40b2-b4e1-dd94ce66b3ba,reflective-leash-set-it-can-reflect-light-sources-effectively-enhancing-the-90ca,Reflective Dog Leash – Enhanced Safety for Outdoor Dog Walks,active,true,dog,Dog Collars & Leashes,Pet Supplies > Dog Supplies > Collars & Leashes > Leashes,36.95,44.99,14.79,60,1996504065321103361,CJ Dropshipping,unknown,9,898,898,0,0,898,US,true,,130,12,1106,88,A,true,reflective leash set it can reflect light sources effectively enhancing the safety of pets during outdoor outings,none-detected,19,0,0,0,11,15,10,0,4,8,8,4,5,3,3,71,UNUSABLE_SHIPPING_PROMISE,0,CORE_CANDIDATE,"margin 60.0% (price 36.95, cost 14.79); stock us=898 eu=0 cn=0 effective=898; variant payload us=898 total=898; description 1106 chars, quality_score=88; 12 gallery images + primary",no shipping window on record — conservative shipping score; differentiators: hidden
38787cc7-165f-4ae9-8cf9-7985f7b3dd03,pet-sound-bird-toy-universal-for-pets-of-all-ages-safe-material-durable-and-3878,Durable Bird Toy – Sound Anti-Bite Play Toy for Anxiety Relief,active,true,both,Bird Toys,Pet Supplies > Bird Supplies > Bird Toys,28.99,37.99,11.61,60,1927930516215586817,CJ Dropshipping,available,1,53,53,0,0,53,US,true,,25,8,1068,87,B1,true,pet sound bird toy universal for pets of all ages safe material durable and antibite alleviate pet anxiety,none-detected,15,0,0,0,11,15,10,3,1,8,8,4,5,3,3,71,UNUSABLE_SHIPPING_PROMISE,0,CORE_CANDIDATE,"margin 60.0% (price 28.99, cost 11.61); stock us=53 eu=0 cn=0 effective=53; variant payload us=69 total=69; description 1068 chars, quality_score=87; 8 gallery images + primary",no shipping window on record — conservative shipping score; problem signals: anxiety
e2b155c1-8042-468e-8bbe-46d4912d8247,fashion-embossed-training-long-rope-an-auxiliary-tool-for-recall-memory-and-e2b1,Dog Training Rope – Embossed Recall & Tracking Tool for Dogs,active,true,dog,Dog Training,Pet Supplies > Dog Supplies > Training Supplies > Training Ropes,35.99,45.99,14.49,59.7,1996493833877561346,CJ Dropshipping,unknown,12,1199,1199,0,0,1199,US,true,,140,9,1026,88,A,true,fashion embossed training long rope an auxiliary tool for recall memory and tracking training,none-detected,26,0,0,0,11,15,10,3,1,8,8,4,5,3,3,71,UNUSABLE_SHIPPING_PROMISE,0,CORE_CANDIDATE,"margin 59.7% (price 35.99, cost 14.49); stock us=1199 eu=0 cn=0 effective=1199; variant payload us=1199 total=1199; description 1026 chars, quality_score=88; 9 gallery images + primary",no shipping window on record — conservative shipping score; problem signals: tracking
50f9f855-6856-421f-9764-4d106de72416,3-in-1-pet-travel-collapsible-bowl-foldable-slow-feeder-with-strong-suction-50f9,Foldable Dog Travel Bowl – 3-in-1 Slow Feeder with Suction Cups,active,true,dog,Dog Bowls & Feeders,Pet Supplies > Dog Supplies > Feeding > Travel Bowls,40.95,50.99,20.49,50,2001621559419518978,CJ Dropshipping,unknown,6,1380,1380,0,0,1380,US,true,,1000,13,983,85,B1,true,3in1 pet travel collapsible bowl foldable slowfeeder with strong suction cups  portable silicone dog bowl with hook for hanging on collarbackpack,none-detected,26,0,0,0,8,15,10,3,4,8,8,4,5,3,3,71,UNUSABLE_SHIPPING_PROMISE,0,CORE_CANDIDATE,"margin 50.0% (price 40.95, cost 20.49); stock us=1380 eu=0 cn=0 effective=1380; variant payload us=1379 total=1379; description 983 chars, quality_score=85; 13 gallery images + primary",no shipping window on record — conservative shipping score; problem signals: slow feeder; differentiators: foldable
6b229a90-b51e-428a-a00e-db6f98893fd5,natural-rubber-chew-toys-dog-toys-for-aggressive-chewers-dog-toys-for-medium-6b22,Durable Dog Chew Toy – Natural Rubber Toy for Aggressive Chewers,active,true,dog,Dog Toys,Pet Supplies > Dog Supplies > Toys > Chew Toy,39.95,50.99,15.99,60,2004028160057716737,CJ Dropshipping,unknown,1,36,36,0,0,36,US,true,,200,6,927,87,B1,true,natural rubber chew toysdog toys for aggressive chewers dog toys for medium large dogs toys for traning,none-detected,21,0,0,0,11,15,10,3,1,8,8,4,5,3,3,71,UNUSABLE_SHIPPING_PROMISE,0,CORE_CANDIDATE,"margin 60.0% (price 39.95, cost 15.99); stock us=36 eu=0 cn=0 effective=36; variant payload us=42 total=42; description 927 chars, quality_score=87; 6 gallery images + primary",no shipping window on record — conservative shipping score; problem signals: dental
7b540a34-7048-4f10-8c91-118b86278571,dog-bowls-pet-feeding-storage,Dog Food Storage Container – Feeder Bin with Bowl for Dogs,active,true,dog,Dog Bowls & Feeders,Pet Supplies > Dog Supplies > Feeding Supplies > Food Storage Container,164.99,208.99,109.76,33.5,2004107860278157313,CJ Dropshipping,unknown,1,230,230,0,0,230,US,true,,1000,6,1061,88,A,true,dog bowls pet feeding storage,none-detected,22,0,0,0,5,15,10,9,1,8,8,4,5,3,3,71,UNUSABLE_SHIPPING_PROMISE|UNACCEPTABLE_MARGIN,1,CORE_CANDIDATE,"margin 33.5% (price 164.99, cost 109.76); stock us=230 eu=0 cn=0 effective=230; variant payload us=230 total=230; description 1061 chars, quality_score=88; 6 gallery images + primary","no shipping window on record — conservative shipping score; problem signals: splash, non-slip, joint"
63b6933b-c43c-46fb-a41f-99304b42c083,train-collar-or-receiver-only-options-3280ft-dog-training-collar-ip67-63b6,"Durable Dog Training Collar – Waterproof Remote with Beep, Vibration & E-Shock",active,true,dog,Dog Training,Pet Supplies > Dog Supplies > Training Aids > Training Collar,54.99,68.99,27.6,49.8,1965713610479882241,CJ Dropshipping,unknown,2,154,154,0,0,154,US,true,,112,22,1079,85,A,true,train collar or receiver only options  3280ft dog training collar ip67 waterproof pet beep vibration electric shock collar 3 channels rechargeable transmitter receiver trainer with flashlight,none-detected,18,0,0,0,8,15,10,3,1,8,8,7,5,3,3,71,UNUSABLE_SHIPPING_PROMISE,0,CORE_CANDIDATE,"margin 49.8% (price 54.99, cost 27.6); stock us=154 eu=0 cn=0 effective=154; variant payload us=176 total=176; description 1079 chars, quality_score=85; 22 gallery images + primary",no shipping window on record — conservative shipping score; problem signals: waterproof
8db4321c-896f-4341-aaca-80adc2241b1f,dog-training-collar-receiver-ip67-waterproof-dog-bark-shock-vibration-beep-8db4,"Waterproof Dog Training Collar – IP67 Bark with Shock, Vibration & Beep",inactive,false,dog,Dog Training,Pet Supplies > Dog Supplies > Training & Behavior Aids > Electric Dog Collars,64.99,81.99,32.63,49.8,1971091555935715329,CJ Dropshipping,unknown,1,460,460,0,0,460,US,true,,500,8,1219,88,C,false,dog training collar receiver ip67 waterproof dog bark shock vibration beep receiver up to 3280ft,confirmed,0,0,0,0,8,15,8,6,0,9,8,7,5,3,2,71,UNUSABLE_SHIPPING_PROMISE|DUPLICATE,1,CORE_CANDIDATE,"margin 49.8% (price 64.99, cost 32.63); stock us=460 eu=0 cn=0 effective=460; variant payload us=0 total=0; description 1219 chars, quality_score=88; 8 gallery images + primary","no shipping window on record — conservative shipping score; problem signals: splash, waterproof; inventory sync stale or never run"
87e8b442-b810-4b5f-815f-810133d54d18,pawhut-floor-to-ceiling-cat-tree-cat-climbing-tower-with-sisal-covered-87e8,Cat Activity Tree – Multi-Level Floor-to-Ceiling Sisal Scratching Post for Cats,inactive,false,cat,Cat Trees & Condos,Pet Supplies > Cat Supplies > Cat Furniture > Cat Activity Tree,139.99,173.99,79.95,42.9,2004746896434106370,CJ Dropshipping,unknown,1,67,67,0,0,67,US,true,,8160,11,1070,,C,false,pawhut floortoceiling cat tree cat climbing tower with sisalcovered scratching posts natural cat tree activity center for kittens cat tower furniture grey,confirmed,0,0,0,0,8,15,8,3,9,3,8,7,5,3,2,71,UNUSABLE_SHIPPING_PROMISE|DUPLICATE,1,CORE_CANDIDATE,"margin 42.9% (price 139.99, cost 79.95); stock us=67 eu=0 cn=0 effective=67; variant payload us=0 total=0; description 1070 chars, quality_score=n/a; 11 gallery images + primary","no shipping window on record — conservative shipping score; problem signals: scratch; differentiators: multi-level, furniture, sisal; no quality/readiness score — spec confidence from copy length only; inventory sync stale or never run"
c7177ee4-5509-492f-965f-617402968f5c,elevated-cooling-dog-bed-outdoor-pet-cot,GetPawsy Elevated Cooling Dog Bed – Breathable Outdoor Pet Cot,active,true,dog,Dog Beds,Pet Supplies > Dog Supplies > Beds & Furniture > Dog Beds,127.99,178.99,76.9,39.9,2016448584630894593,CJ Dropshipping,available,1,230,230,0,0,230,US,true,,1000,7,740,88,B1,true,dog cot cooling pet bed,none-detected,37,0,0,0,5,15,10,3,4,8,8,7,5,3,3,71,UNUSABLE_SHIPPING_PROMISE,0,CORE_CANDIDATE,"margin 39.9% (price 127.99, cost 76.9); stock us=230 eu=0 cn=0 effective=230; variant payload us=230 total=230; description 740 chars, quality_score=88; 7 gallery images + primary",no shipping window on record — conservative shipping score; problem signals: joint; differentiators: furniture
eb6e4932-29f8-48dd-82ae-89123a159e8d,pearl-design-pet-sofa-for-medium-and-large-sized-dogs-pet-bed-with-cushion-and-eb6e,Elevated Dog Bed – Solid Wood Leg Sofa Pet Cushion for Large Dogs,active,true,dog,Dog Beds,Pet Supplies > Dog Supplies > Beds & Furniture > Dog Beds,214.99,269.99,143.22,33.4,2003455113336496129,CJ Dropshipping,unknown,1,43,43,0,0,43,US,true,,10700,9,913,91,B1,true,pearl design pet sofa for medium and large sized dogs pet bed with cushion and solid wood legs green,none-detected,25,0,0,0,5,15,10,3,4,8,8,7,5,3,3,71,UNUSABLE_SHIPPING_PROMISE|UNACCEPTABLE_MARGIN,1,CORE_CANDIDATE,"margin 33.4% (price 214.99, cost 143.22); stock us=43 eu=0 cn=0 effective=43; variant payload us=28 total=28; description 913 chars, quality_score=91; 9 gallery images + primary",no shipping window on record — conservative shipping score; problem signals: joint; differentiators: furniture
1734a504-a2ad-43ad-9edf-71a06e202022,elevated-dog-bed-with-removable-canopy-portable-outside-raised-pet-cot-with-cooling-pad-storage-bag--1,Dog Bed Elevated with Portable Cooling Pad and Canopy,active,true,dog,Dog Beds,Pet Supplies > Dog Supplies > Beds > Elevated Beds,127.99,157.99,73.25,42.8,2003455503943639041,CJ Dropshipping,unknown,1,38,38,0,0,38,US,true,,3100,9,1098,86,C,true,elevated dog bed with removable canopy portable outside raised pet cot with cooling pad storage bag 36 x 295 x 35,none-detected,30,0,0,0,8,15,10,3,1,8,8,7,5,3,3,71,UNUSABLE_SHIPPING_PROMISE,0,CORE_CANDIDATE,"margin 42.8% (price 127.99, cost 73.25); stock us=38 eu=0 cn=0 effective=38; variant payload us=156 total=156; description 1098 chars, quality_score=86; 9 gallery images + primary",no shipping window on record — conservative shipping score; problem signals: joint
876b7030-a6de-4ab0-aa2b-9292bc361b64,set-of-5pcs-christmas-dog-rope-chew-toys-dog-interactive-toys-set-for-puppy-876b,Durable Dog Chew Toy – Christmas Themed Training Rope Set for Puppies,active,true,dog,Dog Toys,Pet Supplies > Dog Supplies > Toys > Chew Toy,41.49,52.99,16.62,59.9,1965718756987494401,CJ Dropshipping,unknown,1,24,24,0,0,24,US,true,,445,13,1116,87,B1,true,set of 5pcs christmas dog rope chew toys dog interactive toys set for puppy small medium aggressive chewers dogs training teething playing,none-detected,23,0,0,0,11,15,10,0,4,8,8,4,5,3,3,71,UNUSABLE_SHIPPING_PROMISE,0,CORE_CANDIDATE,"margin 59.9% (price 41.49, cost 16.62); stock us=24 eu=0 cn=0 effective=24; variant payload us=27 total=27; description 1116 chars, quality_score=87; 13 gallery images + primary",no shipping window on record — conservative shipping score; differentiators: furniture
f6753e66-6aef-4a36-b9e2-52cc1d65c574,dog-sofa-bed-for-small-dogs-with-soft-cushion-washable-cover-non-slip-foot-pads-f675,Soft Dog Bed – Washable Sofa Cushion with Non-Slip Pads for Small Dogs,active,true,dog,Dog Beds,Pet Supplies > Dog Supplies > Beds > Sofa Beds,108.99,132.99,62.33,42.8,2003455468199780353,CJ Dropshipping,unknown,1,32,32,0,0,32,US,true,,6800,9,958,84,B1,true,dog sofa bed for small dogs with soft cushion washable cover  nonslip foot pads orange,none-detected,28,0,0,0,8,15,10,3,1,8,8,7,5,3,3,71,UNUSABLE_SHIPPING_PROMISE,0,CORE_CANDIDATE,"margin 42.8% (price 108.99, cost 62.33); stock us=32 eu=0 cn=0 effective=32; variant payload us=66 total=66; description 958 chars, quality_score=84; 9 gallery images + primary",no shipping window on record — conservative shipping score; problem signals: non-slip
45b9c1dd-b459-458b-a78a-fe6b8fc7e179,1pc-dog-training-collar-with-remote-ip67-waterproof-pet-trainer-300mah-45b9,Durable Dog Training Collar – Waterproof Remote with 4 Modes,active,true,dog,Dog Training,Pet Supplies > Dog Supplies > Training Aids > Training Collar,40.99,52.99,20.69,49.5,1948304699455270914,CJ Dropshipping,unknown,1,73,73,0,0,73,US,true,,113,16,999,85,A,true,1pc dog training collar with remote  ip67 waterproof pet trainer 300mah rechargeable 875 yard remote control 4 modes adjustable level,none-detected,22,0,0,0,8,15,10,3,1,8,8,7,5,3,3,71,UNUSABLE_SHIPPING_PROMISE,0,CORE_CANDIDATE,"margin 49.5% (price 40.99, cost 20.69); stock us=73 eu=0 cn=0 effective=73; variant payload us=93 total=93; description 999 chars, quality_score=85; 16 gallery images + primary",no shipping window on record — conservative shipping score; problem signals: waterproof
a73edc37-b23f-4a01-8af0-102ef2ac2a84,64-light-gray-cat-tower-with-plush-perches-3-dangling-balls-jute-scratching-a73e,Cat Tree – Multi-Level Tower with Plush Perches & Jute Scratch Posts,active,true,cat,Cat Trees & Condos,Pet Supplies > Cat Supplies > Furniture > Cat Tree,158.99,195.99,91.14,42.7,2013826033186877442,CJ Dropshipping,unknown,1,230,230,0,0,230,US,true,,1000,7,275,,A,true,64 light gray cat tower with plush perches  3 dangling balls jute scratching posts  antitipping device for multicat households,none-detected,21,0,0,0,8,15,10,3,7,2,8,7,5,3,3,71,UNUSABLE_SHIPPING_PROMISE,0,CORE_CANDIDATE,"margin 42.7% (price 158.99, cost 91.14); stock us=230 eu=0 cn=0 effective=230; variant payload us=229 total=229; description 275 chars, quality_score=n/a; 7 gallery images + primary","no shipping window on record — conservative shipping score; problem signals: scratch; differentiators: multi-level, furniture; no quality/readiness score — spec confidence from copy length only"
d964894c-9abc-4fd7-b4aa-bba910a64ae6,dog-bed-pet-sofa,Comfortable Dog Bed – Pet Sofa for All Dogs,active,true,dog,Dog Beds,Pet Supplies > Dog Supplies > Beds > Pet Sofa,282.99,351.99,188.58,33.4,2004107814891593729,CJ Dropshipping,unknown,1,230,230,0,0,230,US,true,,1000,6,252,84,A,true,dog bedpet sofa,none-detected,47,10,0,0,5,15,10,6,1,7,8,7,5,3,4,71,UNUSABLE_SHIPPING_PROMISE|UNACCEPTABLE_MARGIN,1,CORE_CANDIDATE,"margin 33.4% (price 282.99, cost 188.58); stock us=230 eu=0 cn=0 effective=230; variant payload us=230 total=230; description 252 chars, quality_score=84; 6 gallery images + primary","no shipping window on record — conservative shipping score; problem signals: orthopedic, joint"
08856bd3-3842-4058-ba44-f1927ae59f2e,soft-warm-fleece-puppy-cat-bed-dog-cozy-nest-sofa-bed-cushion-mat-xxl-size,GetPawsy Soft Dog Bed – Warm Fleece Nest Cushion,active,true,both,Dog Beds,Pet Supplies > Multi-Pet Supplies > Beds & Furniture > Pet Beds,99.49,127.99,49.85,49.9,1979841815190630402,CJ Dropshipping,unknown,1,460,460,0,0,460,US,true,,1500,4,354,85,B1,true,soft warm fleece puppy cat bed dog cozy nest sofa bed cushion mat xxl size,none-detected,30,0,0,0,8,15,10,3,4,7,6,7,5,3,3,71,UNUSABLE_SHIPPING_PROMISE,0,CORE_CANDIDATE,"margin 49.9% (price 99.49, cost 49.85); stock us=460 eu=0 cn=0 effective=460; variant payload us=460 total=460; description 354 chars, quality_score=85; 4 gallery images + primary",no shipping window on record — conservative shipping score; problem signals: non-slip; differentiators: furniture
85317387-1ba6-474e-9d2d-32b3f95baf8a,dog-chew-toys-for-teeth-cleaning-pet-sausage-chew-brush-pet-chew-clean-buddy,Durable Dog Chew Toy – Teeth Cleaning Pet Sausage Brush for Dogs,active,true,dog,Dog Toys,Pet Supplies > Dog Supplies > Health > Dental Hygiene,45.99,56.99,18.48,59.8,2001622106826522625,CJ Dropshipping,unknown,3,690,690,0,0,690,US,true,,1000,8,971,88,A,true,dog chew toys for teeth cleaningpet sausage chew brushpet chew  clean buddy,none-detected,28,0,0,0,11,15,10,3,1,8,8,4,5,3,3,71,UNUSABLE_SHIPPING_PROMISE,0,CORE_CANDIDATE,"margin 59.8% (price 45.99, cost 18.48); stock us=690 eu=0 cn=0 effective=690; variant payload us=690 total=690; description 971 chars, quality_score=88; 8 gallery images + primary",no shipping window on record — conservative shipping score; problem signals: dental
ca34df1a-67e5-453d-8b42-2395d9ffc251,interactive-rolling-cat-ball-1,Interactive Cat Toy – Automatic Rolling Ball for Cats,inactive,false,cat,Cat Toys,Pet Supplies > Cat Supplies > Toys > Interactive Toys,44.95,58.99,17.99,60,1996395851484209154,CJ Dropshipping,unknown,4,312,312,0,0,312,US,true,,150,17,1094,86,C,false,interactive rolling cat ball,confirmed,0,0,0,0,11,15,10,0,3,8,8,4,5,3,4,71,UNUSABLE_SHIPPING_PROMISE|DUPLICATE,1,CORE_CANDIDATE,"margin 60.0% (price 44.95, cost 17.99); stock us=312 eu=0 cn=0 effective=312; variant payload us=312 total=312; description 1094 chars, quality_score=86; 17 gallery images + primary",no shipping window on record — conservative shipping score; differentiators: automatic
3d009b65-2200-41fb-b229-cc73ae57a02d,multi-functional-cat-scratcher-18-5-x12-x21-scratching-surface-tunnel-wooden-3d00,Cat Scratching Post – 3-in-1 Tunnel & Wooden Lounge for Cats,active,true,cat,Cat Scratching Posts,Pet Supplies > Cat Supplies > Furniture > Scratching Posts & Pads,79.99,123.99,54.85,31.4,2013836725415686146,CJ Dropshipping,unknown,1,230,230,0,0,230,US,true,,1000,7,286,88,A,true,multifunctional cat scratcher  185x12x21 scratching surface tunnel  wooden lounge,none-detected,23,0,0,0,5,15,10,3,4,7,8,7,5,3,3,70,UNUSABLE_SHIPPING_PROMISE|UNACCEPTABLE_MARGIN,1,CORE_CANDIDATE,"margin 31.4% (price 79.99, cost 54.85); stock us=230 eu=0 cn=0 effective=230; variant payload us=230 total=230; description 286 chars, quality_score=88; 7 gallery images + primary",no shipping window on record — conservative shipping score; problem signals: scratch; differentiators: furniture
516103ad-7294-4255-b29a-7bf2dae185ef,elevated-dog-bowls-with-storage-two-stainless-steel-bowls-for-large-dogs-coffee,"Elevated Dog Bowls With Storage, Two Stainless Steel Bowls For Large Dogs, Coffee",active,true,unknown,Dog Bowls & Feeders,Pet Supplies > Dog Supplies > Feeding > Elevated Bowls,139,173.75,55.6,60,2028310377942007810,CJ Dropshipping,unavailable,1,12,12,0,0,12,US,true,,,11,2522,71,C,true,,none-detected,41,0,0,0,13,12,10,0,4,8,8,4,5,4,2,70,UNUSABLE_SHIPPING_PROMISE,0,CORE_CANDIDATE,"margin 60.0% (price 139, cost 55.6); stock us=12 eu=0 cn=0 effective=12; variant payload us=25 total=25; description 2522 chars, quality_score=71; 11 gallery images + primary",no shipping window on record — conservative shipping score; differentiators: furniture; no weight on record — damage risk partly inferred; inventory sync stale or never run
a2892815-ba6a-4692-bf57-5d9435f42959,anti-falling-cat-dog-feeding-water-bowl,Elevated Pet Bowl – Non-Slip Food & Water Dish for Cats & Dogs,active,true,both,Dog Food & Treats,Pet Supplies > Multi-Pet Supplies > Feeding > Elevated Bowls,36.99,46.99,14.87,59.8,CA798E6F-D6F2-4AA5-8821-7FB410A85C9E,CJ Dropshipping,available,2,10,10,0,0,10,US,true,,450,12,1015,88,B1,true,antifalling cat dog feeding water bowl,none-detected,31,0,0,0,11,12,10,6,1,8,8,4,5,3,2,70,UNUSABLE_SHIPPING_PROMISE,0,CORE_CANDIDATE,"margin 59.8% (price 36.99, cost 14.87); stock us=10 eu=0 cn=0 effective=10; variant payload us=10 total=22; description 1015 chars, quality_score=88; 12 gallery images + primary","no shipping window on record — conservative shipping score; problem signals: anti-slip, non-slip; inventory sync stale or never run"
ec88eadc-0a50-404d-9dd0-3569ce38d758,dog-water-cup-drinking-food-garbage-bag-three-in-one-portable-small-multi-ec88,"Portable Dog Water Dispenser – 3-in-1 for Drinking, Food & Waste Bags",active,true,dog,Dog Toys,Pet Supplies > Dog Supplies > Feeding & Watering > Water Dispensers,16.49,20.99,4.68,71.6,1678644524597387264,CJ Dropshipping,available,1,9,9,0,125805,9,US,true,,7,17,274,88,B1,true,dog water cup drinking food garbage bag threeinone portable small multifunctional pet cups pets supplies,none-detected,28,0,0,0,15,12,10,0,1,7,8,4,5,5,3,70,UNUSABLE_SHIPPING_PROMISE,0,CORE_CANDIDATE,"margin 71.6% (price 16.49, cost 4.68); stock us=9 eu=0 cn=125805 effective=9; variant payload us=13 total=13; description 274 chars, quality_score=88; 17 gallery images + primary",no shipping window on record — conservative shipping score
0f4a8538-8aa9-4914-83a4-84f77566a1bc,pet-new-cat-wicked-ball-toy-intelligent-ball-usb-cat-toys-self-rotating-ball-automatic-rotation-ball,Pet New Cat Wicked Ball Toy Intelligent Ball USB Cat Toys Self Rotating Ball Automatic Rotation Ball,active,true,unknown,Cat Toys,Pet Supplies > Cat Supplies > Toys > Interactive Toys,19.99,25.99,6.73,66.3,1593481438610075648,CJ Dropshipping,unknown,1,231,231,0,0,231,US,true,,219,20,274,,C,true,,none-detected,17,0,0,0,13,15,10,0,7,2,8,4,5,3,3,70,UNUSABLE_SHIPPING_PROMISE,0,CORE_CANDIDATE,"margin 66.3% (price 19.99, cost 6.73); stock us=231 eu=0 cn=0 effective=231; variant payload us=269 total=269; description 274 chars, quality_score=n/a; 20 gallery images + primary","no shipping window on record — conservative shipping score; differentiators: rotat, automatic; no quality/readiness score — spec confidence from copy length only"
f828d5b0-f583-4435-ab1e-27104da5fae6,1pc-2tier-cat-cage-playpen-indoor-pet-enclosures-kitten-kennel-house-detachable-f828,Cat Playpen Enclosure – 2-Tier Indoor Home with Ladder,active,true,unknown,Cat Toys,Pet Supplies > Cat Supplies > Carriers & Travel > Playpens,116.99,144.99,66.98,42.7,2004008862245228545,CJ Dropshipping,available,1,180,180,0,0,180,US,true,,5810,9,936,91,A,true,1pc 2tier cat cage playpen indoor pet enclosures kitten kennel house detachable cat crate with climbing ladder 2 doors for 1 to 2 cats for ferret squirrel small animals,none-detected,35,0,0,0,8,15,10,0,4,8,8,7,5,3,2,70,UNUSABLE_SHIPPING_PROMISE,0,CORE_CANDIDATE,"margin 42.7% (price 116.99, cost 66.98); stock us=180 eu=0 cn=0 effective=180; variant payload us=127 total=127; description 936 chars, quality_score=91; 9 gallery images + primary",no shipping window on record — conservative shipping score; differentiators: multi-level; inventory sync stale or never run
e4474637-f447-4503-a342-5667c4c546a8,covered-cat-litter-box-with-lid-scoop-deodorizing-bags-for-odor-control-privacy-e447,Covered Cat Litter Box – Privacy Hood with Scoop & Deodorizing Bags for Cats,active,true,cat,Cat Litter Boxes,Pet Supplies > Cat Supplies > Litter & Housebreaking > Litter Box,85.49,120.99,54.29,36.5,2009588630564147202,CJ Dropshipping,unknown,1,56,56,0,0,56,US,true,,2650,4,219,88,B1,true,covered cat litter box with lid scoop deodorizing bags for odor control privacy easy to clean gray,none-detected,17,4,0,0,5,15,10,6,4,6,6,7,5,3,3,70,UNUSABLE_SHIPPING_PROMISE|INSUFFICIENT_SPECS,1,CORE_CANDIDATE,"margin 36.5% (price 85.49, cost 54.29); stock us=56 eu=0 cn=0 effective=56; variant payload us=100 total=100; description 219 chars, quality_score=88; 4 gallery images + primary","no shipping window on record — conservative shipping score; problem signals: odor, litter; differentiators: enclosed"
e4876f06-9998-4328-bac7-341aa1e9cca3,pet-mint-fish-toy-three-colors-are-randomly-issued-shovel-officials-must-enter-e487,Interactive Catnip Fish Toy – Enrichment Toy for Cats,active,true,cat,Cat Toys,Pet Supplies > Cat Supplies > Cat Toys > Catnip Toys,31.95,39.99,12.73,60.2,1927665736493981698,CJ Dropshipping,unknown,1,26,26,0,0,26,US,true,,30,9,994,83,A,true,pet mint fish toy  three colors are randomly issued shovel officials must enter pet mint fish toys suitable for cats of all ages,none-detected,26,0,0,0,13,15,10,0,1,8,8,4,5,3,3,70,UNUSABLE_SHIPPING_PROMISE,0,CORE_CANDIDATE,"margin 60.2% (price 31.95, cost 12.73); stock us=26 eu=0 cn=0 effective=26; variant payload us=68 total=68; description 994 chars, quality_score=83; 9 gallery images + primary",no shipping window on record — conservative shipping score
3e4aa7da-59bc-4c92-a282-35a59268d224,dog-ramp,Portable Dog Ramp – Pet Access Ramp for All Size Dogs,active,true,dog,Dog Beds,Pet Supplies > Dog Supplies > Travel & Transport > Ramps,52.49,64.99,26.27,50,1623859708027219968,CJ Dropshipping,unknown,1,11,11,0,0,11,US,true,,3500,2,864,88,B1,true,dog ramp,none-detected,32,0,0,0,8,12,10,6,4,8,4,7,5,3,3,70,UNUSABLE_SHIPPING_PROMISE,0,CORE_CANDIDATE,"margin 50.0% (price 52.49, cost 26.27); stock us=11 eu=0 cn=0 effective=11; variant payload us=14 total=14; description 864 chars, quality_score=88; 2 gallery images + primary","no shipping window on record — conservative shipping score; problem signals: non-slip, joint; differentiators: foldable"
b460b81e-d8d7-4adf-8263-a56c54f4a7ea,4-6-in-dark-gray-cat-tree-tower-with-wide-base-3-large-hinding-condo-11-sisal-b460,GetPawsy Large Cat Tree Tower – 4.6 ft Multi-Level Condo with Scratch Posts,inactive,false,cat,Cat Trees & Condos,Pet Supplies > Cat Supplies > Furniture > Cat Trees & Condos,318.99,392.99,212.78,33.3,1993526282130132993,CJ Dropshipping,discontinued,1,96,96,0,0,96,unknown,true,,28000,7,260,,A,false,46 in dark gray cat tree tower with wide base 3 large hinding condo 11 sisal scratching post sisal scratching ladder 2 hammocks large top platform many landing perch and interactive toy,none-detected,0,0,0,0,5,15,10,3,10,2,8,7,5,3,2,70,UNRELIABLE_SUPPLIER|UNUSABLE_SHIPPING_PROMISE|UNACCEPTABLE_MARGIN,2,LONGTAIL,"margin 33.3% (price 318.99, cost 212.78); stock us=96 eu=0 cn=0 effective=96; variant payload us=0 total=0; description 260 chars, quality_score=n/a; 7 gallery images + primary","no shipping window on record — conservative shipping score; problem signals: scratch; differentiators: multi-level, enclosed, furniture, sisal; no quality/readiness score — spec confidence from copy length only; inventory sync stale or never run"
3587a2ea-4721-4ad1-8390-93b5a891261e,dog-training-collar-receiver-ip67-waterproof-dog-bark-shock-collar-accessories-3587,Waterproof Dog Bark Collar Receiver – IP67 Adjustable Strap for Dogs,active,true,dog,Dog Training,Pet Supplies > Dog Supplies > Training Supplies > Bark Collar Receivers,44.99,54.99,18.13,59.7,1990596147763388417,CJ Dropshipping,unknown,1,230,230,0,0,230,US,true,,1000,6,1274,92,B1,true,dog training collar receiver ip67 waterproof dog bark shock collar accessories adjustable belt,none-detected,20,0,0,0,11,15,10,3,1,10,8,4,2,3,3,70,UNUSABLE_SHIPPING_PROMISE,0,CORE_CANDIDATE,"margin 59.7% (price 44.99, cost 18.13); stock us=230 eu=0 cn=0 effective=230; variant payload us=230 total=230; description 1274 chars, quality_score=92; 6 gallery images + primary",no shipping window on record — conservative shipping score; problem signals: waterproof
6e601644-df67-466d-8352-447bfe3458b6,natural-rubber-horseshoe-shaped-chew-toys-dog-toys-for-aggressive-chewers-dog-6e60,Durable Dog Chew Toy – Natural Rubber Horseshoe for Aggressive Chewers,active,true,dog,Dog Toys,Pet Supplies > Dog Supplies > Toys > Chew Toy,42.49,54.99,16.99,60,2004014488433315842,CJ Dropshipping,unknown,1,45,45,0,0,45,US,true,,300,7,824,89,A,true,natural rubber horseshoeshaped chew toysdog toys for aggressive chewers dog toys for medium large dogs toys for traning,none-detected,22,0,0,0,13,15,10,0,1,8,8,4,5,3,3,70,UNUSABLE_SHIPPING_PROMISE,0,CORE_CANDIDATE,"margin 60.0% (price 42.49, cost 16.99); stock us=45 eu=0 cn=0 effective=45; variant payload us=47 total=47; description 824 chars, quality_score=89; 7 gallery images + primary",no shipping window on record — conservative shipping score
932e36d2-f168-48c3-84c4-f36273a301e1,only-self-pickup-fully-enclosed-stainless-steel-cat-litter-box,Only Self Pickup---Fully Enclosed Stainless Steel Cat Litter Box,inactive,false,unknown,Pet Furniture Tools,,59.99,88.99,34.9,41.8,2062454469525430274,CJ Dropshipping,unknown,3,719,719,0,0,719,US,true,,3600,23,277,,C,false,,none-detected,0,0,0,0,8,15,10,3,7,2,8,7,5,3,2,70,UNUSABLE_SHIPPING_PROMISE|INVENTORY_BLOCKED,1,CORE_CANDIDATE,"margin 41.8% (price 59.99, cost 34.9); stock us=719 eu=0 cn=0 effective=719; variant payload us=0 total=0; description 277 chars, quality_score=n/a; 23 gallery images + primary","no shipping window on record — conservative shipping score; problem signals: litter; differentiators: enclosed, furniture; no quality/readiness score — spec confidence from copy length only; inventory sync stale or never run"
559f27cc-8f3e-421b-a639-6567648c4e6c,outdoor-catio-cat-enclosure-large-wooden-cat-house-with-6-jumping-platforms-scratching-post-2-ramps-," Outdoor Catio Cat Enclosure, Large Wooden Cat House with 6 Jumping Platforms, Scratching Post, 2 Ramps, for 2-3 Kittens",inactive,false,cat,Cat Houses,,471.99,594.99,314.58,33.4,2003464156562104322,CJ Dropshipping,unknown,1,40,45,0,0,45,US,true,,15000,8,868,,C,false,outdoor catio cat enclosure large wooden cat house with 6 jumping platforms scratching post 2 ramps for 23 kittens,confirmed,0,0,0,0,5,15,8,3,9,3,8,7,5,3,4,70,UNUSABLE_SHIPPING_PROMISE|UNACCEPTABLE_MARGIN|DUPLICATE,2,LONGTAIL,"margin 33.4% (price 471.99, cost 314.58); stock us=45 eu=0 cn=0 effective=45; variant payload us=0 total=0; description 868 chars, quality_score=n/a; 8 gallery images + primary","no shipping window on record — conservative shipping score; problem signals: scratch; differentiators: dual, multi-level, furniture; no quality/readiness score — spec confidence from copy length only"
db3c3e82-ebb6-49bf-94e9-f55f82944357,74-flower-cat-tree-large-cat-tower-with-scratching-post-board-for-indoor-cats-pink," 74"" Flower Cat Tree, Large Cat Tower with Scratching Post & Board for Indoor Cats, Pink",active,true,cat,Cat Trees & Condos,Pet Supplies > Cat Supplies > Cat Furniture > Cat Trees,203.99,261.99,135.68,33.5,2003461621297033218,CJ Dropshipping,unknown,1,114,114,0,0,114,US,true,,18500,9,1115,,C,true,74 flower cat tree large cat tower with scratching post  board for indoor cats pink,none-detected,23,0,0,0,5,15,10,3,7,3,8,7,5,3,4,70,UNUSABLE_SHIPPING_PROMISE|UNACCEPTABLE_MARGIN,1,CORE_CANDIDATE,"margin 33.5% (price 203.99, cost 135.68); stock us=114 eu=0 cn=0 effective=114; variant payload us=292 total=292; description 1115 chars, quality_score=n/a; 9 gallery images + primary","no shipping window on record — conservative shipping score; problem signals: scratch; differentiators: multi-level, furniture; no quality/readiness score — spec confidence from copy length only"
8d744b11-870b-425c-9c0f-00a78235e6e3,double-stainless-steel-heavy-duty-dog-food-bowl-elevated-pet-feeding-station,Elevated Dog Food Bowl – Heavy-Duty Dual Stainless Steel Feeding Station for Dogs,active,true,dog,Dog Food & Treats,Pet Supplies > Dog Supplies > Feeding > Elevated Bowls,90.99,110.99,45.67,49.8,2008728488655286274,CJ Dropshipping,unknown,1,69,69,0,0,69,US,true,,1800,10,3289,,C,true,double stainless steel heavy duty dog food bowl elevated pet feeding station,none-detected,25,0,0,0,8,15,10,6,4,4,8,4,5,3,3,70,UNUSABLE_SHIPPING_PROMISE,0,CORE_CANDIDATE,"margin 49.8% (price 90.99, cost 45.67); stock us=69 eu=0 cn=0 effective=69; variant payload us=46 total=46; description 3289 chars, quality_score=n/a; 10 gallery images + primary","no shipping window on record — conservative shipping score; problem signals: scratch, non-slip; differentiators: dual; no quality/readiness score — spec confidence from copy length only"
9c12648f-5010-4eb7-a515-6669e858ceb4,prokel-dog-chew-toys-corn-stick-toy-for-smal-mediumlarge-breed-5-8-squeak-corn-9c12,Durable Dog Chew Toy – Squeaky Corn Stick Rope Toy for Dogs,active,false,dog,Dog Toys,Pet Supplies > Dog Supplies > Toys > Chew Toy,42.49,53.99,16.99,60,1878987347022729218,CJ Dropshipping,unavailable,1,0,0,0,0,0,none,false,,251,10,1003,85,C,true,prokel dog chew toys corn stick toy for smal  mediumlarge breed 58   squeak corn stick ropetoy,none-detected,9,0,0,0,13,6,10,6,4,8,8,4,5,3,3,70,NO_REAL_STOCK|NO_US_DELIVERY_PATH|UNUSABLE_SHIPPING_PROMISE,2,LONGTAIL,"margin 60.0% (price 42.49, cost 16.99); stock us=0 eu=0 cn=0 effective=0; variant payload us=80 total=80; description 1003 chars, quality_score=85; 10 gallery images + primary","column stock is 0 but CJ variant payload reports 80 US units — needs re-sync before trusting; no shipping window on record — conservative shipping score; problem signals: anxiety, dental; differentiators: furniture"
708124f8-c3e7-44dc-a06d-447a151b40b2,650nm-red-laser-pointer-pen-light-visible-single-beam-aaa-lazer-torch-10pcs-7081,Automatic Cat Toy – Laser Pointer with LED Light for Cats,active,true,cat,Cat Toys,Pet Supplies > Cat Supplies > Toys > Automatic Cat Toys,48.95,61.99,19.49,60.2,1966043508778242050,CJ Dropshipping,unknown,1,8,8,0,0,8,US,true,,146,9,1038,81,A,true,650nm red laser pointer pen light visible single beam aaa lazer torch 10pcs 9900 miles mini small teaching pen light pet toys,none-detected,25,0,0,0,13,12,10,0,4,8,8,4,5,3,3,70,UNUSABLE_SHIPPING_PROMISE,0,CORE_CANDIDATE,"margin 60.2% (price 48.95, cost 19.49); stock us=8 eu=0 cn=0 effective=8; variant payload us=119 total=119; description 1038 chars, quality_score=81; 9 gallery images + primary",no shipping window on record — conservative shipping score; differentiators: automatic
ea3aec5a-9043-43d7-85dd-1883ee255981,new-style-pvc-coated-two-color-waterproof-training-rope,New Style PVC Coated Two-color Waterproof Training Rope,active,true,dog,Dog Training,Pet Supplies > Dog Supplies > Training & Behavior Supplies > Training Leads & Lines,36.95,44.99,14.79,60,1996432271796051970,CJ Dropshipping,unknown,9,900,900,0,0,900,US,true,,145,10,277,83,A,true,new style pvc coated twocolor waterproof training rope,none-detected,28,0,0,0,11,15,10,3,1,7,8,4,5,3,3,70,UNUSABLE_SHIPPING_PROMISE,0,CORE_CANDIDATE,"margin 60.0% (price 36.95, cost 14.79); stock us=900 eu=0 cn=0 effective=900; variant payload us=900 total=900; description 277 chars, quality_score=83; 10 gallery images + primary",no shipping window on record — conservative shipping score; problem signals: waterproof
e547f95a-c88d-4e15-9af5-4689c9ee4077,only-self-pickup-elf-cat-litter-box,Only Self Pickup---Elf Cat Litter Box,inactive,false,unknown,Pet Furniture Tools,,39.99,51.99,20.03,49.9,2062444868172177409,CJ Dropshipping,unknown,2,1509,1409,0,0,1409,US,true,,2000,22,277,,C,false,,none-detected,0,0,0,0,8,15,10,3,4,2,8,7,5,3,4,69,UNUSABLE_SHIPPING_PROMISE|INVENTORY_BLOCKED,1,CORE_CANDIDATE,"margin 49.9% (price 39.99, cost 20.03); stock us=1409 eu=0 cn=0 effective=1409; variant payload us=0 total=0; description 277 chars, quality_score=n/a; 22 gallery images + primary",no shipping window on record — conservative shipping score; problem signals: litter; differentiators: furniture; no quality/readiness score — spec confidence from copy length only
87725039-fcfd-4505-b8b8-660974478cae,dog-training-collar-receiver-ip67-waterproof,Waterproof Dog Bark Collar – IP67 Training Collar for Dogs,active,true,dog,Dog Training,Pet Supplies > Dog Supplies > Training Supplies > Bark Collars,34.99,77.99,14.13,59.6,1972601954902925314,CJ Dropshipping,unknown,1,460,460,0,0,460,US,true,,95,4,1033,88,A,true,dog training collar receiver ip67 waterproof,none-detected,23,0,0,0,11,15,10,6,1,8,6,4,2,3,3,69,UNUSABLE_SHIPPING_PROMISE,0,CORE_CANDIDATE,"margin 59.6% (price 34.99, cost 14.13); stock us=460 eu=0 cn=0 effective=460; variant payload us=460 total=460; description 1033 chars, quality_score=88; 4 gallery images + primary","no shipping window on record — conservative shipping score; problem signals: splash, waterproof"
9679129e-a520-429f-9fd8-7887dd4431f7,69-cat-tree-multi-level-cat-tower-with-2-condos-and-3-hammocks-8-scratching-posts-for-multiple-cats-,Cat Tree Oasis: Multi-Level Tower for Active Cats,active,true,cat,Cat Trees & Condos,Pet Supplies > Cat Supplies > Furniture > Cat Tree,309.99,400.99,206.48,33.4,2003461657586151426,CJ Dropshipping,unknown,1,316,316,0,0,316,US,true,,26000,9,902,,A,true,69 cat tree multilevel cat tower with 2 condos and 3 hammocks 8 scratching posts for multiple cats dark gray,none-detected,24,0,0,0,5,15,10,3,7,3,8,7,5,3,3,69,UNUSABLE_SHIPPING_PROMISE|UNACCEPTABLE_MARGIN,1,CORE_CANDIDATE,"margin 33.4% (price 309.99, cost 206.48); stock us=316 eu=0 cn=0 effective=316; variant payload us=569 total=569; description 902 chars, quality_score=n/a; 9 gallery images + primary","no shipping window on record — conservative shipping score; problem signals: scratch; differentiators: multi-level, furniture; no quality/readiness score — spec confidence from copy length only"
a6901546-7b06-4001-b154-2c2db8e9f953,5-tiers-hamster-cage-portable-animal-travel-carrier-w-exercise-wheels-tube-orange,"5 Tiers Hamster Cage Portable Animal Travel Carrier W Exercise Wheels Tube, Orange",active,true,unknown,Hamster Cages,Pet Supplies > Small Animal Supplies > Cages & Habitats > Hamster Cages,98.99,119.99,49.5,50,2008835152079454210,CJ Dropshipping,unknown,1,176,176,0,0,176,US,true,,3000,11,992,,C,true,5 tiers hamster cage portable animal travel carrier w exercise wheels tube orange,none-detected,15,0,0,0,8,15,10,0,7,3,8,7,5,3,3,69,UNUSABLE_SHIPPING_PROMISE,0,CORE_CANDIDATE,"margin 50.0% (price 98.99, cost 49.5); stock us=176 eu=0 cn=0 effective=176; variant payload us=85 total=85; description 992 chars, quality_score=n/a; 11 gallery images + primary","no shipping window on record — conservative shipping score; differentiators: multi-level, transparent; no quality/readiness score — spec confidence from copy length only"
0cd8dec3-c4ce-4dd8-a8cb-cc2ad040f9b1,cat-recliner,Cat Recliner,active,true,unknown,Pet Furniture Tools,Pet Supplies > Cat Supplies > Furniture > Beds,37.95,47.99,15.11,60.2,2062478105064697857,CJ Dropshipping,unknown,1,960,960,0,0,960,US,true,,1100,11,277,,C,true,,none-detected,15,0,0,0,13,15,10,0,4,2,8,7,5,3,2,69,UNUSABLE_SHIPPING_PROMISE,0,CORE_CANDIDATE,"margin 60.2% (price 37.95, cost 15.11); stock us=960 eu=0 cn=0 effective=960; variant payload us=494 total=494; description 277 chars, quality_score=n/a; 11 gallery images + primary",no shipping window on record — conservative shipping score; differentiators: furniture; no quality/readiness score — spec confidence from copy length only; inventory sync stale or never run
d578c6e1-eeb8-4129-8412-f5fbdae3479b,wireless-electric-dog-fence-waterproof-pet-shock-boundary-containment-system-d578,Dog Training Fence – Wireless Waterproof Electric Boundary Collar for Dogs,active,true,dog,Dog Toys,Pet Supplies > Dog Supplies > Training Supplies > Training Collars,116.99,148.99,66.89,42.8,1971526106090201090,CJ Dropshipping,unknown,1,460,460,0,0,460,US,true,,403,6,1146,87,A,true,wireless electric dog fence waterproof pet shock boundary containment system electric training collar for small medium large dogs,none-detected,22,0,0,0,8,15,10,3,1,8,8,4,5,3,4,69,UNUSABLE_SHIPPING_PROMISE,0,CORE_CANDIDATE,"margin 42.8% (price 116.99, cost 66.89); stock us=460 eu=0 cn=0 effective=460; variant payload us=460 total=460; description 1146 chars, quality_score=87; 6 gallery images + primary",no shipping window on record — conservative shipping score; problem signals: waterproof
7812b5c6-fbc6-4d6a-a277-a6037fab255b,2-in-1-stainless-steel-cat-litter-box-with-removable-lid-scoop-filter-bags-for-small-to-large-cats-w,Cat Litter Box: Stainless Steel with Removable Lid,active,true,cat,Cat Litter Boxes,Pet Supplies > Cat Supplies > Litter Supplies > Litter Box,152.99,196.99,87.36,42.9,2003462592077082625,CJ Dropshipping,unknown,1,116,116,0,0,116,US,true,,3900,9,1047,,C,true,2 in 1 stainless steel cat litter box with removable lid scoop filter bags for small to large cats white,none-detected,23,0,0,0,8,15,10,6,1,3,8,7,5,3,3,69,UNUSABLE_SHIPPING_PROMISE,0,CORE_CANDIDATE,"margin 42.9% (price 152.99, cost 87.36); stock us=116 eu=0 cn=0 effective=116; variant payload us=130 total=130; description 1047 chars, quality_score=n/a; 9 gallery images + primary","no shipping window on record — conservative shipping score; problem signals: odor, litter; no quality/readiness score — spec confidence from copy length only"
324cba5b-6826-4b64-a44a-d9ac542e3d1a,elevated-cat-bed-with-rotatable-egg-chair-pod-cat-basket-bed-with-thick-cushion-natural-mat-grass-wo-1,Cat Bed: Egg Pod with Woven Grass for Cozy Sleep,active,true,cat,Cat Beds,Pet Supplies > Cat Supplies > Beds > Elevated Beds,141.99,177.99,81.23,42.8,2003459873586323457,CJ Dropshipping,available,1,34,34,0,0,34,US,true,,4600,9,985,,C,true,elevated cat bed with rotatable egg chair pod cat basket bed with thick cushion natural mat grass woven kitty house coffee,none-detected,12,0,0,0,8,15,10,3,4,3,8,7,5,3,3,69,UNUSABLE_SHIPPING_PROMISE,0,CORE_CANDIDATE,"margin 42.8% (price 141.99, cost 81.23); stock us=34 eu=0 cn=0 effective=34; variant payload us=168 total=168; description 985 chars, quality_score=n/a; 9 gallery images + primary",no shipping window on record — conservative shipping score; problem signals: hair; differentiators: rotat; no quality/readiness score — spec confidence from copy length only
9fb5158f-8c28-40f4-a6bc-f58cf421a921,multiple-colour-velvet-personalise-dog-collar-leash-set-with-bow,Personalized Dog Collar & Leash Set – Velvet with Bow Tie for Dogs,active,true,dog,Dog Collars & Leashes,Pet Supplies > Dog Supplies > Apparel & Accessories > Collars & Leashes,20.49,26.99,6.85,66.6,2504290319151608900,CJ Dropshipping,unknown,28,234,234,0,0,234,US,true,,105,26,137,92,A,true,multiple colour velvet personalise dog collar leash set with bow,none-detected,20,0,0,0,13,15,10,0,1,7,8,4,5,3,3,69,UNUSABLE_SHIPPING_PROMISE|INSUFFICIENT_SPECS,1,CORE_CANDIDATE,"margin 66.6% (price 20.49, cost 6.85); stock us=234 eu=0 cn=0 effective=234; variant payload us=270 total=270; description 137 chars, quality_score=92; 26 gallery images + primary",no shipping window on record — conservative shipping score
c0a3674d-5b98-4060-8db0-4110d8fd70ea,dog-training-collar,Dog Training Collar – Remote Control Dog Trainer,active,true,dog,Dog Training,Pet Supplies > Dog Supplies > Training & Obedience > Training Collar,40.95,52.99,16.33,60.1,1514544933502464000,CJ Dropshipping,unknown,1,93,93,0,0,93,US,true,,209,2,278,76,A,true,dog training collar,none-detected,27,0,0,0,13,15,10,0,1,7,4,7,5,3,4,69,UNUSABLE_SHIPPING_PROMISE,0,CORE_CANDIDATE,"margin 60.1% (price 40.95, cost 16.33); stock us=93 eu=0 cn=0 effective=93; variant payload us=103 total=103; description 278 chars, quality_score=76; 2 gallery images + primary",no shipping window on record — conservative shipping score
67a410ef-a3aa-4c2d-ba7f-8b264c3f5f6d,dog-gps-tracker-real-time-anti-lost-pet-tracker-with-geofence-flash-light-and-67a4,GPS Dog Tracker – Real-Time Anti-Lost Pet Locator with Geofence & Alarm,active,true,dog,Dog Collars & Leashes,Pet Supplies > Dog Supplies > Collars & Harnesses > Pet Trackers,45.95,57.99,18.38,60,2001225039162568706,CJ Dropshipping,available,1,0,34,0,0,34,US,true,,38,12,1207,90,A,true,dog gps tracker real time antilost pet tracker with geofence flash light and sound alarm unlimited distance tracking fits most pet collars subscription required,none-detected,20,0,0,0,13,15,8,3,1,9,8,4,2,3,3,69,UNUSABLE_SHIPPING_PROMISE,0,CORE_CANDIDATE,"margin 60.0% (price 45.95, cost 18.38); stock us=34 eu=0 cn=0 effective=34; variant payload us=42 total=42; description 1207 chars, quality_score=90; 12 gallery images + primary",no shipping window on record — conservative shipping score; problem signals: tracking
3461fba1-3c2e-4590-b7f9-9598606b0412,crate-furniture-32small-dog-cage-end-table-with-2-doors-lockable-door-puppy-3461,Dog Crate Furniture – Small End Table with Lockable Doors for Dogs,active,true,dog,Dog Houses,Pet Supplies > Dog Supplies > Houses & Furniture > Crate Furniture,149.99,187.49,103.74,30.8,2025773806904004609,CJ Dropshipping,available,1,52,52,0,0,52,US,true,,,10,2487,81,C,true,,none-detected,18,0,0,0,5,15,10,0,4,9,8,7,5,4,2,69,UNUSABLE_SHIPPING_PROMISE|UNACCEPTABLE_MARGIN,1,CORE_CANDIDATE,"margin 30.8% (price 149.99, cost 103.74); stock us=52 eu=0 cn=0 effective=52; variant payload us=97 total=97; description 2487 chars, quality_score=81; 10 gallery images + primary",no shipping window on record — conservative shipping score; differentiators: furniture; no weight on record — damage risk partly inferred; inventory sync stale or never run
379def88-7cbc-4536-a4a0-feccaf43e84c,45-inch-extra-large-hamster-cage,Extra Large Hamster Cage – 45-Inch Small Animal Habitat Enclosure,active,true,unknown,Hamster Cages,Pet Supplies > Small Animal Supplies > Cages > Hamster Cages,131.99,163.99,75.53,42.8,2000399427553107970,CJ Dropshipping,unknown,1,88,88,0,0,88,US,true,,6000,11,4000,85,C,true,45 inch extra large hamster cage,none-detected,19,0,0,0,8,15,10,3,1,9,8,7,5,0,3,69,UNUSABLE_SHIPPING_PROMISE,0,CORE_CANDIDATE,"margin 42.8% (price 131.99, cost 75.53); stock us=88 eu=0 cn=0 effective=88; variant payload us=72 total=72; description 4000 chars, quality_score=85; 11 gallery images + primary",no shipping window on record — conservative shipping score; problem signals: waterproof
6367cdd8-25f6-4d27-891f-65c5db831d54,widened-support-plate-car-dog-bed-rear-seat-pet-pad,Dog Car Bed – Widened Support Plate Rear Seat Travel Pad for Dogs,active,true,dog,Dog Beds,Pet Supplies > Dog Supplies > Beds > Car Bed,59.99,75.99,31.25,47.9,2408151316401610000,CJ Dropshipping,available,1,113,113,0,24240,113,US,true,,3030,10,683,92,B1,true,widened support plate car dog bed rear seat pet pad,none-detected,47,0,0,0,8,15,10,0,1,9,8,7,5,3,3,69,UNUSABLE_SHIPPING_PROMISE,0,CORE_CANDIDATE,"margin 47.9% (price 59.99, cost 31.25); stock us=113 eu=0 cn=24240 effective=113; variant payload us=115 total=115; description 683 chars, quality_score=92; 10 gallery images + primary",no shipping window on record — conservative shipping score
587ebe69-8ac4-416d-8697-de2bd0679cbc,3-tier-kitty-shelter-with-5-escape-doors-weather-resistant-yellow-black,Outdoor Cat House – Weather Resistant 3-Tier Shelter with Escape Doors for Cats,active,true,cat,Cat Houses,Pet Supplies > Cat Supplies > Cat Furniture > Cat Houses,355.99,440.99,237,33.4,2010999775537111042,CJ Dropshipping,unknown,1,62,62,0,0,62,US,true,,24000,11,1948,89,C,true,3tier kitty shelter with 5 escape doors weather resistant yellow  black,none-detected,26,0,0,0,5,15,10,0,4,9,8,7,5,3,3,69,UNUSABLE_SHIPPING_PROMISE|UNACCEPTABLE_MARGIN,1,CORE_CANDIDATE,"margin 33.4% (price 355.99, cost 237); stock us=62 eu=0 cn=0 effective=62; variant payload us=98 total=98; description 1948 chars, quality_score=89; 11 gallery images + primary",no shipping window on record — conservative shipping score; differentiators: furniture
b29264c0-aab5-485f-844f-e649767dacda,electric-dog-fence-system-pet-tone-shock-boundary-containment-water-resistant-b292,Electric Dog Fence System – Water-Resistant Containment Collar for Dogs,active,true,dog,Dog Toys,Pet Supplies > Dog Supplies > Training Aids > Electric Fence System,114.99,149.99,65.63,42.9,1953715738823020546,CJ Dropshipping,unknown,1,230,230,0,0,230,US,true,,500,11,972,87,A,true,electric dog fence system pet tone shock boundary containment water resistant collar receiver for small medium large dog,none-detected,22,0,0,0,8,15,10,3,1,8,8,4,5,3,4,69,UNUSABLE_SHIPPING_PROMISE,0,CORE_CANDIDATE,"margin 42.9% (price 114.99, cost 65.63); stock us=230 eu=0 cn=0 effective=230; variant payload us=318 total=318; description 972 chars, quality_score=87; 11 gallery images + primary",no shipping window on record — conservative shipping score; problem signals: splash
1d011609-a6e7-4569-b973-43f3fafbc6e8,heat-transfer-printing-pvc-coated-rubberized-waterproof-traction-rope-set,GetPawsy Waterproof Dog Leash – Durable PVC-Coated Traction Rope,active,true,dog,Dog Collars & Leashes,"Pet Supplies > Dog Supplies > Collars, Harnesses & Leashes > Leashes",38.99,50.99,15.69,59.8,1996479058545922049,CJ Dropshipping,unknown,12,1200,1200,0,0,1200,US,true,,140,12,185,87,B1,true,heat transfer printing pvc coated rubberized waterproof traction rope set,none-detected,24,0,0,0,11,15,10,6,1,6,8,4,2,3,3,69,UNUSABLE_SHIPPING_PROMISE|INSUFFICIENT_SPECS,1,CORE_CANDIDATE,"margin 59.8% (price 38.99, cost 15.69); stock us=1200 eu=0 cn=0 effective=1200; variant payload us=1200 total=1200; description 185 chars, quality_score=87; 12 gallery images + primary","no shipping window on record — conservative shipping score; problem signals: odor, waterproof"
be546356-901f-4a0d-9096-3317da3d313e,dog-cot-cooling-pet-bed,Cooling Dog Bed – Elevated Mesh Outdoor Pet Cot for Dogs,inactive,false,dog,Dog Beds,Pet Supplies > Dog Supplies > Beds > Cooling Beds,127.99,163.99,72.97,43,2004107664592904193,CJ Dropshipping,unknown,1,460,460,0,0,460,US,true,,1000,6,1135,85,C,false,dog cot cooling pet bed,confirmed,0,0,0,0,8,15,8,3,0,8,8,7,5,3,4,69,UNUSABLE_SHIPPING_PROMISE|DUPLICATE,1,CORE_CANDIDATE,"margin 43.0% (price 127.99, cost 72.97); stock us=460 eu=0 cn=0 effective=460; variant payload us=230 total=230; description 1135 chars, quality_score=85; 6 gallery images + primary",no shipping window on record — conservative shipping score; problem signals: joint
439ec65f-b9bf-4a62-adf7-cec124406535,pet-interactive-sound-ball-the-mellow-dog-cat-pet-voice-ball-interactive-pet-439e,Interactive Squeaky Ball Toy – Sound Enrichment for Dogs & Cats,active,true,both,Dog Toys,Pet Supplies > Multi-Pet Supplies > Toy Supplies > Squeaky Toys,45.49,59.99,18.29,59.8,2001622178954797057,CJ Dropshipping,unknown,3,690,690,0,0,690,US,true,,1000,8,904,86,B1,true,pet interactive sound ballthe mellow dog cat pet voice ballinteractive pet squeaky toys,none-detected,30,0,0,0,11,15,10,0,1,8,8,4,5,3,3,68,UNUSABLE_SHIPPING_PROMISE,0,CORE_CANDIDATE,"margin 59.8% (price 45.49, cost 18.29); stock us=690 eu=0 cn=0 effective=690; variant payload us=688 total=688; description 904 chars, quality_score=86; 8 gallery images + primary",no shipping window on record — conservative shipping score
5ae85f7b-2c81-430a-9b8c-1b14ae0f72fc,kitten-harness-vest-with-wing-decoration-strap-set-for-cats-and-small-dogs-5ae8,Cat Harness Vest – Adjustable Wing Decoration Strap Set for Kittens,active,true,cat,Cat Collars & Accessories,Pet Supplies > Cat Supplies > Accessories > Harnesses,35.99,43.99,14.42,59.9,2001958940467044353,CJ Dropshipping,available,8,1840,1840,0,0,1840,US,true,,150,11,947,88,B1,true,kitten harness vest with wing decoration strap set for cats and small dogs adjustable pet cat harness accessories,none-detected,18,0,0,0,11,15,10,0,1,8,8,4,5,3,3,68,UNUSABLE_SHIPPING_PROMISE,0,CORE_CANDIDATE,"margin 59.9% (price 35.99, cost 14.42); stock us=1840 eu=0 cn=0 effective=1840; variant payload us=1840 total=1840; description 947 chars, quality_score=88; 11 gallery images + primary",no shipping window on record — conservative shipping score
a20610c4-3743-4b5b-aa37-d9307df1e7d9,staircase-ramps-designed-for-small-dogs-and-cats-high-density-foam-curved-pet-steps-dog-steps,"Staircase Ramps Designed For Small Dogs And Cats, High-density Foam Curved Pet Steps, Dog Steps",active,true,dog,Dog Beds,Pet Supplies > Dog Supplies > Dog Furniture > Pet Steps & Ramps,80.95,117.99,40.46,50,2011377799453044737,CJ Dropshipping,unknown,1,542,542,0,0,542,US,true,,2218,2,921,,C,true,staircase ramps designed for small dogs and cats highdensity foam curved pet steps dog steps,none-detected,23,0,0,0,11,15,10,3,4,3,4,7,5,3,3,68,UNUSABLE_SHIPPING_PROMISE,0,CORE_CANDIDATE,"margin 50.0% (price 80.95, cost 40.46); stock us=542 eu=0 cn=0 effective=542; variant payload us=1488 total=1488; description 921 chars, quality_score=n/a; 2 gallery images + primary",no shipping window on record — conservative shipping score; problem signals: joint; differentiators: furniture; no quality/readiness score — spec confidence from copy length only
f09e7b07-c69b-4d7e-876f-ccad16959f05,1pc-m-size-stainless-steel-dog-bowl-pets-hanging-food-bowl-detachable-pet-cage-f09e,Dog Bowl – Stainless Steel Detachable Hanging Food & Water Bowl for Dogs,active,true,dog,Dog Bowls & Feeders,Pet Supplies > Dog Supplies > Feeding Supplies > Food & Water Bowl,39.99,51.99,16.01,60,1983067562930331650,CJ Dropshipping,unknown,1,31,31,0,0,31,US,true,,421,11,1000,85,B1,true,1pc m size stainless steel dog bowl pets hanging food bowl detachable pet cage food water bowl with clamp holder,none-detected,45,4,0,0,11,15,10,0,1,8,8,4,5,3,3,68,UNUSABLE_SHIPPING_PROMISE,0,CORE_CANDIDATE,"margin 60.0% (price 39.99, cost 16.01); stock us=31 eu=0 cn=0 effective=31; variant payload us=79 total=79; description 1000 chars, quality_score=85; 11 gallery images + primary",no shipping window on record — conservative shipping score
e640940e-8667-401e-b8ca-9ccf2bc66277,luxury-fancy-dog-couch-with-hidden-storage-small-dog-sofa-bed-with-2-soft-foam-modern-pet-furniture-," Luxury Fancy Dog Couch with Hidden Storage, Small Dog Sofa Bed with 2"" Soft Foam, Modern Pet Furniture for Puppies & Little Breeds, Pale Gray",active,true,dog,Dog Toys,,167.99,210.99,95.72,43,2003454885146062849,CJ Dropshipping,unknown,1,250,250,0,0,250,US,true,,8350,9,274,,C,true,luxury fancy dog couch with hidden storage small dog sofa bed with 2 soft foam modern pet furniture for puppies  little breeds pale gray,none-detected,23,0,0,0,8,15,10,0,7,2,8,7,5,3,3,68,UNUSABLE_SHIPPING_PROMISE,0,CORE_CANDIDATE,"margin 43.0% (price 167.99, cost 95.72); stock us=250 eu=0 cn=0 effective=250; variant payload us=261 total=261; description 274 chars, quality_score=n/a; 9 gallery images + primary","no shipping window on record — conservative shipping score; differentiators: hidden, furniture; no quality/readiness score — spec confidence from copy length only"
2b545173-fad4-435b-a61a-b3fcb7f0beed,48-x-36-elevated-portable-dog-cot-cooling-pet-bed-with-uv-protection-canopy-shade-red," 48"" x 36"" Elevated Portable Dog Cot Cooling Pet Bed with UV Protection Canopy Shade, Red",active,true,dog,Dog Beds,Pet Supplies > Dog Supplies > Beds & Bedding > Dog Cot,112.99,142.99,64.63,42.8,2003454799343185921,CJ Dropshipping,unknown,1,272,272,0,0,272,US,true,,4400,9,962,89,C,true,48 x 36 elevated portable dog cot cooling pet bed with uv protection canopy shade red,none-detected,25,0,0,0,8,15,10,0,1,8,8,7,5,3,3,68,UNUSABLE_SHIPPING_PROMISE,0,CORE_CANDIDATE,"margin 42.8% (price 112.99, cost 64.63); stock us=272 eu=0 cn=0 effective=272; variant payload us=298 total=298; description 962 chars, quality_score=89; 9 gallery images + primary",no shipping window on record — conservative shipping score
3dbaafb2-160e-4324-9ec2-30206f053944,l-rattan-cat-scratching-post-with-ball-attachment,L Rattan Cat Scratching Post With Ball Attachment,active,true,unknown,Pet Furniture Tools,Pet Supplies > Cat Supplies > Furniture Supplies > Scratching Posts,45.99,57.99,18.41,60,2062479354925346817,CJ Dropshipping,unknown,2,859,859,0,0,859,US,true,,1750,11,286,,C,true,,none-detected,26,0,0,0,11,15,10,3,4,2,8,4,5,3,3,68,UNUSABLE_SHIPPING_PROMISE,0,CORE_CANDIDATE,"margin 60.0% (price 45.99, cost 18.41); stock us=859 eu=0 cn=0 effective=859; variant payload us=919 total=919; description 286 chars, quality_score=n/a; 11 gallery images + primary",no shipping window on record — conservative shipping score; problem signals: scratch; differentiators: furniture; no quality/readiness score — spec confidence from copy length only
95f9aa0d-d40a-486e-8501-b7ffd6fb7e8a,star-moon-cat-scratcher-sofa,Star Moon Cat Scratcher Sofa,active,true,unknown,Cat Scratchers,Pet Supplies > Cat Supplies > Cat Furniture > Cat Scratchers,39.99,48.99,16.05,59.9,2062475396203585538,CJ Dropshipping,unknown,2,68,68,0,0,68,unknown,true,,1850,11,286,,C,true,,none-detected,24,0,0,0,11,15,10,3,4,2,8,4,5,3,3,68,UNUSABLE_SHIPPING_PROMISE,0,CORE_CANDIDATE,"margin 59.9% (price 39.99, cost 16.05); stock us=68 eu=0 cn=0 effective=68; variant payload us=384 total=384; description 286 chars, quality_score=n/a; 11 gallery images + primary",no shipping window on record — conservative shipping score; problem signals: scratch; differentiators: furniture; no quality/readiness score — spec confidence from copy length only
3aa3fe57-9c05-49ff-92de-3af0b924d5c6,1set-328ft-electric-wireless-dog-fence-system-with-gps-location-monitor-collar-3aa3,Dog Electric Fence – Wireless Containment System with Electrical Collar for Dogs,active,true,dog,Dog Beds,Pet Supplies > Dog Supplies > Training & Containment > Electric Fence,92.95,114.99,46.45,50,1948322259859562497,CJ Dropshipping,unknown,1,12,12,0,0,12,US,true,,468,11,937,88,B1,true,1set 328ft electric wireless dog fence system with gps location monitor collar receiver rechargeable beep vibration fence system for small medium large dogs,none-detected,24,0,0,0,11,12,10,0,1,8,8,7,5,3,3,68,UNUSABLE_SHIPPING_PROMISE,0,CORE_CANDIDATE,"margin 50.0% (price 92.95, cost 46.45); stock us=12 eu=0 cn=0 effective=12; variant payload us=24 total=24; description 937 chars, quality_score=88; 11 gallery images + primary",no shipping window on record — conservative shipping score
c500edc9-238c-4352-a2ad-676c060c4153,31-cat-tree-tower-with-scratching-posts-cat-condo-beds-platform-and-toy-ball-for-indoor-cats-cream-w," 31"" Cat Tree Tower with Scratching Posts, Cat Condo, Beds, Platform and Toy Ball for Indoor Cats, Cream White",active,false,cat,Cat Trees & Condos,Pet Supplies > Cat Supplies > Furniture > Cat Tree,162.99,202.99,93.23,42.8,2003461405924958210,CJ Dropshipping,unavailable,1,0,0,0,0,0,none,false,,8150,9,1230,,A,true,31 cat tree tower with scratching posts cat condo beds platform and toy ball for indoor cats cream white,none-detected,47,0,0,0,8,6,10,3,10,4,8,7,5,3,4,68,NO_REAL_STOCK|NO_US_DELIVERY_PATH|UNUSABLE_SHIPPING_PROMISE,2,LONGTAIL,"margin 42.8% (price 162.99, cost 93.23); stock us=0 eu=0 cn=0 effective=0; variant payload us=63 total=63; description 1230 chars, quality_score=n/a; 9 gallery images + primary","column stock is 0 but CJ variant payload reports 63 US units — needs re-sync before trusting; no shipping window on record — conservative shipping score; problem signals: scratch; differentiators: multi-level, furniture, sisal; no quality/readiness score — spec confidence from copy length only"
a5044834-2d8e-4c9b-8da8-70901de9fdba,pawhut-dog-agility-equipment-ramp-with-safety-bar-non-slip-surface-for-walk-and-a504,Durable Dog Training Agility Ramp – Non-Slip Surface with Safety Bar,active,true,dog,Dog Training,Pet Supplies > Dog Supplies > Training Aids > Agility Ramp,256.99,311.99,171.63,33.2,2008100390311997441,CJ Dropshipping,unknown,1,163,163,0,0,163,US,true,,12500,11,1039,91,A,true,pawhut dog agility equipment ramp with safety bar nonslip surface for walk and pause training gray,none-detected,21,0,0,0,5,15,10,3,1,8,8,7,5,3,3,68,UNUSABLE_SHIPPING_PROMISE|UNACCEPTABLE_MARGIN,1,CORE_CANDIDATE,"margin 33.2% (price 256.99, cost 171.63); stock us=163 eu=0 cn=0 effective=163; variant payload us=10 total=10; description 1039 chars, quality_score=91; 11 gallery images + primary",no shipping window on record — conservative shipping score; problem signals: non-slip
dcc2517e-c8dc-48e9-a943-e36f573e08e5,only-self-pickup-cruiser-litter-box,Only Self Pickup---Cruiser Litter Box,inactive,false,unknown,Pet Furniture Tools,,39.99,48.99,20.03,49.9,2062076228176801794,CJ Dropshipping,unknown,5,539,539,0,0,539,US,true,,1800,40,277,,C,false,,none-detected,0,0,0,0,8,15,10,3,4,2,8,7,5,3,3,68,UNUSABLE_SHIPPING_PROMISE|INVENTORY_BLOCKED,1,CORE_CANDIDATE,"margin 49.9% (price 39.99, cost 20.03); stock us=539 eu=0 cn=0 effective=539; variant payload us=600 total=600; description 277 chars, quality_score=n/a; 40 gallery images + primary",no shipping window on record — conservative shipping score; problem signals: litter; differentiators: furniture; no quality/readiness score — spec confidence from copy length only
ea1dd09b-0654-444e-86d5-012f59a37ed4,only-self-pickup-walnut-wood-cat-head-56,Only Self Pickup---Walnut Wood Cat Head 56,inactive,false,unknown,Pet Furniture Tools,,40.49,51.99,16.19,60,2062472593838628865,CJ Dropshipping,unknown,1,84,84,0,0,84,unknown,true,,1850,11,277,,C,false,,none-detected,0,0,0,0,13,15,10,0,4,2,8,4,5,3,4,68,UNUSABLE_SHIPPING_PROMISE|INVENTORY_BLOCKED,1,CORE_CANDIDATE,"margin 60.0% (price 40.49, cost 16.19); stock us=84 eu=0 cn=0 effective=84; variant payload us=0 total=0; description 277 chars, quality_score=n/a; 11 gallery images + primary",no shipping window on record — conservative shipping score; differentiators: furniture; no quality/readiness score — spec confidence from copy length only
d7c682d3-6f7a-42dd-8a47-ab977b918058,cat-litter-box-easy-to-clean-open-with-scoop-green-1,Open Cat Litter Box – Easy Clean Litter Pan with Scoop,inactive,false,cat,Cat Litter Boxes,Pet Supplies > Cat Supplies > Litter & Waste > Litter Box,134.99,176.99,77.4,42.7,2003462276820611074,CJ Dropshipping,unknown,1,851,851,0,0,851,US,true,,4000,8,549,86,A,false,cat litter box easy to clean open with scoop green,confirmed,0,0,0,0,8,15,8,3,0,7,8,7,5,3,4,68,UNUSABLE_SHIPPING_PROMISE|DUPLICATE,1,CORE_CANDIDATE,"margin 42.7% (price 134.99, cost 77.4); stock us=851 eu=0 cn=0 effective=851; variant payload us=758 total=758; description 549 chars, quality_score=86; 8 gallery images + primary",no shipping window on record — conservative shipping score; problem signals: litter
30f5ce45-97be-4f15-ae6d-cb5527b479ce,bubble-fish-cat-scratcher-sofa,Bubble Fish Cat Scratcher Sofa,active,true,unknown,Cat Scratchers,Pet Supplies > Cat Supplies > Furniture > Cat Scratchers,39.99,49.99,16.05,59.9,2062474549696569345,CJ Dropshipping,unknown,1,72,72,0,0,72,unknown,true,,1850,11,286,,C,true,,none-detected,21,0,0,0,11,15,10,3,4,2,8,4,5,3,3,68,UNUSABLE_SHIPPING_PROMISE,0,CORE_CANDIDATE,"margin 59.9% (price 39.99, cost 16.05); stock us=72 eu=0 cn=0 effective=72; variant payload us=344 total=344; description 286 chars, quality_score=n/a; 11 gallery images + primary",no shipping window on record — conservative shipping score; problem signals: scratch; differentiators: furniture; no quality/readiness score — spec confidence from copy length only
00996613-2cdc-41ae-87a0-6e9248293d75,pet-feeding-station-pet-dish-bowl-set-with-storage-2-elevated-dog-bowls-for-0099,Elevated Dog Bowl Set – Dual Dish Feeding Station with Storage for Large Dogs,active,true,dog,Dog Bowls & Feeders,Pet Supplies > Dog Supplies > Feeding Supplies > Dog Bowls & Feeders,157.99,201.99,90.42,42.8,2015683512765177858,CJ Dropshipping,unknown,1,57,57,0,0,57,US,true,,10000,12,885,87,A,true,pet feeding station pet dish bowl set with storage 2 elevated dog bowls for large sized dogs gray,none-detected,31,0,0,0,8,15,10,0,4,8,8,4,5,3,3,68,UNUSABLE_SHIPPING_PROMISE,0,CORE_CANDIDATE,"margin 42.8% (price 157.99, cost 90.42); stock us=57 eu=0 cn=0 effective=57; variant payload us=47 total=47; description 885 chars, quality_score=87; 12 gallery images + primary",no shipping window on record — conservative shipping score; differentiators: dual
ef1bcc56-2cbb-4886-8a6c-24b89b1e5eeb,cattail-weave-cat-tree-for-indoor-cats-kitty-tower-with-rattan-cat-condo-wicker-bed-ladder-washable-,Cat Tree Tower: Woven Rattan Condo with Washable Cushions,active,true,cat,Cat Trees & Condos,Pet Supplies > Cat Supplies > Cat Furniture > Cat Trees,158.99,192.99,105.87,33.4,2003460645266956289,CJ Dropshipping,unknown,1,94,94,0,0,94,US,true,,10220,9,2532,65,A,true,cattail weave cat tree for indoor cats kitty tower with rattan cat condo wicker bed ladder washable cushions 225 x 145 x 395 natural,none-detected,33,0,0,0,5,15,10,0,4,8,8,7,5,3,3,68,UNUSABLE_SHIPPING_PROMISE|UNACCEPTABLE_MARGIN,1,CORE_CANDIDATE,"margin 33.4% (price 158.99, cost 105.87); stock us=94 eu=0 cn=0 effective=94; variant payload us=150 total=150; description 2532 chars, quality_score=65; 9 gallery images + primary",no shipping window on record — conservative shipping score; differentiators: furniture
593ab862-e0c2-4d8f-ab8d-889492d1b84e,wooden-dog-agile-seesaw-for-training-and-exercise-platform-equipment-running-game-toys,"Wooden Dog Agile Seesaw For Training And Exercise, Platform Equipment Running Game Toys",active,true,dog,Dog Beds,Pet Supplies > Dog Supplies > Training & Agility Supplies > Agility Equipment,166.99,205.99,111.38,33.3,1855812446591012864,CJ Dropshipping,available,1,120,120,0,0,120,US,true,,6985,8,2437,74,C,true,wooden dog agile seesaw for training and exercise platform equipment running game toys,none-detected,24,0,0,0,5,15,10,3,1,8,8,7,5,3,3,68,UNUSABLE_SHIPPING_PROMISE|UNACCEPTABLE_MARGIN,1,CORE_CANDIDATE,"margin 33.3% (price 166.99, cost 111.38); stock us=120 eu=0 cn=0 effective=120; variant payload us=120 total=120; description 2437 chars, quality_score=74; 8 gallery images + primary",no shipping window on record — conservative shipping score; problem signals: non-slip
f87b5c9a-fa1f-4fa4-ab0e-84b849005743,double-layer-sisal-cat-scratcher,Double-Layer Sisal Cat Scratcher,active,true,unknown,Cat Scratchers,Pet Supplies > Cat Supplies > Scratching Supplies > Cat Scratchers,42.95,52.99,21.41,50.2,2062480227752927234,CJ Dropshipping,unknown,1,802,802,0,0,802,unknown,true,,2300,11,286,,C,true,,none-detected,28,0,0,0,11,15,10,3,4,2,8,4,5,3,3,68,UNUSABLE_SHIPPING_PROMISE,0,CORE_CANDIDATE,"margin 50.2% (price 42.95, cost 21.41); stock us=802 eu=0 cn=0 effective=802; variant payload us=232 total=232; description 286 chars, quality_score=n/a; 11 gallery images + primary",no shipping window on record — conservative shipping score; problem signals: scratch; differentiators: sisal; no quality/readiness score — spec confidence from copy length only
9204b6cb-d895-4b0d-8883-e43049fee3a1,american-local-tactical-pet-boobs-service-dog-harness-vest-adjustable-9204,Tactical Dog Harness – Adjustable Reflective Service Vest with Metal Buckle for Dogs,active,true,dog,Dog Collars & Leashes,Pet Supplies > Dog Supplies > Collars & Leashes > Harnesses,51.49,65.99,25.83,49.8,1935996841896681474,CJ Dropshipping,unknown,13,2598,2598,0,0,2598,US,true,,350,10,610,88,A,true,american local tactical pet boobs service dog harness vest adjustable reflective dog harness metal buckle hiking training,none-detected,25,0,0,0,8,15,10,0,4,8,8,4,5,3,3,68,UNUSABLE_SHIPPING_PROMISE,0,CORE_CANDIDATE,"margin 49.8% (price 51.49, cost 25.83); stock us=2598 eu=0 cn=0 effective=2598; variant payload us=2599 total=2599; description 610 chars, quality_score=88; 10 gallery images + primary",no shipping window on record — conservative shipping score; differentiators: dual
2d963cef-1b62-42da-ab0a-c2652757da5d,3-tier-cat-cage-indoor-with-litter-box-hammock-detachable-metal-wire-cat-kennel-2d96,Cat House – 3-Tier Enclosure with Litter Box & Hammock,inactive,false,cat,Cat Litter Boxes,Pet Supplies > Cat Supplies > Cat Furniture > Cat House,121.99,148.99,69.85,42.7,2013446195701768193,CJ Dropshipping,discontinued,1,211,259,0,0,259,US,true,,5650,14,277,,C,false,3 tier cat cage indoor with litter box hammock detachable metal wire cat kennel cat house cat enclosure with ladder for 12 kittens,none-detected,0,0,0,0,8,15,8,3,4,2,8,7,5,3,4,67,UNRELIABLE_SUPPLIER|UNUSABLE_SHIPPING_PROMISE,1,CORE_CANDIDATE,"margin 42.7% (price 121.99, cost 69.85); stock us=259 eu=0 cn=0 effective=259; variant payload us=0 total=0; description 277 chars, quality_score=n/a; 14 gallery images + primary",no shipping window on record — conservative shipping score; problem signals: litter; differentiators: furniture; no quality/readiness score — spec confidence from copy length only
490014d4-0ab8-44c9-bd3a-fdc226020a11,pet-silicone-collar-and-leash-set-comes-with-a-suitable-for-small-and-large-4900,Waterproof Dog Collar & Leash Set – Easy Clean Silicone for Small to Large Dogs,active,true,dog,Dog Carriers,Pet Supplies > Dog Supplies > Collars & Leashes > Collar & Leash Sets,40.95,52.99,20.44,50.1,1902277207987474434,CJ Dropshipping,unknown,3,86,86,0,0,86,unknown,true,,260,8,322,88,A,true,pet silicone collar and leash set comes with a suitable for small and large dogs waterproof and easy to clean,none-detected,18,0,0,0,11,15,10,3,1,7,8,4,2,3,3,67,UNUSABLE_SHIPPING_PROMISE,0,CORE_CANDIDATE,"margin 50.1% (price 40.95, cost 20.44); stock us=86 eu=0 cn=0 effective=86; variant payload us=87 total=87; description 322 chars, quality_score=88; 8 gallery images + primary",no shipping window on record — conservative shipping score; problem signals: waterproof
5b0545dd-0cd1-4387-9cde-827864522cad,furniture-style-dog-crate-end-table-with-removable-door-panel-dog-crate-bed-5b05,Furniture Style Dog Crate Bed – End Table with Removable Panel & Cushion,active,true,dog,Dog Toys,Pet Supplies > Dog Supplies > Furniture > Dog Crates,319.99,388.99,213.12,33.4,2003452398119006210,CJ Dropshipping,unknown,1,154,154,0,0,154,US,true,,25580,9,276,89,A,true,furniture style dog crate end table with removable door panel dog crate bed with foam cushion safety lock indoor use for small  medium dogs brown,none-detected,33,2,0,0,5,15,10,0,4,7,8,7,5,3,3,67,UNUSABLE_SHIPPING_PROMISE|UNACCEPTABLE_MARGIN,1,CORE_CANDIDATE,"margin 33.4% (price 319.99, cost 213.12); stock us=154 eu=0 cn=0 effective=154; variant payload us=284 total=284; description 276 chars, quality_score=89; 9 gallery images + primary",no shipping window on record — conservative shipping score; differentiators: furniture
911a280c-fe9f-4d79-8b2d-a36d5addf23f,luxury-alloy-dog-firewood-walking-collar,Luxury Dog Collar – Durable Alloy Hardware for Dogs,active,true,dog,Dog Collars & Leashes,Pet Supplies > Dog Supplies > Collar & Leash Supplies > Collars,45.95,58.99,18.3,60.2,2001978547178274818,CJ Dropshipping,unknown,12,2760,2760,0,0,2760,US,true,,50,6,989,85,A,true,luxury alloy dog firewood walking collar,none-detected,32,0,0,0,13,15,10,0,1,8,8,4,2,3,3,67,UNUSABLE_SHIPPING_PROMISE,0,CORE_CANDIDATE,"margin 60.2% (price 45.95, cost 18.3); stock us=2760 eu=0 cn=0 effective=2760; variant payload us=2760 total=2760; description 989 chars, quality_score=85; 6 gallery images + primary",no shipping window on record — conservative shipping score
266acd56-6aba-4f22-8361-c8a628d03772,double-stainless-steel-pet-bowl-set-macaron-colors-non-slip-base-and-easy-to-clean-for-cats-and-dogs,"Double Stainless Steel Pet Bowl Set, Macaron Colors, Non-Slip Base And Easy To Clean For Cats And Dogs, Indoor And Outdoor Use",inactive,false,dog,Dog Bowls & Feeders,,46.99,58.99,18.8,60,1985954453805002754,CJ Dropshipping,unavailable,2,199,199,0,0,199,US,true,,300,8,933,,C,false,double stainless steel pet bowl set macaron colors nonslip base and easy to clean for cats and dogs indoor and outdoor use,none-detected,0,0,0,0,11,15,8,6,1,3,8,4,5,3,3,67,UNUSABLE_SHIPPING_PROMISE,0,CORE_CANDIDATE,"margin 60.0% (price 46.99, cost 18.8); stock us=199 eu=0 cn=0 effective=199; variant payload us=52 total=52; description 933 chars, quality_score=n/a; 8 gallery images + primary","no shipping window on record — conservative shipping score; problem signals: splash, non-slip; no quality/readiness score — spec confidence from copy length only"
93fa5e53-25bd-4ca3-a5f6-d06bb4b81c74,only-self-pickup-stainless-steel-cat-litter-box,Only Self Pickup---Stainless Steel Cat Litter Box,inactive,false,unknown,Pet Furniture Tools,,45.99,57.99,23.14,49.7,2062074601161654274,CJ Dropshipping,unknown,1,1355,1355,0,0,1355,US,true,,1700,28,277,,C,false,,none-detected,0,0,0,0,8,15,10,3,4,2,8,7,5,3,2,67,UNUSABLE_SHIPPING_PROMISE|INVENTORY_BLOCKED,1,CORE_CANDIDATE,"margin 49.7% (price 45.99, cost 23.14); stock us=1355 eu=0 cn=0 effective=1355; variant payload us=0 total=0; description 277 chars, quality_score=n/a; 28 gallery images + primary",no shipping window on record — conservative shipping score; problem signals: litter; differentiators: furniture; no quality/readiness score — spec confidence from copy length only; inventory sync stale or never run
b98b3453-7587-4976-bf80-acd9e620ed57,staircase-ramps-designed-for-small-dogs-and-cats-high-density-foam-curved-pet-steps-dog-steps-2,"Staircase Ramps Designed For Small Dogs And Cats, High-density Foam Curved Pet Steps, Dog Steps",inactive,false,dog,Dog Beds,,93.49,117.99,46.76,50,2011377782285758465,CJ Dropshipping,unknown,1,1436,1436,0,0,1436,US,true,,3379,15,974,,C,false,staircase ramps designed for small dogs and cats highdensity foam curved pet steps dog steps,confirmed,0,0,0,0,8,15,8,6,0,3,8,7,5,3,4,67,UNUSABLE_SHIPPING_PROMISE|DUPLICATE,1,CORE_CANDIDATE,"margin 50.0% (price 93.49, cost 46.76); stock us=1436 eu=0 cn=0 effective=1436; variant payload us=43 total=43; description 974 chars, quality_score=n/a; 15 gallery images + primary","no shipping window on record — conservative shipping score; problem signals: non-slip, joint; no quality/readiness score — spec confidence from copy length only"
c2a8d28b-d564-40d0-8f6a-c8f0ca72f1fc,heat-resistant-durable-nylon-tactical-service-dog-harness-adjustable-no-pull-reflective-vest-with-du,"Heat-resistant Durable Nylon Tactical Service Dog Harness, Adjustable No-pull Reflective Vest With Dual Handles For Large Dogs",active,true,dog,Dog Collars & Leashes,Pet Supplies > Dog Supplies > Collars & Harnesses > Pet Harnesses,43.99,53.99,22.2,49.5,2001960348394237953,CJ Dropshipping,unknown,12,2737,2737,0,0,2737,US,true,,550,10,1203,82,A,true,heatresistant durable nylon tactical service dog harness adjustable nopull reflective vest with dual handles for large dogs,none-detected,26,0,0,0,8,15,10,0,4,9,8,4,2,3,4,67,UNUSABLE_SHIPPING_PROMISE,0,CORE_CANDIDATE,"margin 49.5% (price 43.99, cost 22.2); stock us=2737 eu=0 cn=0 effective=2737; variant payload us=2752 total=2752; description 1203 chars, quality_score=82; 10 gallery images + primary",no shipping window on record — conservative shipping score; differentiators: dual
c48e0e44-e340-45e6-851d-c7727138c1fd,modern-indoor-cat-tree-wooden-cat-tower-suitable-for-cats-includes-hammock-scratching-post-and-remov,Cat Tree: Modern Wood Tower with Hammock & Scratcher,active,true,cat,Cat Trees & Condos,Pet Supplies > Cat Supplies > Furniture Supplies > Cat Trees,205.99,253.99,137.16,33.4,1993575125405704193,CJ Dropshipping,unknown,1,52,52,0,0,52,unknown,true,,17400,13,1085,,A,true,modern indoor cat tree wooden cat tower suitable for cats includes hammock scratching post and removable mat suitable for both large and small cats,none-detected,59,0,0,0,5,15,10,3,4,3,8,7,5,3,4,67,UNUSABLE_SHIPPING_PROMISE|UNACCEPTABLE_MARGIN,1,CORE_CANDIDATE,"margin 33.4% (price 205.99, cost 137.16); stock us=52 eu=0 cn=0 effective=52; variant payload us=52 total=52; description 1085 chars, quality_score=n/a; 13 gallery images + primary",no shipping window on record — conservative shipping score; problem signals: scratch; differentiators: furniture; no quality/readiness score — spec confidence from copy length only
71f38863-6b7c-4f23-86a4-7f9d0dbcac8e,cat-litter-box-with-lid,Cat Litter Box with Lid,inactive,false,cat,Cat Litter Boxes,Pet Supplies > Cat Supplies > Litter > Litter Boxes,118.99,153.99,68.27,42.6,1991251169224200193,CJ Dropshipping,unavailable,2,0,0,0,0,0,none,false,,4000,9,1018,81,C,false,cat litter box with lid,none-detected,0,0,0,0,8,6,2,10,7,8,8,7,5,3,3,67,NO_REAL_STOCK|NO_US_DELIVERY_PATH|UNUSABLE_SHIPPING_PROMISE,2,LONGTAIL,"margin 42.6% (price 118.99, cost 68.27); stock us=0 eu=0 cn=0 effective=0; variant payload us=346 total=346; description 1018 chars, quality_score=81; 9 gallery images + primary","column stock is 0 but CJ variant payload reports 346 US units — needs re-sync before trusting; no shipping window on record — conservative shipping score; problem signals: odor, smell, tracking, litter; differentiators: enclosed, furniture"
16f69eff-5135-4428-a2ac-fe93ca9c18e5,2-in-1-wireless-electric-dog-fence-waterproof-pet-shock-boundary-containment-16f6,Dog Training Fence – Wireless Waterproof Electric Boundary Collar System for Dogs,inactive,false,dog,Dog Grooming,Pet Supplies > Dog Supplies > Training Supplies > Training Fence,116.99,142.99,69.47,40.6,1990410896638386178,CJ Dropshipping,unknown,1,230,230,0,0,230,unknown,true,,1000,6,1173,87,B1,false,2 in 1 wireless electric dog fence waterproof pet shock boundary containment system electric training collar for small medium large dogs,confirmed,0,0,0,0,8,15,10,3,0,8,8,4,5,3,3,67,UNUSABLE_SHIPPING_PROMISE|DUPLICATE,1,CORE_CANDIDATE,"margin 40.6% (price 116.99, cost 69.47); stock us=230 eu=0 cn=0 effective=230; variant payload us=230 total=230; description 1173 chars, quality_score=87; 6 gallery images + primary",no shipping window on record — conservative shipping score; problem signals: waterproof
af69c13d-8baf-4c69-8f18-6be021388a80,rubber-crazy-monster-squeaky-toys-for-dogs-toy-for-chewers-non-toxic-chew-toys,Durable Dog Chew Toy – Non-Toxic Squeaky Rubber Monster for Aggressive Chewers,active,true,dog,Dog Toys,Pet Supplies > Dog Supplies > Toys > Chew Toy,39.95,49.99,15.99,60,2004008466263945217,CJ Dropshipping,available,1,66,66,0,0,66,US,true,,250,7,274,89,B1,true,rubber crazy monster squeaky toys for dogstoy for chewersnon toxic chew toys,none-detected,50,0,0,0,11,15,10,0,1,7,8,4,5,3,3,67,UNUSABLE_SHIPPING_PROMISE,0,CORE_CANDIDATE,"margin 60.0% (price 39.95, cost 15.99); stock us=66 eu=0 cn=0 effective=66; variant payload us=67 total=67; description 274 chars, quality_score=89; 7 gallery images + primary",no shipping window on record — conservative shipping score
03266043-24ed-4108-8242-4c60f7d2ab51,44-multi-level-cat-tree-with-spacious-top-perch-2-door-condo-hammock-for-indoor-0326,Cat Tree – Multi-Level 44 Inch Condo with Spacious Perch & Hammock for Cats,inactive,false,cat,Cat Trees & Condos,Pet Supplies > Cat Supplies > Cat Furniture > Cat Trees & Condos,128.99,158.99,73.55,43,2013828422753169410,CJ Dropshipping,unknown,1,230,230,0,0,230,US,true,,1000,6,194,,C,false,44 multilevel cat tree with spacious top perch 2door condo  hammock for indoor cats light gray,confirmed,0,0,0,0,8,15,8,3,6,1,8,7,5,3,3,67,UNUSABLE_SHIPPING_PROMISE|INSUFFICIENT_SPECS|DUPLICATE,2,LONGTAIL,"margin 43.0% (price 128.99, cost 73.55); stock us=230 eu=0 cn=0 effective=230; variant payload us=230 total=230; description 194 chars, quality_score=n/a; 6 gallery images + primary","no shipping window on record — conservative shipping score; problem signals: scratch; differentiators: multi-level, furniture; no quality/readiness score — spec confidence from copy length only"
6d307223-27a9-483b-aad9-40cc0ae6894c,covered-cat-litter-box-with-lid,Covered Cat Litter Box with Lid,inactive,false,cat,Cat Litter Boxes,Pet Supplies > Cat Supplies > Litter > Litter Boxes,85.49,109.99,42.86,49.9,1991251536603287554,CJ Dropshipping,unavailable,5,0,0,0,0,0,none,false,,2650,11,4000,80,C,false,covered cat litter box with lid,none-detected,0,0,0,0,8,6,2,9,7,9,8,7,5,3,3,67,NO_REAL_STOCK|NO_US_DELIVERY_PATH|UNUSABLE_SHIPPING_PROMISE,2,LONGTAIL,"margin 49.9% (price 85.49, cost 42.86); stock us=0 eu=0 cn=0 effective=0; variant payload us=573 total=573; description 4000 chars, quality_score=80; 11 gallery images + primary","column stock is 0 but CJ variant payload reports 573 US units — needs re-sync before trusting; no shipping window on record — conservative shipping score; problem signals: odor, tracking, litter; differentiators: dual, enclosed"
29d9d63f-8728-4ac1-a2f8-83a5b2b0f1c1,pet-slow-food-bowl-anti-choking-cat-bowl-3in1-interactive-dog-feeder-puzzle-29d9,GetPawsy 3-in-1 Slow Feeder Bowl - Anti-Choking Puzzle Feeder for Cats and Small Dogs,active,true,both,Cat Bowls & Feeders,Pet Supplies > Multi-Pet Supplies > Feeding Supplies > Slow Feeders,56.49,70.99,28.29,49.9,2008459342455554049,CJ Dropshipping,available,1,65,65,0,0,65,US,true,,800,11,277,88,A,true,pet slow food bowl anti choking cat bowl3in1 interactive dog feeder puzzle lick mat  slow feeder bowlmental stimulation toy for medium  large dogs,none-detected,12,0,0,0,8,15,10,3,1,7,8,4,5,3,3,67,UNUSABLE_SHIPPING_PROMISE,0,CORE_CANDIDATE,"margin 49.9% (price 56.49, cost 28.29); stock us=65 eu=0 cn=0 effective=65; variant payload us=66 total=66; description 277 chars, quality_score=88; 11 gallery images + primary",no shipping window on record — conservative shipping score; problem signals: slow feeder
d48b48b6-fa99-44aa-b6f8-4dfe48474cd0,dog-potty-training-artificial-grass-pad-pet-cat-toilet-trainer-mat-puppy-loo-d48b,Dog Potty Training Pad – Artificial Grass Pet Toilet Mat for Puppies,active,true,both,Dog Training,Pet Supplies > Multi-Pet Supplies > Training & Housebreaking > Potty Training Pad,98.99,126.99,56.75,42.7,1990664699732611074,CJ Dropshipping,unknown,1,230,230,0,0,230,US,true,,1000,7,969,,A,true,dog potty training artificial grass pad pet cat toilet trainer mat puppy loo tray turf,none-detected,28,0,0,0,8,15,10,3,1,3,8,7,5,3,4,67,UNUSABLE_SHIPPING_PROMISE,0,CORE_CANDIDATE,"margin 42.7% (price 98.99, cost 56.75); stock us=230 eu=0 cn=0 effective=230; variant payload us=230 total=230; description 969 chars, quality_score=n/a; 7 gallery images + primary",no shipping window on record — conservative shipping score; problem signals: odor; no quality/readiness score — spec confidence from copy length only
3757d492-94f8-47d5-b0f3-4adf9ffa5994,only-self-pickup-e24-cat-litter-box,Only Self Pickup---E24 Cat Litter Box,inactive,false,unknown,Pet Furniture Tools,,39.99,51.99,20.03,49.9,2062441173925683202,CJ Dropshipping,unknown,2,986,986,0,0,986,US,true,,1650,19,277,,C,false,,none-detected,0,0,0,0,8,15,10,3,4,2,8,7,5,3,2,67,UNUSABLE_SHIPPING_PROMISE|INVENTORY_BLOCKED,1,CORE_CANDIDATE,"margin 49.9% (price 39.99, cost 20.03); stock us=986 eu=0 cn=0 effective=986; variant payload us=0 total=0; description 277 chars, quality_score=n/a; 19 gallery images + primary",no shipping window on record — conservative shipping score; problem signals: litter; differentiators: furniture; no quality/readiness score — spec confidence from copy length only; inventory sync stale or never run
5b9bc27b-8592-4e21-aeae-c0e13a2128ef,only-self-pickup-e-model-cat-litter-box,Only Self Pickup---E-model Cat Litter Box,inactive,false,unknown,Pet Furniture Tools,,39.99,51.99,20.03,49.9,2062442637212184578,CJ Dropshipping,unknown,3,612,612,0,0,612,US,true,,2000,24,277,,C,false,,none-detected,0,0,0,0,8,15,10,3,4,2,8,7,5,3,2,67,UNUSABLE_SHIPPING_PROMISE|INVENTORY_BLOCKED,1,CORE_CANDIDATE,"margin 49.9% (price 39.99, cost 20.03); stock us=612 eu=0 cn=0 effective=612; variant payload us=0 total=0; description 277 chars, quality_score=n/a; 24 gallery images + primary",no shipping window on record — conservative shipping score; problem signals: litter; differentiators: furniture; no quality/readiness score — spec confidence from copy length only; inventory sync stale or never run
fbb3c5c3-036d-4dbc-a4b9-a1a0f1b80e30,nylon-anti-grind-dog-leash-collar,Durable Dog Collar & Leash Set – Anti-Grind Nylon for Dogs,active,true,dog,Dog Collars & Leashes,Pet Supplies > Dog Supplies > Collars & Leashes > Collar & Leash Set,26.95,34.99,8.92,66.9,D2C89161-B5F9-4B6C-99D1-9D9E3B00A2A8,CJ Dropshipping,unknown,2,17,17,0,0,17,US,true,,102,6,709,86,A,true,nylon antigrind dog leash collar,none-detected,25,0,0,0,13,12,10,0,1,8,8,4,5,3,3,67,UNUSABLE_SHIPPING_PROMISE,0,CORE_CANDIDATE,"margin 66.9% (price 26.95, cost 8.92); stock us=17 eu=0 cn=0 effective=17; variant payload us=18 total=18; description 709 chars, quality_score=86; 6 gallery images + primary",no shipping window on record — conservative shipping score
685f7faf-7809-4962-b408-c2ced99dd178,smart-pet-water-fountain-automatic-cat-water-dispenser-4-5l-cordless-685f,Automatic Pet Water Fountain – Cordless Smart Dispenser for Cats & Dogs,active,true,both,Cat Bowls & Feeders,Pet Supplies > Multi-Pet Supplies > Feeding Supplies > Pet Water Fountains,115.98,144.98,46.39,60,2026540361197219842,CJ Dropshipping,available,1,460,460,0,0,460,US,true,,800,6,277,,B1,true,,none-detected,12,0,0,0,13,15,10,0,4,2,8,4,5,3,3,67,UNUSABLE_SHIPPING_PROMISE,0,CORE_CANDIDATE,"margin 60.0% (price 115.98, cost 46.39); stock us=460 eu=0 cn=0 effective=460; variant payload us=230 total=230; description 277 chars, quality_score=n/a; 6 gallery images + primary",no shipping window on record — conservative shipping score; differentiators: automatic; no quality/readiness score — spec confidence from copy length only
bfbda0a4-ce0c-48b4-938a-652c3fb22301,traveling-out-portable-dog-water-dispenser,Portable Dog Water Dispenser – Travel Hydration Bottle for Dogs,active,true,dog,Dog Toys,Pet Supplies > Dog Supplies > Feeding & Watering > Water Bottles,24.49,30.99,8.24,66.4,956CEFCE-0470-4BE9-86FE-7FFDDD0C82AA,CJ Dropshipping,available,2,3,3,0,0,3,US,true,,229,22,274,92,B1,true,traveling out portable dog water dispenser,none-detected,25,0,0,0,13,12,10,0,1,8,8,4,5,3,3,67,UNUSABLE_SHIPPING_PROMISE,0,CORE_CANDIDATE,"margin 66.4% (price 24.49, cost 8.24); stock us=3 eu=0 cn=0 effective=3; variant payload us=167 total=167; description 274 chars, quality_score=92; 22 gallery images + primary",no shipping window on record — conservative shipping score
99722c57-b568-4de1-ade7-b15b886a80fd,only-self-pickup-double-door-cat-litter-box,Only Self Pickup---Double-door Cat Litter Box,inactive,false,unknown,Pet Furniture Tools,,39.99,49.99,20.03,49.9,2062439555484798978,CJ Dropshipping,unknown,1,679,679,0,0,679,US,true,,1420,11,277,,C,false,,none-detected,0,0,0,0,8,15,10,3,4,2,8,7,5,3,2,67,UNUSABLE_SHIPPING_PROMISE|INVENTORY_BLOCKED,1,CORE_CANDIDATE,"margin 49.9% (price 39.99, cost 20.03); stock us=679 eu=0 cn=0 effective=679; variant payload us=0 total=0; description 277 chars, quality_score=n/a; 11 gallery images + primary",no shipping window on record — conservative shipping score; problem signals: litter; differentiators: furniture; no quality/readiness score — spec confidence from copy length only; inventory sync stale or never run
e6e50b2c-6c42-4764-bba4-944bb0a086db,pawhut-5-tier-hamster-cage-with-tubes-and-tunnels-small-animal-cage-rat-gerbil-e6e5,"5-Tier Hamster Habitat – Enclosure Cage with Tubes, Wheel & Accessories",active,true,unknown,Hamster Cages,Pet Supplies > Small Animal Supplies > Cages & Habitats > Hamster Cages,109.99,132.99,62.97,42.7,2010535077406547970,CJ Dropshipping,unknown,1,171,171,0,0,171,US,true,,4200,11,585,86,C,true,pawhut 5 tier hamster cage with tubes and tunnels small animal cage rat gerbil cage with water bottle food dish exercise wheel green,none-detected,7,0,0,0,8,15,10,0,4,7,8,7,2,3,3,67,UNUSABLE_SHIPPING_PROMISE,0,CORE_CANDIDATE,"margin 42.7% (price 109.99, cost 62.97); stock us=171 eu=0 cn=0 effective=171; variant payload us=114 total=114; description 585 chars, quality_score=86; 11 gallery images + primary",no shipping window on record — conservative shipping score; differentiators: multi-level
ac91664a-082c-451f-ba33-bbc731f3c216,74-wooden-outdoor-cat-house-catio-outdoor-cat-enclosure-orange," 74"" Wooden Outdoor Cat House Catio Outdoor Cat Enclosure, Orange",active,true,cat,Cat Houses,Pet Supplies > Cat Supplies > Cat Furniture > Cat Houses,431.99,528.99,287.88,33.4,2003463574263361537,CJ Dropshipping,unknown,1,176,176,0,0,176,US,true,,30500,9,1066,,C,true,74 wooden outdoor cat house catio outdoor cat enclosure orange,none-detected,42,0,0,0,5,15,10,0,7,3,8,7,5,3,4,67,UNUSABLE_SHIPPING_PROMISE|UNACCEPTABLE_MARGIN,1,CORE_CANDIDATE,"margin 33.4% (price 431.99, cost 287.88); stock us=176 eu=0 cn=0 effective=176; variant payload us=97 total=97; description 1066 chars, quality_score=n/a; 9 gallery images + primary","no shipping window on record — conservative shipping score; differentiators: multi-level, furniture; no quality/readiness score — spec confidence from copy length only"
b43b60ba-fa75-4b87-aa93-9edd2329fbfc,pet-sofa-bed-couch-with-storage-pet-sofa-for-cats-and-small-dogs-black,Elevated Dog Sofa Bed – Couch with Storage for Small Dogs & Cats,inactive,false,dog,Dog Beds,Pet Supplies > Multi-Pet Supplies > Beds > Sofa Bed,169.99,215.99,97.38,42.7,2003454917457063938,CJ Dropshipping,unknown,1,232,232,0,0,232,US,true,,8350,8,936,89,C,false,pet sofa bed couch with storage pet sofa for cats and small dogs black,confirmed,0,0,0,0,8,15,8,0,3,8,8,7,5,3,2,67,UNUSABLE_SHIPPING_PROMISE|DUPLICATE,1,CORE_CANDIDATE,"margin 42.7% (price 169.99, cost 97.38); stock us=232 eu=0 cn=0 effective=232; variant payload us=0 total=0; description 936 chars, quality_score=89; 8 gallery images + primary",no shipping window on record — conservative shipping score; differentiators: furniture; inventory sync stale or never run
fe0003f6-33bd-4406-8697-3e50ca3f368c,reestanding-wooden-pet-gate-with-support-feet-non-slip-mats-for-indoor-stairway-fe00,Freestanding Wooden Dog Gate – Non-Slip Safety Barrier for Stairs & Doorways,inactive,false,dog,Dog Toys,Pet Supplies > Dog Supplies > Houses > Gate,143.99,177.99,82.57,42.7,2014635454408724481,CJ Dropshipping,discontinued,0,73,73,0,0,73,US,true,,5500,9,282,86,A,false,reestanding wooden pet gate with support feet  nonslip mats for indoor stairway doorway white,none-detected,0,0,0,0,8,15,8,3,1,7,8,7,5,3,2,67,UNRELIABLE_SUPPLIER|UNUSABLE_SHIPPING_PROMISE,1,CORE_CANDIDATE,"margin 42.7% (price 143.99, cost 82.57); stock us=73 eu=0 cn=0 effective=73; variant payload us=0 total=0; description 282 chars, quality_score=86; 9 gallery images + primary",no shipping window on record — conservative shipping score; problem signals: non-slip; inventory sync stale or never run
19390342-4534-47ef-a77d-2e3dcce6c737,pawhut-pet-sofa-dog-sofa-for-small-dogs-with-storage-dark-blue,Dog Sofa Bed – Small Pet Couch with Storage for Dogs,active,true,dog,Dog Toys,Pet Supplies > Dog Supplies > Beds & Furniture > Sofa Bed,169.99,219.99,96.87,43,2008025284907659265,CJ Dropshipping,available,1,0,4,0,0,4,unknown,true,,7350,11,274,87,B1,true,pawhut pet sofa dog sofa for small dogs with storage dark blue,none-detected,23,0,0,0,8,12,10,0,4,7,8,7,5,3,3,67,UNUSABLE_SHIPPING_PROMISE,0,CORE_CANDIDATE,"margin 43.0% (price 169.99, cost 96.87); stock us=4 eu=0 cn=0 effective=4; variant payload us=21 total=21; description 274 chars, quality_score=87; 11 gallery images + primary",no shipping window on record — conservative shipping score; differentiators: furniture
659aa51a-07c3-49c7-98cb-ad6d5c993418,extra-large-stainless-steel-litter-box-enclosed-cat-litter-box-with-scoop-top-entrance-non-slip-pads,Litter Box: Extra Large Stainless Steel for Odor Control,active,false,cat,Cat Litter Boxes,,127.99,155.99,72.93,43,2003462882139611137,CJ Dropshipping,unavailable,1,0,0,0,0,0,none,false,,4800,9,935,,A,true,extra large stainless steel litter box enclosed cat litter box with scoop top entrance nonslip pads black,none-detected,4,0,0,0,8,6,10,10,4,3,8,7,5,3,3,67,NO_REAL_STOCK|NO_US_DELIVERY_PATH|UNUSABLE_SHIPPING_PROMISE,2,LONGTAIL,"margin 43.0% (price 127.99, cost 72.93); stock us=0 eu=0 cn=0 effective=0; variant payload us=41 total=41; description 935 chars, quality_score=n/a; 9 gallery images + primary","column stock is 0 but CJ variant payload reports 41 US units — needs re-sync before trusting; no shipping window on record — conservative shipping score; problem signals: odor, tracking, litter, non-slip; differentiators: enclosed; no quality/readiness score — spec confidence from copy length only"
9e0afce6-c9bd-4f15-92a6-6bf3136cb7e6,2-in-1-pet-grooming-gloves-brushes-for-cats-and-dogs-high-efficiency-hair-9e0a,GetPawsy 2-in-1 Pet Grooming Gloves - Hair Removal and Massage Tool for Cats and Dogs,active,true,both,Pet Grooming,Pet Supplies > Multi-Pet Supplies > Grooming Supplies > Grooming Gloves,36.95,45.99,14.73,60.1,1993155042347737090,CJ Dropshipping,unknown,1,25,25,0,0,25,US,true,,300,17,284,,B1,true,2in1 pet grooming gloves  brushes for cats and dogs highefficiency hair removal  massage glovesdoublesided hair removalantiscratch  bite protectioncleaning  grooming,none-detected,38,0,0,0,13,15,10,3,1,2,8,4,5,3,3,67,UNUSABLE_SHIPPING_PROMISE,0,CORE_CANDIDATE,"margin 60.1% (price 36.95, cost 14.73); stock us=25 eu=0 cn=0 effective=25; variant payload us=36 total=36; description 284 chars, quality_score=n/a; 17 gallery images + primary",no shipping window on record — conservative shipping score; problem signals: hair; no quality/readiness score — spec confidence from copy length only
fc17c0f8-8e31-4990-a762-d4a9ee4587e9,elevated-dog-bed-with-removable-canopy-portable-outside-raised-pet-cot-with-cooling-pad-storage-bag-,Dog Bed with Canopy Offers Portable Outdoor Comfort,active,true,dog,Dog Beds,Pet Supplies > Dog Supplies > Beds > Elevated Beds,129.99,158.99,74.08,43,2003455536130727937,CJ Dropshipping,unavailable,1,185,185,0,0,185,US,true,,3800,9,884,89,C,true,elevated dog bed with removable canopy portable outside raised pet cot with cooling pad storage bag 42 x 30 x 37,none-detected,20,0,0,0,8,15,10,0,1,8,8,7,5,3,2,67,UNUSABLE_SHIPPING_PROMISE,0,CORE_CANDIDATE,"margin 43.0% (price 129.99, cost 74.08); stock us=185 eu=0 cn=0 effective=185; variant payload us=54 total=54; description 884 chars, quality_score=89; 9 gallery images + primary",no shipping window on record — conservative shipping score; inventory sync stale or never run
79ebb6b2-bbd5-43c3-b51a-33071d665353,weaved-cat-bed-elevated-hand-woven-braided-banana-leaf-kitten-house-condo-with-79eb,Elevated Cat Bed – Hand-Woven Banana Leaf Kitten House with Cushion,active,false,cat,Cat Beds,Pet Supplies > Cat Supplies > Beds & Furniture > Cat Beds,149.99,187.99,85.7,42.9,2008727317827907585,CJ Dropshipping,unavailable,1,0,0,0,0,0,unknown,false,,3200,11,2489,80,A,true,weaved cat bed elevated handwoven braided banana leaf kitten house condo with cushion beige,none-detected,0,0,0,0,8,6,2,9,7,9,8,7,5,3,3,67,NO_REAL_STOCK|NO_US_DELIVERY_PATH|UNUSABLE_SHIPPING_PROMISE,2,LONGTAIL,"margin 42.9% (price 149.99, cost 85.7); stock us=0 eu=0 cn=0 effective=0; variant payload us=8 total=8; description 2489 chars, quality_score=80; 11 gallery images + primary","column stock is 0 but CJ variant payload reports 8 US units — needs re-sync before trusting; no shipping window on record — conservative shipping score; problem signals: odor, hair, shed; differentiators: enclosed, furniture"
b1f32db4-baa7-46df-aa74-2462974f74f5,wireless-electric-dog-fence-waterproof-pet-shock-boundary-containment-system-b1f3,Dog Training Fence – Wireless Waterproof Electric Boundary Collar for Dogs,inactive,false,dog,Dog Toys,Pet Supplies > Dog Supplies > Training Supplies > Training Fence,116.99,148.99,66.89,42.8,1943626773861679106,CJ Dropshipping,unknown,1,460,460,0,0,460,US,true,,403,5,1286,87,C,false,wireless electric dog fence waterproof pet shock boundary containment system electric training collar for small medium large dogs,confirmed,0,0,0,0,8,15,10,3,0,9,6,4,5,3,4,67,UNUSABLE_SHIPPING_PROMISE|DUPLICATE,1,CORE_CANDIDATE,"margin 42.8% (price 116.99, cost 66.89); stock us=460 eu=0 cn=0 effective=460; variant payload us=459 total=459; description 1286 chars, quality_score=87; 5 gallery images + primary",no shipping window on record — conservative shipping score; problem signals: waterproof
e034e140-839a-4732-a1f5-e12faaac6b94,dog-training-collar-receiver-ip67-waterproof-1,Dog Training Collar Receiver IP67 Waterproof,inactive,false,dog,Dog Training,,63.95,77.99,31.88,50.1,1980181562491269122,CJ Dropshipping,unknown,1,460,460,0,0,460,US,true,,112,5,908,,C,false,dog training collar receiver ip67 waterproof,confirmed,0,0,0,0,11,15,8,6,0,3,6,7,5,3,2,66,UNUSABLE_SHIPPING_PROMISE|DUPLICATE,1,CORE_CANDIDATE,"margin 50.1% (price 63.95, cost 31.88); stock us=460 eu=0 cn=0 effective=460; variant payload us=0 total=0; description 908 chars, quality_score=n/a; 5 gallery images + primary","no shipping window on record — conservative shipping score; problem signals: splash, waterproof; no quality/readiness score — spec confidence from copy length only; inventory sync stale or never run"
7ce0c56d-dd73-4fec-9d7e-2e27aa609d94,portable-cats-dogs-garbage-bag-holder-pet-poop-bags-carrier-dispenser,Portable Dog Poop Bag Dispenser – Waste Bag Holder for Dogs,active,true,dog,Dog Toys,Pet Supplies > Dog Supplies > Waste Management > Poop Bag Dispensers,16.49,19.99,4.72,71.4,B6FFB024-6B6D-47E3-A3D4-3FD9926F2D73,CJ Dropshipping,available,2,29,29,0,0,29,US,true,,30,7,274,,B1,true,portable cats dogs garbage bag holder pet poop bags carrier dispenser,none-detected,24,0,0,0,15,15,10,0,1,2,8,4,5,3,3,66,UNUSABLE_SHIPPING_PROMISE,0,CORE_CANDIDATE,"margin 71.4% (price 16.49, cost 4.72); stock us=29 eu=0 cn=0 effective=29; variant payload us=29 total=33; description 274 chars, quality_score=n/a; 7 gallery images + primary",no shipping window on record — conservative shipping score; no quality/readiness score — spec confidence from copy length only
7e3484ab-87e6-42eb-833f-2e77ffa95d09,hamster-cage-with-openable-top-lock-hut-transparent-acrylic-panels-accessories-for-dwarf-hamster-ger," Hamster Cage with Openable Top & Lock, Hut, Transparent Acrylic Panels, Accessories, for Dwarf Hamster Gerbil, White",active,true,unknown,Hamster Cages,,231.99,278.99,154.85,33.3,2003472401343225857,CJ Dropshipping,unknown,1,22,22,0,0,22,US,true,,18500,9,2523,,C,true,hamster cage with openable top  lock hut transparent acrylic panels accessories for dwarf hamster gerbil white,none-detected,21,0,0,0,5,15,10,3,4,4,8,7,5,3,2,66,UNUSABLE_SHIPPING_PROMISE|UNACCEPTABLE_MARGIN,1,CORE_CANDIDATE,"margin 33.3% (price 231.99, cost 154.85); stock us=22 eu=0 cn=0 effective=22; variant payload us=54 total=54; description 2523 chars, quality_score=n/a; 9 gallery images + primary",no shipping window on record — conservative shipping score; problem signals: odor; differentiators: transparent; no quality/readiness score — spec confidence from copy length only; inventory sync stale or never run
a7c2c67f-745e-4172-97cb-f92e6b21e3dd,small-wooden-rabbit-hutch-bunny-cage-guinea-pig-cage-duck-house-dog-house-with-openable-waterproof-r," Small Wooden Rabbit Hutch Bunny Cage Guinea Pig Cage Duck House Dog House with Openable & Waterproof Roof, for Rabbits, Chickens, Ducks, Natural",inactive,false,unknown,Rabbit Cages,,121.99,148.99,69.8,42.8,2003459535571558401,CJ Dropshipping,unknown,1,246,246,0,0,246,US,true,,6803,8,1095,,C,false,small wooden rabbit hutch bunny cage guinea pig cage duck house dog house with openable  waterproof roof for rabbits chickens ducks natural,none-detected,0,0,0,0,8,15,8,6,1,3,8,7,5,3,2,66,UNUSABLE_SHIPPING_PROMISE,0,CORE_CANDIDATE,"margin 42.8% (price 121.99, cost 69.8); stock us=246 eu=0 cn=0 effective=246; variant payload us=0 total=0; description 1095 chars, quality_score=n/a; 8 gallery images + primary","no shipping window on record — conservative shipping score; problem signals: shed, waterproof; no quality/readiness score — spec confidence from copy length only; inventory sync stale or never run"
9aba46a2-0620-43da-8c32-e1eabfad8d18,4-levels-cat-steps-with-scratching-posts-for-high-bed-sofa-brown," 4 Levels Cat Steps with Scratching Posts for High Bed, Sofa, Brown",inactive,false,cat,Cat Scratching Posts,,132.99,168.99,75.8,43,2003455940919488513,CJ Dropshipping,unknown,1,192,192,0,0,192,US,true,,8500,8,920,,C,false,4 levels cat steps with scratching posts for high bed sofa brown,confirmed,0,0,0,0,8,15,8,3,3,3,8,7,5,3,3,66,UNUSABLE_SHIPPING_PROMISE|DUPLICATE,1,CORE_CANDIDATE,"margin 43.0% (price 132.99, cost 75.8); stock us=192 eu=0 cn=0 effective=192; variant payload us=23 total=23; description 920 chars, quality_score=n/a; 8 gallery images + primary",no shipping window on record — conservative shipping score; problem signals: scratch; differentiators: furniture; no quality/readiness score — spec confidence from copy length only
0f90114f-7eb8-4c4d-aeda-53c43041bd69,cat-entertainment-set-interactive-rotating-disk-feather-teasers-tumbler-windmill-toy-keeps-cats-acti,"Cat Entertainment Set- Interactive Rotating Disk, Feather Teasers, Tumbler, Windmill Toy - Keeps Cats Active & Engaged",active,true,cat,Cat Toys,Pet Supplies > Cat Supplies > Toys > Interactive Toys,43.49,52.99,17.43,59.9,1932723050570362881,CJ Dropshipping,unknown,2,98,98,0,0,98,unknown,true,,300,7,991,,A,true,cat entertainment set interactive rotating disk feather teasers tumbler windmill toy  keeps cats active  engaged,none-detected,25,0,0,0,11,15,10,0,4,3,8,4,5,3,3,66,UNUSABLE_SHIPPING_PROMISE,0,CORE_CANDIDATE,"margin 59.9% (price 43.49, cost 17.43); stock us=98 eu=0 cn=0 effective=98; variant payload us=121 total=121; description 991 chars, quality_score=n/a; 7 gallery images + primary",no shipping window on record — conservative shipping score; differentiators: rotat; no quality/readiness score — spec confidence from copy length only
175ad360-d7ee-40ad-bbdf-b714cb596635,dome-covered-cat-litter-box-with-lid,Dome Covered Cat Litter Box with Lid,inactive,false,cat,Cat Litter Boxes,Pet Supplies > Cat Supplies > Litter & Housebreaking > Litter Box,89.49,115.99,51.16,42.8,1991251314561028097,CJ Dropshipping,unavailable,1,0,0,0,0,0,none,false,,3000,8,3998,76,C,false,dome covered cat litter box with lid,none-detected,0,0,0,0,8,6,2,9,7,9,8,7,5,3,2,66,NO_REAL_STOCK|NO_US_DELIVERY_PATH|UNUSABLE_SHIPPING_PROMISE,2,LONGTAIL,"margin 42.8% (price 89.49, cost 51.16); stock us=0 eu=0 cn=0 effective=0; variant payload us=123 total=123; description 3998 chars, quality_score=76; 8 gallery images + primary","column stock is 0 but CJ variant payload reports 123 US units — needs re-sync before trusting; no shipping window on record — conservative shipping score; problem signals: odor, tracking, litter; differentiators: foldable, enclosed; inventory sync stale or never run"
1a1302e7-939f-4c94-96b7-d4e0c9d34a37,hidden-cat-litter-box-furniture-enclosure,GetPawsy Hidden Cat Litter Box Enclosure – Furniture with Scratching Board,active,false,cat,Cat Litter Boxes,Pet Supplies > Cat Supplies > Litter & Housebreaking > Litter Box Enclosures,176.99,212.99,117.68,33.5,2004753444271132673,CJ Dropshipping,unknown,1,0,0,0,0,0,unknown,false,,12700,12,683,89,A,true,pawhut cat litter box enclosure with tall legs scratching board dark brown,none-detected,11,0,0,0,5,6,2,9,10,8,8,7,5,3,3,66,NO_REAL_STOCK|NO_US_DELIVERY_PATH|UNUSABLE_SHIPPING_PROMISE|UNACCEPTABLE_MARGIN,3,RETIRE_CANDIDATE,"margin 33.5% (price 176.99, cost 117.68); stock us=0 eu=0 cn=0 effective=0; variant payload us=69 total=69; description 683 chars, quality_score=89; 12 gallery images + primary","column stock is 0 but CJ variant payload reports 69 US units — needs re-sync before trusting; no shipping window on record — conservative shipping score; problem signals: litter, scratch, hide; differentiators: enclosed, hidden, furniture"
89291c90-d306-41a8-92f6-da625aec2443,interactive-cat-toy-ball-super-drive-cat-rolling-ball,Interactive Cat Toy Ball Super Drive Cat Rolling Ball,active,true,unknown,Cat Toys,Pet Supplies > Cat Supplies > Cat Toys > Toy Balls,16.99,21.99,4.94,70.9,2409030737241626200,CJ Dropshipping,unknown,3,70,70,0,0,70,US,true,,62,14,274,,C,true,,none-detected,20,0,0,0,15,15,10,0,1,2,8,4,5,3,3,66,UNUSABLE_SHIPPING_PROMISE,0,CORE_CANDIDATE,"margin 70.9% (price 16.99, cost 4.94); stock us=70 eu=0 cn=0 effective=70; variant payload us=173 total=173; description 274 chars, quality_score=n/a; 14 gallery images + primary",no shipping window on record — conservative shipping score; no quality/readiness score — spec confidence from copy length only
134d383d-9b45-4546-a7e3-bf098dc01d03,handwoven-elevated-cat-bed-with-soft-cushion-egg-chair-shape-basket-bed-kitty-house-with-stand-raise," Handwoven Elevated Cat Bed with Soft Cushion & Egg Chair Shape, Basket Bed Kitty House with Stand, Raised Wicker House for Indoor Cats, 20"" H, Gray",inactive,false,cat,Cat Beds,,116.99,148.99,67.12,42.6,2003459841101438978,CJ Dropshipping,unknown,1,28,28,0,0,28,US,true,,4200,8,962,,A,false,handwoven elevated cat bed with soft cushion  egg chair shape basket bed kitty house with stand raised wicker house for indoor cats 20 h gray,none-detected,0,0,0,0,8,15,8,3,4,3,8,7,5,3,2,66,UNUSABLE_SHIPPING_PROMISE,0,CORE_CANDIDATE,"margin 42.6% (price 116.99, cost 67.12); stock us=28 eu=0 cn=0 effective=28; variant payload us=0 total=0; description 962 chars, quality_score=n/a; 8 gallery images + primary",no shipping window on record — conservative shipping score; problem signals: hair; differentiators: furniture; no quality/readiness score — spec confidence from copy length only; inventory sync stale or never run
41e1a8e0-a059-4002-b3ab-0d4270030d93,41-inch-hand-woven-water-hyacinth-cat-tree-3-sisal-scratching-posts-multi-level-41e1,Interactive Cat Tree – 41-Inch Water Hyacinth with Sisal Posts,active,true,cat,Cat Trees & Condos,Pet Supplies > Cat Supplies > Furniture & Scratchers > Cat Trees,185.99,237.99,124.13,33.3,2016445345727672322,CJ Dropshipping,unknown,1,230,230,0,0,230,US,true,,1000,7,209,,B1,true,41 inch handwoven water hyacinth cat tree 3 sisal scratching posts multilevel activity center for catswhite,none-detected,52,0,0,0,5,15,10,3,7,1,8,7,5,3,2,66,UNUSABLE_SHIPPING_PROMISE|INSUFFICIENT_SPECS|UNACCEPTABLE_MARGIN,2,LONGTAIL,"margin 33.3% (price 185.99, cost 124.13); stock us=230 eu=0 cn=0 effective=230; variant payload us=230 total=230; description 209 chars, quality_score=n/a; 7 gallery images + primary","no shipping window on record — conservative shipping score; problem signals: scratch; differentiators: furniture, sisal; no quality/readiness score — spec confidence from copy length only; inventory sync stale or never run"
248afe2e-f920-4ba1-a5c1-b8a4bbff49aa,elevated-dog-bed-with-removable-canopy-outdoor-dog-cot-with-uv-protection-canopy-shade-30-inch-pet-b,Dog Bed With Canopy For Outdoor UV Protection,active,true,dog,Dog Beds,Pet Supplies > Dog Supplies > Beds > Elevated Beds,96.99,118.99,48.67,49.8,2003454602016043009,CJ Dropshipping,unavailable,1,130,130,0,0,130,US,true,,2200,9,959,,C,true,elevated dog bed with removable canopy outdoor dog cot with uv protection canopy shade 30 inch pet bed for camping gray,none-detected,25,0,0,0,8,15,10,3,1,3,8,7,5,3,3,66,UNUSABLE_SHIPPING_PROMISE,0,CORE_CANDIDATE,"margin 49.8% (price 96.99, cost 48.67); stock us=130 eu=0 cn=0 effective=130; variant payload us=45 total=45; description 959 chars, quality_score=n/a; 9 gallery images + primary",no shipping window on record — conservative shipping score; problem signals: shed; no quality/readiness score — spec confidence from copy length only
3bd37fe7-7d53-449d-81a5-a3435a2d7f68,39-portable-soft-sided-cat-carrier-cat-kennel-travel-dog-crate-with-divider-two-3bd3,Soft-Sided Pet Carrier – Portable Travel Kennel with Divider for Cats & Dogs,inactive,false,both,Cat Carriers,Pet Supplies > Multi-Pet Supplies > Carriers & Travel > Pet Carrier,161.99,246.99,107.98,33.3,2003450567382048770,CJ Dropshipping,unavailable,1,106,106,0,0,106,US,true,,6100,8,963,89,A,false,39 portable softsided cat carrier cat kennel travel dog crate with divider two compartments soft cushions  storage bag easy to fold light gray,none-detected,0,0,0,0,5,15,8,0,4,8,8,7,5,3,3,66,UNUSABLE_SHIPPING_PROMISE|UNACCEPTABLE_MARGIN,1,CORE_CANDIDATE,"margin 33.3% (price 161.99, cost 107.98); stock us=106 eu=0 cn=0 effective=106; variant payload us=114 total=114; description 963 chars, quality_score=89; 8 gallery images + primary",no shipping window on record — conservative shipping score; differentiators: dual
3f3a010c-57d6-4e2e-beb2-9ef6efc0bdb4,tainless-steel-dog-bowl-pets-hanging-food-bowl-detachable-pet,Stainless Steel Dog Bowl – Hanging Food & Water Bowl for Dogs,active,true,dog,Dog Bowls & Feeders,Pet Supplies > Dog Supplies > Feeding Supplies > Dog Bowls,34.95,42.99,13.99,60,1971861318099689473,CJ Dropshipping,unknown,1,460,460,0,0,460,US,true,,290,5,853,85,B1,true,tainless steel dog bowl pets hanging food bowl detachable pet,none-detected,29,0,0,0,11,15,10,0,1,8,6,4,5,3,3,66,UNUSABLE_SHIPPING_PROMISE,0,CORE_CANDIDATE,"margin 60.0% (price 34.95, cost 13.99); stock us=460 eu=0 cn=0 effective=460; variant payload us=460 total=460; description 853 chars, quality_score=85; 5 gallery images + primary",no shipping window on record — conservative shipping score
41a4a3a4-4c27-4d23-816c-0adef6e5a587,3pcs-latex-screaming-chicken-toys-eco-friendly-tpr-pet-squeaky-dog-interactive-41a4,Durable Dog Chew Toy – Squeaky Eco-Friendly Latex Chicken for Dogs,active,true,unknown,Dog Toys,Pet Supplies > Dog Supplies > Toys > Chew Toy,39.99,48.99,16,60,1956652820317995010,CJ Dropshipping,available,1,137,137,0,0,137,US,true,,250,5,883,85,B1,true,3pcs  latex screaming chicken toys eco friendly tpr pet squeaky dog interactive play chew toys,none-detected,26,0,0,0,11,15,10,0,1,8,6,4,5,3,3,66,UNUSABLE_SHIPPING_PROMISE,0,CORE_CANDIDATE,"margin 60.0% (price 39.99, cost 16); stock us=137 eu=0 cn=0 effective=137; variant payload us=140 total=140; description 883 chars, quality_score=85; 5 gallery images + primary",no shipping window on record — conservative shipping score
294e3350-430d-4191-acb3-05ee2e533d1d,explosion-proof-dog-leash-for-small-and-medium-sized-dogs-suitable-for-corgi-294e,GetPawsy Durable Dog Leash – Reinforced Walking Lead for Small & Medium Dogs,active,true,dog,Dog Collars & Leashes,"Pet Supplies > Dog Supplies > Collars, Harnesses & Leashes > Leashes",33.99,40.99,13.73,59.6,1976134270970388482,CJ Dropshipping,unknown,3,68,68,0,0,68,US,true,,230,16,203,85,A,true,explosionproof dog leash for small and mediumsized dogs suitable for corgi border collie shiba inu dog walking collar and dog chain,none-detected,24,0,0,0,11,15,10,0,1,6,8,4,5,3,3,66,UNUSABLE_SHIPPING_PROMISE|INSUFFICIENT_SPECS,1,CORE_CANDIDATE,"margin 59.6% (price 33.99, cost 13.73); stock us=68 eu=0 cn=0 effective=68; variant payload us=94 total=94; description 203 chars, quality_score=85; 16 gallery images + primary",no shipping window on record — conservative shipping score
6cc06d6f-8e11-4ac3-822e-35c0ead2e327,new-interactive-cat-toys-ball-auto-electric-rolling-ball-toys-for-cat-kitty-pets-smart-automatic-tea,New Interactive Cat Toys Ball Auto Electric Rolling Ball Toys For Cat Kitty Pets Smart Automatic Teaser USB Rechargeable Cat Toy Pet Products,active,true,unknown,Cat Toys,Pet Supplies > Cat Supplies > Toy Supplies > Interactive Toys,16.99,21.99,5.73,66.3,2412200801291624100,CJ Dropshipping,unknown,3,25,25,0,0,25,US,true,,48,11,274,,C,true,,none-detected,35,0,0,0,13,15,10,0,4,2,8,4,5,3,2,66,UNUSABLE_SHIPPING_PROMISE,0,CORE_CANDIDATE,"margin 66.3% (price 16.99, cost 5.73); stock us=25 eu=0 cn=0 effective=25; variant payload us=51 total=51; description 274 chars, quality_score=n/a; 11 gallery images + primary",no shipping window on record — conservative shipping score; differentiators: automatic; no quality/readiness score — spec confidence from copy length only; inventory sync stale or never run
1c2d7340-2a4e-467d-9a99-42e86b100045,4pcs-cute-latex-dog-chew-toys-with-sound-interactive-biting-toys-for-dental-1c2d,Durable Dog Chew Toy – 4-Pack Latex Squeaky Toy for Dental Health,active,true,dog,Dog Food & Treats,Pet Supplies > Dog Supplies > Toys > Chew Toy,46.49,56.99,18.66,59.9,2001961361314459650,CJ Dropshipping,unknown,1,226,226,0,0,226,US,true,,350,8,1096,,B1,true,4pcs cute latex dog chew toys with sound interactive biting toys for dental health puppy teething pet supplies,none-detected,18,0,0,0,11,15,10,3,1,3,8,4,5,3,3,66,UNUSABLE_SHIPPING_PROMISE,0,CORE_CANDIDATE,"margin 59.9% (price 46.49, cost 18.66); stock us=226 eu=0 cn=0 effective=226; variant payload us=227 total=227; description 1096 chars, quality_score=n/a; 8 gallery images + primary",no shipping window on record — conservative shipping score; problem signals: dental; no quality/readiness score — spec confidence from copy length only
2041764d-a50a-4f49-930e-63c710c5a27a,blue-yellow-color-options-1pc-dog-water-fountain-multifunctional-automatic-pet-water-dispenser-outdo,Blue-Yellow Color Options -- 1Pc Dog Water Fountain Multifunctional Automatic Pet Water Dispenser Outdoor Step-on Activated Sprinkler For Drinking Shower Fun,active,true,dog,Dog Toys,Pet Supplies > Dog Supplies > Toys > Outdoor Dog Toys,73.99,92.99,37.03,50,1961359632876224514,CJ Dropshipping,available,2,0,1,0,0,1,unknown,true,,1420,21,2642,77,C,true,blueyellow color options  1pc dog water fountain multifunctional automatic pet water dispenser outdoor stepon activated sprinkler for drinking shower fun,none-detected,25,0,0,0,8,12,10,0,4,9,8,4,5,3,3,66,UNUSABLE_SHIPPING_PROMISE,0,CORE_CANDIDATE,"margin 50.0% (price 73.99, cost 37.03); stock us=1 eu=0 cn=0 effective=1; variant payload us=25 total=25; description 2642 chars, quality_score=77; 21 gallery images + primary",no shipping window on record — conservative shipping score; differentiators: automatic
87da60a4-9488-472e-8f65-b95ec674d357,dog-kennel-furniture-side-end-table-indoor-with-lockable-door-for-small-and-87da,Durable Dog Kennel Furniture – Indoor End Table with Lockable Door for Dogs,active,true,dog,Dog Toys,Pet Supplies > Dog Supplies > Furniture > Dog Kennel Furniture,257.99,327.99,171.88,33.4,2009096454804381698,CJ Dropshipping,unknown,1,29,29,0,0,29,US,true,,19450,11,3691,80,A,true,dog kennel furniture side end table indoor with lockable door for small and medium dogs walnut brown,none-detected,25,0,0,0,5,15,10,0,4,9,8,4,5,3,3,66,UNUSABLE_SHIPPING_PROMISE|UNACCEPTABLE_MARGIN,1,CORE_CANDIDATE,"margin 33.4% (price 257.99, cost 171.88); stock us=29 eu=0 cn=0 effective=29; variant payload us=57 total=57; description 3691 chars, quality_score=80; 11 gallery images + primary",no shipping window on record — conservative shipping score; differentiators: furniture
9358f335-165c-408c-886b-94bcbd173cfd,5-tiers-hamster-cage-portable-animal-travel-carrier-w-exercise-wheels-tube,5 Tiers Hamster Cage Portable Animal Travel Carrier W Exercise Wheels Tube,active,true,unknown,Hamster Cages,Pet Supplies > Small Animal Supplies > Cages & Habitats > Hamster Cages,91.99,117.99,52.82,42.6,2010586483467460609,CJ Dropshipping,unknown,1,626,626,0,0,626,US,true,,3000,12,1060,,C,true,5 tiers hamster cage portable animal travel carrier w exercise wheels tube,none-detected,20,0,0,0,8,15,10,0,4,3,8,7,5,3,3,66,UNUSABLE_SHIPPING_PROMISE,0,CORE_CANDIDATE,"margin 42.6% (price 91.99, cost 52.82); stock us=626 eu=0 cn=0 effective=626; variant payload us=226 total=226; description 1060 chars, quality_score=n/a; 12 gallery images + primary",no shipping window on record — conservative shipping score; differentiators: multi-level; no quality/readiness score — spec confidence from copy length only
eff32623-dde2-4a84-b0ae-860526078b31,only-self-pickup-cat-ladder,Only Self Pickup---Cat Ladder,inactive,false,unknown,Pet Furniture Tools,,33.49,40.99,13.46,59.8,2062058506994937857,CJ Dropshipping,unknown,2,103,103,0,0,103,US,true,,1000,20,277,,C,false,,none-detected,0,0,0,0,11,15,10,0,4,2,8,4,5,3,4,66,UNUSABLE_SHIPPING_PROMISE|INVENTORY_BLOCKED,1,CORE_CANDIDATE,"margin 59.8% (price 33.49, cost 13.46); stock us=103 eu=0 cn=0 effective=103; variant payload us=0 total=0; description 277 chars, quality_score=n/a; 20 gallery images + primary",no shipping window on record — conservative shipping score; differentiators: furniture; no quality/readiness score — spec confidence from copy length only
b265edbf-fe68-461a-9d00-73c90e5f114b,1pc-dog-water-fountain-outdoor-dog-pet-water-dispenser-step-on-activated-b265,Interactive Dog Water Fountain – Outdoor Paw Pedal Sprinkler Toy for Dogs,active,true,dog,Dog Toys,Pet Supplies > Dog Supplies > Toy Supplies > Water Toys,84.99,107.99,42.53,50,1956634486692249601,CJ Dropshipping,unknown,1,573,573,0,0,573,US,true,,1767,10,1054,90,A,true,1pc dog water fountain outdoor dog pet water dispenser stepon activated sprinkler with interactive paw pedal valve for drinking water,none-detected,20,0,0,0,8,15,10,0,1,8,8,4,5,3,4,66,UNUSABLE_SHIPPING_PROMISE,0,CORE_CANDIDATE,"margin 50.0% (price 84.99, cost 42.53); stock us=573 eu=0 cn=0 effective=573; variant payload us=797 total=797; description 1054 chars, quality_score=90; 10 gallery images + primary",no shipping window on record — conservative shipping score
e493aef8-518a-465e-92f9-f636e7040dd1,1pc-wild-bird-feeder-squirrel-proof-chew-proof-metal-bird-seed-feeder-outdoor-e493,Squirrel-Proof Bird Feeder – Durable Chew-Proof Metal Outdoor Hanging Feeder,active,true,unknown,Bird Bowls & Feeders,Pet Supplies > Bird Supplies > Feeding Supplies > Bird Feeders,69.49,85.99,34.77,50,1961359990806310914,CJ Dropshipping,available,1,0,1,0,0,1,unknown,true,,1190,13,1841,84,B1,true,1pc wild bird feeder squirrelproof chewproof metal bird seed feeder outdoor hanging bird feeder with 360 degree circular perches water cups for yard garden patio,none-detected,21,0,0,0,8,12,10,0,1,9,8,7,5,3,3,66,UNUSABLE_SHIPPING_PROMISE,0,CORE_CANDIDATE,"margin 50.0% (price 69.49, cost 34.77); stock us=1 eu=0 cn=0 effective=1; variant payload us=10 total=10; description 1841 chars, quality_score=84; 13 gallery images + primary",no shipping window on record — conservative shipping score
4c925c9b-43ef-43df-9b4d-e4e6f02e754c,1pc-wind-chimes-humming-bird-feeder-ant-and-bee-proof-outdoor-hanging-4c92,Hummingbird Feeder – Ant & Bee Proof Outdoor Hanging Feeder for Birds,active,true,unknown,Bird Bowls & Feeders,Pet Supplies > Bird Supplies > Feeding Supplies > Bird Feeders,44.99,55.99,22.68,49.6,1963484250524647426,CJ Dropshipping,available,1,0,1,0,0,1,unknown,true,,286,14,2470,81,B1,true,1pc wind chimes humming bird feeder ant and bee proof outdoor hanging hummingbird feeder for viewing decoration for garden patio yard balcony,none-detected,19,0,0,0,8,12,10,0,1,9,8,7,5,3,3,66,UNUSABLE_SHIPPING_PROMISE,0,CORE_CANDIDATE,"margin 49.6% (price 44.99, cost 22.68); stock us=1 eu=0 cn=0 effective=1; variant payload us=67 total=67; description 2470 chars, quality_score=81; 14 gallery images + primary",no shipping window on record — conservative shipping score
ffd90049-2a25-4778-be70-68c47e1b9d40,elevated-cat-bed-with-three-hideaways-four-soft-plush-cushions-cat-tower-with-hand-woven-materials-m,Cat Tower: Hand-Woven Hideaways & Plush Cushions,active,true,cat,Cat Trees & Condos,Pet Supplies > Cat Supplies > Beds > Cat Trees & Condos,165.99,211.99,110.47,33.4,2003461028169162753,CJ Dropshipping,unknown,1,24,24,0,0,24,US,true,,6800,9,913,,C,true,elevated cat bed with three hideaways  four soft plush cushions cat tower with handwoven materials multilayer raised kitten bed caves,none-detected,32,0,0,0,5,15,10,6,1,3,8,7,5,3,3,66,UNUSABLE_SHIPPING_PROMISE|UNACCEPTABLE_MARGIN,1,CORE_CANDIDATE,"margin 33.4% (price 165.99, cost 110.47); stock us=24 eu=0 cn=0 effective=24; variant payload us=110 total=110; description 913 chars, quality_score=n/a; 9 gallery images + primary","no shipping window on record — conservative shipping score; problem signals: hide, joint; no quality/readiness score — spec confidence from copy length only"
ecf613cb-2160-4842-9438-91d19b3a1967,raised-dog-couch-with-comfortable-cushion-pine-wood-legs-foot-pads-for-large-ecf6,Raised Dog Bed – Comfortable Couch Cushion for Large Dogs,active,true,dog,Dog Beds,Pet Supplies > Dog Supplies > Beds > Dog Beds,171.99,206.99,98.4,42.8,2003455206702379009,CJ Dropshipping,unknown,1,86,86,0,0,86,US,true,,10200,9,218,91,B1,true,raised dog couch with comfortable cushion pine wood legs foot pads for largesized dogs indoor use dark blue,none-detected,23,0,0,0,8,15,10,0,1,6,8,7,5,3,3,66,UNUSABLE_SHIPPING_PROMISE|INSUFFICIENT_SPECS,1,CORE_CANDIDATE,"margin 42.8% (price 171.99, cost 98.4); stock us=86 eu=0 cn=0 effective=86; variant payload us=144 total=144; description 218 chars, quality_score=91; 9 gallery images + primary",no shipping window on record — conservative shipping score
2de6f9bd-b9b9-4dd6-8f66-2a2654c418bc,wireless-electric-dog-fence-pet-shock-boundary-containment-system-electric-2de6,Dog Training Fence – Wireless Electric Boundary Collar for All Dog Sizes,active,true,dog,Dog Training,Pet Supplies > Dog Supplies > Training Supplies > Training Collars,98.99,118.99,56.62,42.8,1990596187500224514,CJ Dropshipping,unknown,1,230,230,0,0,230,US,true,,1000,7,1192,92,A,true,wireless electric dog fence pet shock boundary containment system electric training collar for small medium large dogs,none-detected,19,0,0,0,8,15,10,0,1,9,8,4,5,3,3,66,UNUSABLE_SHIPPING_PROMISE,0,CORE_CANDIDATE,"margin 42.8% (price 98.99, cost 56.62); stock us=230 eu=0 cn=0 effective=230; variant payload us=230 total=230; description 1192 chars, quality_score=92; 7 gallery images + primary",no shipping window on record — conservative shipping score
fa19a5fd-2e8f-4070-9db8-48b669803834,20-5-weaved-cat-bed-elevated-hand-woven-braided-banana-leaf-kitten-house-condo-with-cushion-natural," 20.5"" Weaved Cat Bed, Elevated Hand-woven Braided Banana Leaf Kitten House Condo with Cushion, Natural",active,true,cat,Cat Beds,Pet Supplies > Cat Supplies > Beds & Bedding > Cat Bed,165.99,206.99,95.02,42.8,2003460328597680129,CJ Dropshipping,available,1,140,140,0,0,140,US,true,,5800,9,986,,A,true,205 weaved cat bed elevated handwoven braided banana leaf kitten house condo with cushion natural,none-detected,16,0,0,0,8,15,10,0,4,3,8,7,5,3,3,66,UNUSABLE_SHIPPING_PROMISE,0,CORE_CANDIDATE,"margin 42.8% (price 165.99, cost 95.02); stock us=140 eu=0 cn=0 effective=140; variant payload us=246 total=246; description 986 chars, quality_score=n/a; 9 gallery images + primary",no shipping window on record — conservative shipping score; differentiators: furniture; no quality/readiness score — spec confidence from copy length only
654e8de8-e1fc-4ba8-8ed2-bc924fcb77ee,cat-litter-box-enclosure-with-drawers-storage-anti-tip-kit-39-x-18-x-31-5-white," Cat Litter Box Enclosure with Drawers, Storage, Anti-tip Kit, 39"" x 18"" x 31.5"", White",active,true,cat,Cat Litter Boxes,Pet Supplies > Cat Supplies > Litter & Housebreaking > Litter Box Enclosures,350.99,442.99,234.12,33.3,2003462457223061505,CJ Dropshipping,unknown,1,103,103,0,0,103,US,true,,32500,9,940,,C,true,cat litter box enclosure with drawers storage antitip kit 39 x 18 x 315 white,none-detected,35,0,0,0,5,15,10,3,4,3,8,7,5,3,3,66,UNUSABLE_SHIPPING_PROMISE|UNACCEPTABLE_MARGIN,1,CORE_CANDIDATE,"margin 33.3% (price 350.99, cost 234.12); stock us=103 eu=0 cn=0 effective=103; variant payload us=258 total=258; description 940 chars, quality_score=n/a; 9 gallery images + primary",no shipping window on record — conservative shipping score; problem signals: litter; differentiators: furniture; no quality/readiness score — spec confidence from copy length only
c59309f4-0e6e-4b90-8a27-4177f001a585,versatile-accordion-cat-scratcher,Versatile Accordion Cat Scratcher,active,true,unknown,Cat Scratchers,Pet Supplies > Cat Supplies > Scratchers & Posts > Scratcher Pads,27.99,,12.8,54.3,2062477197920628738,CJ Dropshipping,unknown,1,1072,1072,0,0,1072,US,true,,800,23,286,,C,true,,none-detected,56,16,0,0,11,15,10,3,1,2,8,4,5,3,4,66,UNUSABLE_SHIPPING_PROMISE,0,CORE_CANDIDATE,"margin 54.3% (price 27.99, cost 12.8); stock us=1072 eu=0 cn=0 effective=1072; variant payload us=1092 total=1092; description 286 chars, quality_score=n/a; 23 gallery images + primary",no shipping window on record — conservative shipping score; problem signals: scratch; no quality/readiness score — spec confidence from copy length only
d1843b7b-4a5f-4a6e-8db7-42fd8d013f4d,c-sofa-bearded-cat-56,C Sofa Bearded Cat 56,active,true,unknown,Pet Furniture Tools,Pet Supplies > Cat Supplies > Furniture > Cat Furniture,39.99,48.99,16.05,59.9,2062473711870996482,CJ Dropshipping,unknown,2,521,521,0,0,521,US,true,,1850,11,277,,C,true,,none-detected,20,0,0,0,11,15,10,0,4,2,8,4,5,3,4,66,UNUSABLE_SHIPPING_PROMISE,0,CORE_CANDIDATE,"margin 59.9% (price 39.99, cost 16.05); stock us=521 eu=0 cn=0 effective=521; variant payload us=531 total=531; description 277 chars, quality_score=n/a; 11 gallery images + primary",no shipping window on record — conservative shipping score; differentiators: furniture; no quality/readiness score — spec confidence from copy length only
5362f3a5-6d93-4fda-86c3-eb533e0825ce,1pc-dog-car-seat-cover-for-back-seat-waterproof-oxford-cloth-seat-cover-hammock-non-slip-scratchproo,1Pc Dog Car Seat Cover For Back Seat Waterproof Oxford Cloth Seat Cover Hammock Non-Slip Scratchproof Back Seat Extender With Side Flap Mesh Window Storage Bag For Car SUV Truck,active,true,unknown,Pet Supplies/Pet Outdoor Supplies/Pet Car Mats,Pet Supplies > Multi-Pet Supplies > Travel > Car Seat Covers,104.99,128.99,60.1,42.8,1980886336207179777,CJ Dropshipping,unknown,1,3,3,0,0,3,unknown,true,,4350,9,278,,C,true,,none-detected,41,22,0,0,8,12,8,9,1,2,8,7,5,3,3,66,UNUSABLE_SHIPPING_PROMISE,0,CORE_CANDIDATE,"margin 42.8% (price 104.99, cost 60.1); stock us=3 eu=0 cn=0 effective=3; variant payload us=8 total=8; description 278 chars, quality_score=n/a; 9 gallery images + primary","no shipping window on record — conservative shipping score; problem signals: scratch, non-slip, waterproof; no quality/readiness score — spec confidence from copy length only"
f6052006-fb30-4236-bf2f-d4075e0eaf74,cat-litter-box-enclosure-with-drawers,Cat Litter Box Enclosure with Drawers,inactive,false,cat,Cat Litter Boxes,Pet Supplies > Cat Supplies > Litter > Litter Box Enclosures,177.99,219.99,118.7,33.3,1991251490172342274,CJ Dropshipping,unknown,3,0,0,0,0,0,none,false,,14500,11,4000,67,C,false,cat litter box enclosure with drawers,confirmed,0,0,0,0,5,6,2,10,9,8,8,7,5,3,3,66,NO_REAL_STOCK|NO_US_DELIVERY_PATH|UNUSABLE_SHIPPING_PROMISE|UNACCEPTABLE_MARGIN|DUPLICATE,4,RETIRE_CANDIDATE,"margin 33.3% (price 177.99, cost 118.7); stock us=0 eu=0 cn=0 effective=0; variant payload us=362 total=362; description 4000 chars, quality_score=67; 11 gallery images + primary","column stock is 0 but CJ variant payload reports 362 US units — needs re-sync before trusting; no shipping window on record — conservative shipping score; problem signals: odor, litter, scratch, non-slip; differentiators: dual, hidden, furniture"
c9b25974-9e15-4049-aa8a-131bba268b29,54-2-story-large-rabbit-hutch-bunny-cage-wooden-pet-house-small-animal-habitat-with-lockable-doors-n," 54"" 2-Story Large Rabbit Hutch Bunny Cage Wooden Pet House Small Animal Habitat with Lockable Doors, No Leak Tray and waterproof Roof for Rabbits, Chickens, Ducks, Outdoor/Indoor Natural",inactive,false,unknown,Rabbit Cages,,318.99,404.99,212.42,33.4,2003459502197481474,CJ Dropshipping,unknown,1,46,46,0,0,46,US,true,,22850,8,2370,66,C,false,54 2story large rabbit hutch bunny cage wooden pet house small animal habitat with lockable doors no leak tray and waterproof roof for rabbits chickens ducks outdoorindoor natural,none-detected,0,0,0,0,5,15,8,3,1,8,8,7,5,3,2,65,UNUSABLE_SHIPPING_PROMISE|UNACCEPTABLE_MARGIN,1,CORE_CANDIDATE,"margin 33.4% (price 318.99, cost 212.42); stock us=46 eu=0 cn=0 effective=46; variant payload us=0 total=0; description 2370 chars, quality_score=66; 8 gallery images + primary",no shipping window on record — conservative shipping score; problem signals: waterproof; inventory sync stale or never run
de994553-1e43-439e-9459-c11e12044901,2-tier-hamster-cage-with-12-deep-tray,"2 Tier Hamster Cage with 12"" Deep Tray",inactive,false,unknown,Hamster Cages,,156.99,191.99,89.72,42.8,1991255400542932994,CJ Dropshipping,unknown,1,38,38,0,0,38,US,true,,6700,8,2474,,C,false,2 tier hamster cage with 12 deep tray,none-detected,0,0,0,0,8,15,8,0,4,4,8,7,5,3,3,65,UNUSABLE_SHIPPING_PROMISE,0,CORE_CANDIDATE,"margin 42.8% (price 156.99, cost 89.72); stock us=38 eu=0 cn=0 effective=38; variant payload us=248 total=248; description 2474 chars, quality_score=n/a; 8 gallery images + primary",no shipping window on record — conservative shipping score; differentiators: dual; no quality/readiness score — spec confidence from copy length only
9fa08071-71da-4cd8-8891-e868186be7cc,wooden-cat-house-with-soft-cushion-decorative-kitten-condo-side-table-elevated-pet-house-with-storag,"Cat House: Soft Cushion Condo, Side Table with Storage",active,true,cat,Cat Houses,Pet Supplies > Cat Supplies > Houses > Cat Condos,176.99,224.99,117.98,33.3,2003460621619470337,CJ Dropshipping,unknown,1,22,22,0,0,22,US,true,,17200,9,2554,74,C,true,wooden cat house with soft cushion decorative kitten condo side table elevated pet house with storage space,none-detected,55,0,0,0,5,15,10,0,1,8,8,7,5,3,3,65,UNUSABLE_SHIPPING_PROMISE|UNACCEPTABLE_MARGIN,1,CORE_CANDIDATE,"margin 33.3% (price 176.99, cost 117.98); stock us=22 eu=0 cn=0 effective=22; variant payload us=134 total=134; description 2554 chars, quality_score=74; 9 gallery images + primary",no shipping window on record — conservative shipping score
4b79fbbe-b07e-4530-9890-38836c534452,cat-toys-interactive-toy-for-cat-kitten-toys-lightweight-resin-duck-shape-fun-stick-for-kitten-play-,"Cat Toys - Interactive Toy For Cat , Kitten Toys, Lightweight Resin Duck Shape Fun Stick For Kitten Play Indoor Outdoor ,Removable And Washable Duck Cat Toy",active,true,cat,Cat Toys,Pet Supplies > Cat Supplies > Toys > Interactive Toys,35.95,44.99,14.39,60,1998279478282907650,CJ Dropshipping,available,4,0,111,0,0,111,unknown,true,,100,9,632,,A,true,cat toys  interactive toy for cat  kitten toys lightweight resin duck shape fun stick for kitten play indoor outdoor removable and washable duck cat toy,none-detected,12,0,0,0,11,15,10,0,1,3,8,7,5,3,2,65,UNUSABLE_SHIPPING_PROMISE,0,CORE_CANDIDATE,"margin 60.0% (price 35.95, cost 14.39); stock us=111 eu=0 cn=0 effective=111; variant payload us=225 total=225; description 632 chars, quality_score=n/a; 9 gallery images + primary",no shipping window on record — conservative shipping score; no quality/readiness score — spec confidence from copy length only; inventory sync stale or never run
0c484864-54ef-4068-a223-62fe828f7569,foldable-pet-stroller-for-small-dogs-cats,Foldable Pet Stroller – Dog & Cat Carrier for Small Pets,inactive,false,dog,Dog Carriers,Pet Supplies > Multi-Pet Supplies > Travel & Transport > Pet Strollers,150.99,184.99,100.76,33.3,2004449776949833730,CJ Dropshipping,unavailable,1,100,100,0,0,100,US,true,,7000,13,1193,86,A,false,foldable pet stroller for small dogs  cats,none-detected,0,0,0,0,5,15,8,0,4,8,8,7,5,3,2,65,UNUSABLE_SHIPPING_PROMISE|UNACCEPTABLE_MARGIN,1,CORE_CANDIDATE,"margin 33.3% (price 150.99, cost 100.76); stock us=100 eu=0 cn=0 effective=100; variant payload us=0 total=0; description 1193 chars, quality_score=86; 13 gallery images + primary",no shipping window on record — conservative shipping score; differentiators: foldable; inventory sync stale or never run
303c9938-3c45-4ce7-b925-61786b69c5f7,990ft-range-dog-wireless-fence-remote-training-collar-ipx6-waterproof-receiver-with-0-9-levels-beep-,990FT Range Dog Wireless Fence Remote Training Collar IPX6 Waterproof Receiver With 0-9 Levels Beep Vibration Shock Mode 4 Channels Rechargeable Transmitter System,inactive,false,dog,Dog Toys,,130.99,159.99,75.06,42.7,1990409173018517506,CJ Dropshipping,unknown,1,230,230,0,0,230,US,true,,1000,6,935,,C,false,990ft range dog wireless fence remote training collar ipx6 waterproof receiver with 09 levels beep vibration shock mode 4 channels rechargeable transmitter system,confirmed,0,0,0,0,8,15,8,6,3,3,8,4,5,3,2,65,UNUSABLE_SHIPPING_PROMISE|DUPLICATE,1,CORE_CANDIDATE,"margin 42.7% (price 130.99, cost 75.06); stock us=230 eu=0 cn=0 effective=230; variant payload us=0 total=0; description 935 chars, quality_score=n/a; 6 gallery images + primary","no shipping window on record — conservative shipping score; problem signals: splash, waterproof; differentiators: dual; no quality/readiness score — spec confidence from copy length only; inventory sync stale or never run"
0a5ff022-810e-4cc1-a3fd-7de8f68e4158,portable-soft-sided-pet-cat-carrier-with-divider-two-compartments-padded-and-storage-bag-grey,"Portable Soft-sided Pet Cat Carrier With Divider, Two Compartments, Padded And Storage Bag, Grey",inactive,false,cat,Cat Carriers,,195.99,246.99,130.4,33.5,1856258170524946432,CJ Dropshipping,unknown,1,44,55,0,0,55,US,true,,6087,8,2765,,C,false,portable softsided pet cat carrier with divider two compartments padded and storage bag grey,confirmed,0,0,0,0,5,15,8,0,6,4,8,7,5,3,4,65,UNUSABLE_SHIPPING_PROMISE|UNACCEPTABLE_MARGIN|DUPLICATE,2,LONGTAIL,"margin 33.5% (price 195.99, cost 130.4); stock us=55 eu=0 cn=0 effective=55; variant payload us=0 total=0; description 2765 chars, quality_score=n/a; 8 gallery images + primary","no shipping window on record — conservative shipping score; differentiators: dual, foldable; no quality/readiness score — spec confidence from copy length only"
2952e601-5090-4135-98bd-347b44ad59e7,4-levels-cat-steps-with-scratching-posts-for-high-bed-sofa-gray," 4 Levels Cat Steps with Scratching Posts for High Bed, Sofa, Gray",active,true,cat,Cat Toys,Pet Supplies > Cat Supplies > Toys > Cat Scratcher Toy,126.99,174.99,72.48,42.9,2003455977661591553,CJ Dropshipping,unknown,1,144,144,0,0,144,US,true,,8500,9,286,,C,true,4 levels cat steps with scratching posts for high bed sofa gray,none-detected,30,0,0,0,8,15,10,3,1,2,8,7,5,3,3,65,UNUSABLE_SHIPPING_PROMISE,0,CORE_CANDIDATE,"margin 42.9% (price 126.99, cost 72.48); stock us=144 eu=0 cn=0 effective=144; variant payload us=48 total=48; description 286 chars, quality_score=n/a; 9 gallery images + primary",no shipping window on record — conservative shipping score; problem signals: scratch; no quality/readiness score — spec confidence from copy length only
8237d4a7-befa-4a41-b4f6-819f6e6cc087,3-tier-wooden-hamster-cage-mice-and-rat-cage-small-animals-hutch-with-openable-top-front-door-shelf-," 3-Tier Wooden Hamster Cage Mice and Rat Cage Small Animals Hutch with Openable Top, Front Door, Shelf, Natural Wood",inactive,false,unknown,Hamster Cages,,167.99,203.99,95.72,43,2003464946185969665,CJ Dropshipping,unknown,1,60,60,0,0,60,US,true,,9000,8,982,,C,false,3tier wooden hamster cage mice and rat cage small animals hutch with openable top front door shelf natural wood,confirmed,0,0,0,0,8,15,8,3,3,3,8,7,5,3,2,65,UNUSABLE_SHIPPING_PROMISE|DUPLICATE,1,CORE_CANDIDATE,"margin 43.0% (price 167.99, cost 95.72); stock us=60 eu=0 cn=0 effective=60; variant payload us=0 total=0; description 982 chars, quality_score=n/a; 8 gallery images + primary",no shipping window on record — conservative shipping score; problem signals: hide; differentiators: multi-level; no quality/readiness score — spec confidence from copy length only; inventory sync stale or never run
4f2f57da-15d5-4503-b426-0bd0b1d7a46b,parrot-stand-large-bird-perch-stand-with-toy-hook-3-ladders-parrot-perch-bird-4f2f,Bird Perch Stand – Playstand with Toy Hook & Ladders for Parrots,inactive,false,unknown,Bird Accessories,Pet Supplies > Bird Supplies > Bird Perches > Bird Playstand,151.99,186.99,101.53,33.2,2003458978437963778,CJ Dropshipping,unknown,1,670,670,0,0,670,US,true,,8500,8,633,87,C,false,parrot stand large bird perch stand with toy hook  3 ladders parrot perch bird wooden stand gray,none-detected,0,0,0,0,5,15,8,0,4,8,8,7,5,3,2,65,UNUSABLE_SHIPPING_PROMISE|UNACCEPTABLE_MARGIN,1,CORE_CANDIDATE,"margin 33.2% (price 151.99, cost 101.53); stock us=670 eu=0 cn=0 effective=670; variant payload us=0 total=0; description 633 chars, quality_score=87; 8 gallery images + primary",no shipping window on record — conservative shipping score; differentiators: multi-level; inventory sync stale or never run
5591787b-2d67-4916-94af-9d828b856447,diy-modular-cat-wall-climbing-frame-4-cat-balls-multi-tiered-cat-tree-wall-5591,Wall-Mounted Cat Climbing Frame – Modular DIY Cat Tree with Shelves & Perches,active,true,unknown,Cat Trees & Condos,Pet Supplies > Cat Supplies > Trees & Condos > Climbing Frames,75.35,94.19,30.14,60,2035916529740791809,CJ Dropshipping,available,1,0,78,0,0,78,unknown,true,,5000,10,223,,B1,true,,none-detected,8,0,0,0,13,15,10,0,4,1,8,7,2,3,2,65,UNUSABLE_SHIPPING_PROMISE|INSUFFICIENT_SPECS,1,CORE_CANDIDATE,"margin 60.0% (price 75.35, cost 30.14); stock us=78 eu=0 cn=0 effective=78; variant payload us=78 total=78; description 223 chars, quality_score=n/a; 10 gallery images + primary",no shipping window on record — conservative shipping score; differentiators: modular; no quality/readiness score — spec confidence from copy length only; inventory sync stale or never run
a4ff6335-b654-4fd6-9c8f-65abff7ac1f2,detangle-and-de-shed-with-this-foldable-pet-grooming-comb,Detangle And De-shed With This Foldable Pet Grooming Comb,inactive,false,both,Dog Grooming,Pet Supplies > Multi-Pet Supplies > Grooming > Combs,9.99,12.49,0.78,92.2,2602230920281605700,CJ Dropshipping,available,1,18533,0,0,18533,18533,CN,false,,,7,2203,74,C,false,,none-detected,0,0,0,0,15,5,2,6,4,8,8,4,5,4,4,65,UNUSABLE_SHIPPING_PROMISE,0,CORE_CANDIDATE,"margin 92.2% (price 9.99, cost 0.78); stock us=0 eu=0 cn=18533 effective=18533; variant payload us=0 total=0; description 2203 chars, quality_score=74; 7 gallery images + primary","no shipping window on record — conservative shipping score; problem signals: hair, shed; differentiators: foldable; no weight on record — damage risk partly inferred"
a15880c6-b23d-40f1-a298-4a7cef29fb7b,petmarvel-interactive-puzzle-game-dog-toy-level-1-3,"PETMARVEL Interactive Puzzle Game Dog Toy, Level 1-3",active,true,dog,Dog Toys,Pet Supplies > Dog Supplies > Toys > Puzzle Toys,49.95,61.99,24.88,50.2,1960989606575632385,CJ Dropshipping,available,3,0,29,0,0,29,US,true,,400,12,1053,,A,true,petmarvel interactive puzzle game dog toy level 13,none-detected,22,0,0,0,11,15,8,0,4,3,8,4,5,3,4,65,UNUSABLE_SHIPPING_PROMISE,0,CORE_CANDIDATE,"margin 50.2% (price 49.95, cost 24.88); stock us=29 eu=0 cn=0 effective=29; variant payload us=150 total=150; description 1053 chars, quality_score=n/a; 12 gallery images + primary",no shipping window on record — conservative shipping score; differentiators: hidden; no quality/readiness score — spec confidence from copy length only
531d482e-146f-4dbb-99e4-47df2df9bd20,only-self-pickup-c-sofa-with-double-doors-56-cm-in-height,"Only Self Pickup---C Sofa With Double Doors, 56 Cm In Height",inactive,false,unknown,Pet Furniture Tools,,39.99,51.99,16.05,59.9,2062465873825423362,CJ Dropshipping,unknown,1,1387,1387,0,0,1387,US,true,,1850,11,277,,C,false,,none-detected,0,0,0,0,11,15,10,0,4,2,8,4,5,3,3,65,UNUSABLE_SHIPPING_PROMISE|INVENTORY_BLOCKED,1,CORE_CANDIDATE,"margin 59.9% (price 39.99, cost 16.05); stock us=1387 eu=0 cn=0 effective=1387; variant payload us=1507 total=1507; description 277 chars, quality_score=n/a; 11 gallery images + primary",no shipping window on record — conservative shipping score; differentiators: furniture; no quality/readiness score — spec confidence from copy length only
bc9432fd-b724-4ee8-b6ca-b55a5f7fc7da,coffee-2-in-1-dog-crate-end-table-with-pull-out-feeder-chew-resistant-metal-bc94,Durable Dog Crate End Table – 2-in-1 Feeder Furniture for Dogs,active,true,dog,Dog Toys,Pet Supplies > Dog Supplies > Furniture > Dog Crate End Table,419.99,527.99,280.28,33.3,2013826543066562562,CJ Dropshipping,unknown,1,230,230,0,0,230,US,true,,1000,7,276,87,A,true,coffee 2in1 dog crate end table with pullout feeder chewresistant metal tube pet furniture for small  medium dogs,none-detected,54,0,0,0,5,15,10,0,4,7,8,4,5,3,4,65,UNUSABLE_SHIPPING_PROMISE|UNACCEPTABLE_MARGIN,1,CORE_CANDIDATE,"margin 33.3% (price 419.99, cost 280.28); stock us=230 eu=0 cn=0 effective=230; variant payload us=230 total=230; description 276 chars, quality_score=87; 7 gallery images + primary",no shipping window on record — conservative shipping score; differentiators: furniture
70d1a943-60a3-4d5a-a063-accfdfb10d5a,l-small-animal-cage,Hamster Cage – Small Animal Habitat Enclosure,inactive,false,unknown,Hamster Cages,Pet Supplies > Small Animal Supplies > Habitats > Cage,128.99,161.99,73.75,42.8,2003361996621131778,CJ Dropshipping,unknown,1,64,104,0,0,104,US,true,,5000,11,916,,C,false,l small animal cage,none-detected,0,0,0,0,8,15,8,3,4,3,8,4,5,3,4,65,UNUSABLE_SHIPPING_PROMISE,0,CORE_CANDIDATE,"margin 42.8% (price 128.99, cost 73.75); stock us=104 eu=0 cn=0 effective=104; variant payload us=0 total=0; description 916 chars, quality_score=n/a; 11 gallery images + primary",no shipping window on record — conservative shipping score; problem signals: hide; differentiators: multi-level; no quality/readiness score — spec confidence from copy length only
7535e516-3156-48b3-9c6d-fdb4cff3ea6e,only-self-pickup-walnut-wood-tv-56,Only Self Pickup---Walnut Wood TV 56,inactive,false,unknown,Pet Furniture Tools,,40.49,52.99,16.19,60,2062464466199683074,CJ Dropshipping,unknown,1,7,7,0,0,7,unknown,true,,1850,11,277,,C,false,,none-detected,0,0,0,0,13,12,10,0,4,2,8,4,5,3,4,65,UNUSABLE_SHIPPING_PROMISE|INVENTORY_BLOCKED,1,CORE_CANDIDATE,"margin 60.0% (price 40.49, cost 16.19); stock us=7 eu=0 cn=0 effective=7; variant payload us=0 total=0; description 277 chars, quality_score=n/a; 11 gallery images + primary",no shipping window on record — conservative shipping score; differentiators: furniture; no quality/readiness score — spec confidence from copy length only
8a7cad9a-edfb-443d-a8c8-dad93a349c66,48-x-36-elevated-portable-dog-cot-cooling-pet-bed-with-uv-protection-canopy-8a7c,Elevated Dog Bed – Portable Cooling Cot with UV Protection Canopy for Dogs,active,false,dog,Dog Beds,Pet Supplies > Dog Supplies > Beds & Furniture > Dog Beds,112.99,144.99,64.63,42.8,2003454829791916033,CJ Dropshipping,unavailable,1,0,0,0,0,0,none,false,,4400,9,1010,89,C,true,48 x 36 elevated portable dog cot cooling pet bed with uv protection canopy shade dark blue,none-detected,5,0,0,0,8,6,10,3,4,8,8,7,5,3,3,65,NO_REAL_STOCK|NO_US_DELIVERY_PATH|UNUSABLE_SHIPPING_PROMISE,2,LONGTAIL,"margin 42.8% (price 112.99, cost 64.63); stock us=0 eu=0 cn=0 effective=0; variant payload us=172 total=172; description 1010 chars, quality_score=89; 9 gallery images + primary",column stock is 0 but CJ variant payload reports 172 US units — needs re-sync before trusting; no shipping window on record — conservative shipping score; problem signals: shed; differentiators: furniture
1474414a-bc01-4d33-8e3a-3a41f011f6df,pet-stairs-small-dog-steps-for-couch-bed-with-cushioned-removable-covering-15-75-x-23-25-x-21-25-gre," Pet Stairs, Small Dog Steps for Couch Bed with Cushioned Removable Covering, 15.75"" x 23.25"" x 21.25"", Grey",active,true,dog,Dog Toys,Pet Supplies > Dog Supplies > Furniture > Pet Stairs,137.99,168.99,79.12,42.7,2003455600711102465,CJ Dropshipping,unknown,1,142,142,0,0,142,US,true,,9000,9,274,,C,true,pet stairs small dog steps for couch bed with cushioned removable covering 1575 x 2325 x 2125 grey,none-detected,32,0,0,0,8,15,10,0,4,2,8,7,5,3,3,65,UNUSABLE_SHIPPING_PROMISE,0,CORE_CANDIDATE,"margin 42.7% (price 137.99, cost 79.12); stock us=142 eu=0 cn=0 effective=142; variant payload us=202 total=202; description 274 chars, quality_score=n/a; 9 gallery images + primary",no shipping window on record — conservative shipping score; differentiators: furniture; no quality/readiness score — spec confidence from copy length only
045d4ba1-7557-40e9-9538-5811806e84c8,chicken-activity-play-set-with-multiple-chicken-perches-swing-ladder-platform-045d,Interactive Cat Activity Center – Bird Playset with Multiple Perches & Swing,active,true,unknown,Cat Toys,Pet Supplies > Cat Supplies > Cat Toys > Activity Centers,170.99,214.99,113.98,33.3,2008785137273032705,CJ Dropshipping,available,1,0,7,0,0,7,US,true,,9000,11,3722,,A,true,chicken activity play set with multiple chicken perches swing ladder platform for 34 chickens coffee,none-detected,26,0,0,0,5,12,10,3,4,4,8,7,5,3,4,65,UNUSABLE_SHIPPING_PROMISE|UNACCEPTABLE_MARGIN,1,CORE_CANDIDATE,"margin 33.3% (price 170.99, cost 113.98); stock us=7 eu=0 cn=0 effective=7; variant payload us=89 total=89; description 3722 chars, quality_score=n/a; 11 gallery images + primary",no shipping window on record — conservative shipping score; problem signals: shed; differentiators: multi-level; no quality/readiness score — spec confidence from copy length only
933505e1-bcb9-4e88-86f5-de1d583438c4,cat-tree-3-level-cat-tower-with-scratching-posts-bed-condo-badminton-toys-for-multiple-kittens," Cat Tree, 3 Level Cat Tower with Scratching Posts, Bed, Condo, Badminton Toys, for Multiple Kittens",active,false,cat,Cat Trees & Condos,Pet Supplies > Cat Supplies > Cat Furniture > Cat Trees,205.99,260.99,137.28,33.4,2003460460600815618,CJ Dropshipping,unavailable,1,0,0,0,0,0,none,false,,13120,9,2700,68,A,true,cat tree 3 level cat tower with scratching posts bed condo badminton toys for multiple kittens,none-detected,11,0,0,0,5,6,10,3,7,8,8,7,5,3,3,65,NO_REAL_STOCK|NO_US_DELIVERY_PATH|UNUSABLE_SHIPPING_PROMISE|UNACCEPTABLE_MARGIN,3,RETIRE_CANDIDATE,"margin 33.4% (price 205.99, cost 137.28); stock us=0 eu=0 cn=0 effective=0; variant payload us=23 total=23; description 2700 chars, quality_score=68; 9 gallery images + primary","column stock is 0 but CJ variant payload reports 23 US units — needs re-sync before trusting; no shipping window on record — conservative shipping score; problem signals: scratch; differentiators: furniture, sisal"
c43193ad-d4e0-4247-ad53-0d77fe038c9f,47-2-mobile-dog-crate-with-flip-top-feeding-door-dual-access-5-caster-system-2-c431,Durable Dog Crate – 47 Inch Mobile Kennel with Flip-Top Door & Casters,active,true,dog,Dog Toys,Pet Supplies > Dog Supplies > Carriers & Crates > Dog Crate,283.99,343.99,189.49,33.3,2013827601495863298,CJ Dropshipping,unknown,1,230,230,0,0,230,US,true,,1000,7,276,87,A,true,472 mobile dog crate with fliptop feeding door dualaccess  5 caster system 2 locking side hooks  multifunctional pet kenneldouble dog crate furniture,none-detected,16,0,0,0,5,15,10,0,4,7,8,4,5,3,4,65,UNUSABLE_SHIPPING_PROMISE|UNACCEPTABLE_MARGIN,1,CORE_CANDIDATE,"margin 33.3% (price 283.99, cost 189.49); stock us=230 eu=0 cn=0 effective=230; variant payload us=230 total=230; description 276 chars, quality_score=87; 7 gallery images + primary",no shipping window on record — conservative shipping score; differentiators: flip
91a50d32-4ea3-404d-92db-9f546c4cd901,tactical-pet-chest-service-dog-harness-vest-adjustable-reflective-dog-harness-91a5,Tactical Dog Harness – Adjustable Reflective Service Vest with Metal Buckle,active,true,dog,Dog Collars & Leashes,"Pet Supplies > Dog Supplies > Collars, Leashes & Harnesses > Dog Harnesses",44.49,56.99,22.29,49.9,2001950148072501249,CJ Dropshipping,unknown,20,4591,4591,0,0,4591,US,true,,350,12,1093,88,A,true,tactical pet chest service dog harness vest adjustable reflective dog harness metal buckle hiking training,none-detected,24,0,0,0,8,15,10,0,1,8,8,4,5,3,3,65,UNUSABLE_SHIPPING_PROMISE,0,CORE_CANDIDATE,"margin 49.9% (price 44.49, cost 22.29); stock us=4591 eu=0 cn=0 effective=4591; variant payload us=4593 total=4593; description 1093 chars, quality_score=88; 12 gallery images + primary",no shipping window on record — conservative shipping score
d974b2a2-0a94-4cc7-a6b7-291d76506229,pawhut-elevated-dog-bed-with-removable-canopy-portable-outside-raised-pet-cot-d974,Portable Elevated Dog Bed – Raised Cooling Cot with Canopy for Dogs,active,true,dog,Dog Beds,Pet Supplies > Dog Supplies > Beds > Elevated Beds,122.99,150.99,70.25,42.9,2004401092005740545,CJ Dropshipping,unknown,1,18,18,0,0,18,US,true,,2720,11,1341,87,C,true,pawhut elevated dog bed with removable canopy portable outside raised pet cot with cooling pad storage bag,none-detected,19,0,0,0,8,12,8,0,1,9,8,7,5,3,4,65,UNUSABLE_SHIPPING_PROMISE,0,CORE_CANDIDATE,"margin 42.9% (price 122.99, cost 70.25); stock us=18 eu=0 cn=0 effective=18; variant payload us=69 total=69; description 1341 chars, quality_score=87; 11 gallery images + primary",no shipping window on record — conservative shipping score
3f884464-eace-4ba0-9efa-f87ddfd508c6,18-5inch-5-tier-hamster-cage-with-tubes-and-tunnels,18.5inch  5 Tier Hamster Cage With Tubes And Tunnels,active,true,unknown,Hamster Cages,Pet Supplies > Small Animal Supplies > Habitats & Cages > Hamster Cages,116.99,149.99,66.58,43.1,2000404815824461825,CJ Dropshipping,unknown,1,338,338,0,0,338,US,true,,5000,11,4000,,C,true,185inch  5 tier hamster cage with tubes and tunnels,none-detected,17,0,0,0,8,15,10,0,1,4,8,7,5,3,3,64,UNUSABLE_SHIPPING_PROMISE,0,CORE_CANDIDATE,"margin 43.1% (price 116.99, cost 66.58); stock us=338 eu=0 cn=0 effective=338; variant payload us=66 total=66; description 4000 chars, quality_score=n/a; 11 gallery images + primary",no shipping window on record — conservative shipping score; no quality/readiness score — spec confidence from copy length only
3acfd588-0e65-455f-ab6f-dd030afc1e43,max-marlow-cat-tree-floor-to-ceiling-adjustable-height-featuring-carpeted-scratching-posts-and-cushi,"Max & Marlow Cat Tree  Floor-to-Ceiling Adjustable Height, Featuring Carpeted Scratching Posts And Cushioned Platforms For Indoor Cats Pink,Pickup Only",inactive,false,unknown,Pet Furniture Tools,,1553.99,1902.99,1035.99,33.3,2062364277872779265,CJ Dropshipping,unknown,1,289,289,0,0,289,unknown,true,,10700,10,275,,C,false,,none-detected,0,0,0,0,5,15,10,3,4,2,8,7,5,3,2,64,UNUSABLE_SHIPPING_PROMISE|UNACCEPTABLE_MARGIN,1,CORE_CANDIDATE,"margin 33.3% (price 1553.99, cost 1035.99); stock us=289 eu=0 cn=0 effective=289; variant payload us=0 total=0; description 275 chars, quality_score=n/a; 10 gallery images + primary",no shipping window on record — conservative shipping score; problem signals: scratch; differentiators: furniture; no quality/readiness score — spec confidence from copy length only; inventory sync stale or never run
cfba2a18-9d73-47d3-b3e0-fb7975b8861e,only-self-pickup-c-sofa-tv-56cm,Only Self Pickup---C Sofa TV 56CM,inactive,false,unknown,Pet Furniture Tools,,39.99,49.99,16.05,59.9,2062463631494672386,CJ Dropshipping,unknown,2,2037,2037,0,0,2037,US,true,,1850,12,277,,C,false,,none-detected,0,0,0,0,11,15,10,0,4,2,8,4,5,3,2,64,UNUSABLE_SHIPPING_PROMISE|INVENTORY_BLOCKED,1,CORE_CANDIDATE,"margin 59.9% (price 39.99, cost 16.05); stock us=2037 eu=0 cn=0 effective=2037; variant payload us=0 total=0; description 277 chars, quality_score=n/a; 12 gallery images + primary",no shipping window on record — conservative shipping score; differentiators: furniture; no quality/readiness score — spec confidence from copy length only; inventory sync stale or never run
7cb2dfcb-955b-4f7b-859c-172351c3084f,small-animal-playpen-cage-with-rolling-caster-water-bottle-46-5,Hamster Habitat Playpen – Portable Enclosure with Wheels & Water Bottle for Hamsters,active,true,unknown,Hamster Cages,Pet Supplies > Small Animal Supplies > Habitats > Playpens,269.99,337.99,180.12,33.3,2003467327712456706,CJ Dropshipping,unknown,1,42,42,0,0,42,US,true,,15000,9,419,86,B1,true,small animal playpen cage with rolling caster water bottle 465,none-detected,39,0,0,0,5,15,10,0,1,7,8,7,5,3,3,64,UNUSABLE_SHIPPING_PROMISE|UNACCEPTABLE_MARGIN,1,CORE_CANDIDATE,"margin 33.3% (price 269.99, cost 180.12); stock us=42 eu=0 cn=0 effective=42; variant payload us=144 total=144; description 419 chars, quality_score=86; 9 gallery images + primary",no shipping window on record — conservative shipping score
0294788f-9a66-4e37-a86b-8ef879c586e9,only-self-pickup-new-model-stainless-steel-fully-enclosed-50x35x10,Only Self Pickup---New Model Stainless Steel Fully Enclosed 50x35x10,inactive,false,unknown,Pet Furniture Tools,,53.99,66.99,27.02,50,2062457308272320514,CJ Dropshipping,unknown,3,647,647,0,0,647,US,true,,2450,20,277,,C,false,,none-detected,0,0,0,0,8,15,10,0,7,2,8,4,5,3,2,64,UNUSABLE_SHIPPING_PROMISE|INVENTORY_BLOCKED,1,CORE_CANDIDATE,"margin 50.0% (price 53.99, cost 27.02); stock us=647 eu=0 cn=0 effective=647; variant payload us=0 total=0; description 277 chars, quality_score=n/a; 20 gallery images + primary","no shipping window on record — conservative shipping score; differentiators: enclosed, furniture; no quality/readiness score — spec confidence from copy length only; inventory sync stale or never run"
b7133bed-107c-4463-8277-1bd8ba7d9b94,pet-dog-carrier-bag-carrier-for-dogs-backpack-out-double-shoulder-portable-b713,Dog Carrier Backpack – Portable Double Shoulder Travel Bag for Dogs,active,true,dog,Dog Travel,Pet Supplies > Dog Supplies > Carriers > Carrier Backpack,38.99,48.99,15.61,60,FF10D3C0-679C-4C38-8F48-8961E85AE312,CJ Dropshipping,available,9,55,55,0,118974,55,US,true,,440,12,362,89,A,true,pet dog carrier bag carrier for dogs backpack out double shoulder portable travel backpack outdoor dog carrier bag travel,none-detected,34,0,0,0,11,15,10,0,1,7,8,4,2,3,3,64,UNUSABLE_SHIPPING_PROMISE,0,CORE_CANDIDATE,"margin 60.0% (price 38.99, cost 15.61); stock us=55 eu=0 cn=118974 effective=55; variant payload us=94 total=94; description 362 chars, quality_score=89; 12 gallery images + primary",no shipping window on record — conservative shipping score
501e9150-42e0-42d7-8031-a7225a718558,enclosed-cat-litter-box-front-entry-extra-large,GetPawsy Enclosed Cat Litter Box – Extra Large Front Entry with Litter Catching Lid,active,false,cat,Cat Litter Boxes,Pet Supplies > Cat Supplies > Litter & Housebreaking > Litter Boxes,136.99,170.99,78.2,42.9,1956657916398817282,CJ Dropshipping,unavailable,2,0,0,0,0,0,none,false,,3600,5,320,91,A,true,cat litter box front entry enclosed extra large litter box with litter catching lid and scoop for big cats kitty,none-detected,4,0,0,0,8,6,10,6,4,7,6,7,5,3,2,64,NO_REAL_STOCK|NO_US_DELIVERY_PATH|UNUSABLE_SHIPPING_PROMISE,2,LONGTAIL,"margin 42.9% (price 136.99, cost 78.2); stock us=0 eu=0 cn=0 effective=0; variant payload us=320 total=320; description 320 chars, quality_score=91; 5 gallery images + primary","column stock is 0 but CJ variant payload reports 320 US units — needs re-sync before trusting; no shipping window on record — conservative shipping score; problem signals: odor, litter; differentiators: enclosed; inventory sync stale or never run"
110ebd50-5525-447b-b108-e4934a5ed11a,without-cat-nip-version-electric-jumping-fish-simulation-electric-fish-toy,Without Cat Nip Version - Electric Jumping Fish Simulation Electric Fish Toy,active,true,unknown,Pet Supplies > Pet Toys > Pet Training and Educational Toys,Pet Supplies > Cat Supplies > Toys > Electronic Toys,18.99,23.99,6.26,67,7F9B9F1E-0033-4CDC-8B63-23B8A4DDA875,CJ Dropshipping,available,1,70,70,0,0,70,US,true,,25,93,274,,C,true,,none-detected,45,0,0,0,13,15,10,0,1,2,8,4,5,3,3,64,UNUSABLE_SHIPPING_PROMISE,0,CORE_CANDIDATE,"margin 67.0% (price 18.99, cost 6.26); stock us=70 eu=0 cn=0 effective=70; variant payload us=96 total=96; description 274 chars, quality_score=n/a; 93 gallery images + primary",no shipping window on record — conservative shipping score; no quality/readiness score — spec confidence from copy length only
2233541f-b223-4a76-8572-272f971aacd2,2-in-1-wireless-electric-dog-fence-waterproof-pet-shock-boundary-containment-2233,Dog Training Fence – Wireless Waterproof Electric Boundary Collar System for Dogs,inactive,false,dog,Dog Toys,Pet Supplies > Dog Supplies > Training Supplies > Training Fence,116.99,142.99,66.89,42.8,1971831974499164161,CJ Dropshipping,unknown,1,460,460,0,0,460,US,true,,310,5,1164,91,C,false,2 in 1 wireless electric dog fence waterproof pet shock boundary containment system electric training collar for small medium large dogs,confirmed,0,0,0,0,8,15,10,3,0,8,6,4,5,3,2,64,UNUSABLE_SHIPPING_PROMISE|DUPLICATE,1,CORE_CANDIDATE,"margin 42.8% (price 116.99, cost 66.89); stock us=460 eu=0 cn=0 effective=460; variant payload us=460 total=460; description 1164 chars, quality_score=91; 5 gallery images + primary",no shipping window on record — conservative shipping score; problem signals: waterproof; inventory sync stale or never run
ec39a6e9-cdc2-4300-ab29-211b81c83eb9,wooden-chicken-coop-with-nesting-box-pull-out-tray-waterproof-roof-39-chicken-house-for-4-6-chickens,"Chicken Coop with Nesting Box, Pull-Out Tray, Waterproof Roof",active,true,unknown,Bird Houses,Pet Supplies > Bird Supplies > Habitats & Cages > Coops,359.99,464.99,239.68,33.4,2003471608358481921,CJ Dropshipping,available,1,172,172,0,0,172,US,true,,25500,8,1299,,C,true,wooden chicken coop with nesting box pullout tray waterproof roof 39 chicken house for 46 chickens rabbits,none-detected,39,0,0,0,5,15,10,3,4,4,8,7,2,3,3,64,UNUSABLE_SHIPPING_PROMISE|UNACCEPTABLE_MARGIN,1,CORE_CANDIDATE,"margin 33.4% (price 359.99, cost 239.68); stock us=172 eu=0 cn=0 effective=172; variant payload us=170 total=170; description 1299 chars, quality_score=n/a; 8 gallery images + primary",no shipping window on record — conservative shipping score; problem signals: waterproof; differentiators: furniture; no quality/readiness score — spec confidence from copy length only
3bfd8f1a-c2d5-4703-bfd7-1dfc5a07adf3,dog-bath-brush-pet-bath-comb-brush-soothing-massage-rubber-comb-pet-bathing-3bfd,Soothing Dog Grooming Brush – Massage Comb for Dogs,active,true,dog,Dog Grooming,Pet Supplies > Dog Supplies > Grooming > Brushes,45.49,57.99,18.26,59.9,2001621767564877825,CJ Dropshipping,unknown,4,918,918,0,0,918,US,true,,1000,9,197,,B1,true,dog bath brushpet bath comb brush soothing massage rubber combpet bathing brush,none-detected,23,0,0,0,11,15,10,3,1,1,8,4,5,3,3,64,UNUSABLE_SHIPPING_PROMISE|INSUFFICIENT_SPECS,1,CORE_CANDIDATE,"margin 59.9% (price 45.49, cost 18.26); stock us=918 eu=0 cn=0 effective=918; variant payload us=920 total=920; description 197 chars, quality_score=n/a; 9 gallery images + primary",no shipping window on record — conservative shipping score; problem signals: hair; no quality/readiness score — spec confidence from copy length only
c0edc331-3781-48a1-ac8c-7fbc5ec12f99,1pc-adjustable-bandana-leather-pet-collar-triangle-scarf,1Pc Adjustable Bandana Leather Pet Collar Triangle Scarf,active,true,dog,Dog Grooming,Pet Supplies > Dog Supplies > Collars & Leashes > Dog Collars,33.49,43.99,13.46,59.8,1996493861430915074,CJ Dropshipping,unknown,4,121,121,0,0,121,US,true,,22,10,995,,C,true,1pc adjustable bandana leather pet collar triangle scarf,none-detected,40,0,0,0,11,15,10,0,1,3,8,4,5,3,4,64,UNUSABLE_SHIPPING_PROMISE,0,CORE_CANDIDATE,"margin 59.8% (price 33.49, cost 13.46); stock us=121 eu=0 cn=0 effective=121; variant payload us=144 total=144; description 995 chars, quality_score=n/a; 10 gallery images + primary",no shipping window on record — conservative shipping score; no quality/readiness score — spec confidence from copy length only
c20eba1a-1ffd-448a-976d-27d40f8c3386,stainless-steel-litter-box-with-high-sides-metal-cat-litter-box-with-scoop-pedal-anti-urine-leakage-," Stainless Steel Litter Box with High Sides, Metal Cat Litter Box with Scoop, Pedal, Anti-Urine Leakage, Non-Sticky",active,false,cat,Cat Litter Boxes,Pet Supplies > Cat Supplies > Litter & Housebreaking > Litter Boxes,104.99,128.99,59.97,42.9,2003463058204585985,CJ Dropshipping,unavailable,1,0,0,0,0,0,none,false,,3600,9,965,,C,true,stainless steel litter box with high sides metal cat litter box with scoop pedal antiurine leakage nonsticky,none-detected,12,0,0,0,8,6,10,9,1,3,8,7,5,3,4,64,NO_REAL_STOCK|NO_US_DELIVERY_PATH|UNUSABLE_SHIPPING_PROMISE,2,LONGTAIL,"margin 42.9% (price 104.99, cost 59.97); stock us=0 eu=0 cn=0 effective=0; variant payload us=396 total=396; description 965 chars, quality_score=n/a; 9 gallery images + primary","column stock is 0 but CJ variant payload reports 396 US units — needs re-sync before trusting; no shipping window on record — conservative shipping score; problem signals: odor, smell, litter; no quality/readiness score — spec confidence from copy length only"
78e40f91-2454-412a-971f-b5212da78a1b,only-self-pickup-c-sofa-cat-head-56,Only Self Pickup---C Sofa Cat Head 56,inactive,false,unknown,Pet Furniture Tools,,39.99,48.99,16.05,59.9,2062467190270107650,CJ Dropshipping,unknown,2,3340,3340,0,0,3340,US,true,,1850,11,277,,C,false,,none-detected,0,0,0,0,11,15,10,0,4,2,8,4,5,3,2,64,UNUSABLE_SHIPPING_PROMISE|INVENTORY_BLOCKED,1,CORE_CANDIDATE,"margin 59.9% (price 39.99, cost 16.05); stock us=3340 eu=0 cn=0 effective=3340; variant payload us=0 total=0; description 277 chars, quality_score=n/a; 11 gallery images + primary",no shipping window on record — conservative shipping score; differentiators: furniture; no quality/readiness score — spec confidence from copy length only; inventory sync stale or never run
c511afe4-081e-41cc-9e61-ed9946fb56a7,dog-chew-toys-dog-toothbrush-care-cleaning-sticks-dog-toothbrush-chew-toy-sticks-for-dog-dental-care,Dog Toothbrush Chew Toy Sticks For Dental Care,active,true,dog,Dog Grooming,Pet Supplies > Dog Supplies > Grooming > Chew Toothbrush,40.99,51.99,20.59,49.8,1955192481556365314,CJ Dropshipping,unknown,2,92,92,0,0,92,unknown,true,,200,7,1073,,C,true,dog chew toys dog toothbrush care cleaning sticks dog toothbrush chew toy sticks for dog dental care  safe teeth cleaning chew bones for large medium small dog puppies  random colors,none-detected,26,0,0,0,8,15,10,3,1,3,8,4,5,3,4,64,UNUSABLE_SHIPPING_PROMISE,0,CORE_CANDIDATE,"margin 49.8% (price 40.99, cost 20.59); stock us=92 eu=0 cn=0 effective=92; variant payload us=121 total=121; description 1073 chars, quality_score=n/a; 7 gallery images + primary",no shipping window on record — conservative shipping score; problem signals: dental; no quality/readiness score — spec confidence from copy length only
7cfca0ec-5fda-46f9-a842-79e57bd7479c,hooded-cat-litter-box,Hooded Cat Litter Box,inactive,false,cat,Cat Litter Boxes,Pet Supplies > Cat Supplies > Litter & Housebreaking > Litter Boxes,118.99,151.99,68.27,42.6,1991251388897353730,CJ Dropshipping,unavailable,1,0,0,0,0,0,none,false,,3600,8,3122,75,C,false,hooded cat litter box,none-detected,0,0,0,0,8,6,2,9,4,9,8,7,5,3,3,64,NO_REAL_STOCK|NO_US_DELIVERY_PATH|UNUSABLE_SHIPPING_PROMISE,2,LONGTAIL,"margin 42.6% (price 118.99, cost 68.27); stock us=0 eu=0 cn=0 effective=0; variant payload us=81 total=81; description 3122 chars, quality_score=75; 8 gallery images + primary","column stock is 0 but CJ variant payload reports 81 US units — needs re-sync before trusting; no shipping window on record — conservative shipping score; problem signals: odor, smell, litter; differentiators: enclosed"
31e46b70-cf1c-4d5b-99db-3350b12380db,cat-litter-box-enclosure-with-barn-door-cat-hole-31-5-x-21-x-20-white,Cat Litter Box Enclosure – Barn Door Furniture Style with Cat Hole,active,true,cat,Cat Litter Boxes,Pet Supplies > Cat Supplies > Litter & Waste > Litter Box Enclosures,176.99,214.99,117.87,33.4,2003462734066855938,CJ Dropshipping,unknown,1,55,55,0,0,55,US,true,,14500,9,218,,A,true,cat litter box enclosure with barn door cat hole 315 x 21 x 20 white,none-detected,30,0,0,0,5,15,10,3,4,1,8,7,5,3,3,64,UNUSABLE_SHIPPING_PROMISE|INSUFFICIENT_SPECS|UNACCEPTABLE_MARGIN,2,LONGTAIL,"margin 33.4% (price 176.99, cost 117.87); stock us=55 eu=0 cn=0 effective=55; variant payload us=86 total=86; description 218 chars, quality_score=n/a; 9 gallery images + primary",no shipping window on record — conservative shipping score; problem signals: litter; differentiators: furniture; no quality/readiness score — spec confidence from copy length only
5c9e630d-c504-49e2-8449-2c6ce0b3ff26,simulation-electric-funny-cat-simulation-fish,Simulation Electric Funny Cat Simulation Fish,active,true,unknown,Pet Supplies > Pet Toys > Pet Chase Toys,Pet Supplies > Cat Supplies > Toys > Chase Toys,16.49,20.99,4.73,71.3,C04236EC-095A-424C-9292-B5910B49619D,CJ Dropshipping,available,1,0,7,0,0,7,US,true,,10,15,274,,C,true,,none-detected,36,0,0,0,15,12,10,0,1,2,8,4,5,4,3,64,UNUSABLE_SHIPPING_PROMISE,0,CORE_CANDIDATE,"margin 71.3% (price 16.49, cost 4.73); stock us=7 eu=0 cn=0 effective=7; variant payload us=7 total=35; description 274 chars, quality_score=n/a; 15 gallery images + primary",no shipping window on record — conservative shipping score; no quality/readiness score — spec confidence from copy length only
ae33680e-87e0-48af-96d9-f4ce13ae55fa,elevated-dog-bowls-with-storage-drawer-raised-dog-bowl-stand-pet-food-bowl-dog-feeding-station-black," Elevated Dog Bowls with Storage Drawer, Raised Dog Bowl Stand Pet Food Bowl Dog Feeding Station, Black",active,true,dog,Dog Bowls & Feeders,Pet Supplies > Dog Supplies > Feeding Supplies > Food & Water Bowls,165.99,204.99,95.08,42.7,2003458050405019650,CJ Dropshipping,unknown,1,88,88,0,0,88,US,true,,11000,9,888,,C,true,elevated dog bowls with storage drawer raised dog bowl stand pet food bowl dog feeding station black,none-detected,19,0,0,0,8,15,10,0,4,3,8,4,5,3,4,64,UNUSABLE_SHIPPING_PROMISE,0,CORE_CANDIDATE,"margin 42.7% (price 165.99, cost 95.08); stock us=88 eu=0 cn=0 effective=88; variant payload us=72 total=72; description 888 chars, quality_score=n/a; 9 gallery images + primary",no shipping window on record — conservative shipping score; differentiators: hidden; no quality/readiness score — spec confidence from copy length only
0ff354da-194c-4425-a979-046219c5be1c,dog-sofa-couch-bed-with-washable-cushion-for-large-dogs-cats-gray," Dog Sofa Couch Bed with Washable Cushion for Large Dogs, Cats, Gray",inactive,false,dog,Dog Beds,,164.99,200.99,109.7,33.5,2003455316516970497,CJ Dropshipping,unavailable,1,148,148,0,0,148,US,true,,11460,8,961,,C,false,dog sofa couch bed with washable cushion for large dogs cats gray,confirmed,0,0,0,0,5,15,8,6,0,3,8,7,5,3,4,64,UNUSABLE_SHIPPING_PROMISE|UNACCEPTABLE_MARGIN|DUPLICATE,2,LONGTAIL,"margin 33.5% (price 164.99, cost 109.7); stock us=148 eu=0 cn=0 effective=148; variant payload us=0 total=0; description 961 chars, quality_score=n/a; 8 gallery images + primary","no shipping window on record — conservative shipping score; problem signals: hair, joint; no quality/readiness score — spec confidence from copy length only"
14b7f5c2-88e2-42fc-b134-26227bcb601b,stainless-steel-pet-water-fountain-filters-pet-water-fountain-filters-8-pack-replacement-filters-wit,Stainless Steel Pet Water Fountain Filters Pet Water Fountain Filters 8-Pack Replacement Filters With 4 Sponge Filters For Stainless Steel Cat Dog Water Dispenser Dog And Cat Water Dispenser Filters,inactive,false,unknown,Cat Bowls & Feeders,Pet Supplies > Multi-Pet Supplies > Feeding & Watering Supplies > Water Dispenser Filter,32.5,40.63,13,60,2036717826038083586,CJ Dropshipping,discontinued,1,67,0,141,0,141,DE,false,,,5,3290,62,C,false,,none-detected,0,0,0,0,13,7,2,6,4,8,6,7,5,4,2,64,UNRELIABLE_SUPPLIER|UNUSABLE_SHIPPING_PROMISE,1,CORE_CANDIDATE,"margin 60.0% (price 32.5, cost 13); stock us=0 eu=141 cn=0 effective=141; variant payload us=0 total=0; description 3290 chars, quality_score=62; 5 gallery images + primary","no shipping window on record — conservative shipping score; problem signals: odor, hair; differentiators: dual; no weight on record — damage risk partly inferred; inventory sync stale or never run"
3e16b666-187a-4a60-afe4-55adea8d06c4,elevated-dog-bowls-with-storage-raised-dog-bowl-stand-with-2-stainless-steel-3e16,Elevated Dog Bowls – Raised Stand with Stainless Steel Bowls for Dogs,active,true,dog,Dog Toys,Pet Supplies > Dog Supplies > Feeding > Elevated Bowls,127.99,164.99,73.12,42.9,2015684889874968577,CJ Dropshipping,unknown,1,49,49,0,0,49,US,true,,6900,12,277,88,C,true,elevated dog bowls with storage raised dog bowl stand with 2 stainless steel bowl for large dogs gray,none-detected,14,0,0,0,8,15,10,0,1,7,8,4,5,3,3,64,UNUSABLE_SHIPPING_PROMISE,0,CORE_CANDIDATE,"margin 42.9% (price 127.99, cost 73.12); stock us=49 eu=0 cn=0 effective=49; variant payload us=81 total=81; description 277 chars, quality_score=88; 12 gallery images + primary",no shipping window on record — conservative shipping score
ac087f82-6120-4205-9468-1e58ac9d812b,3-tier-wooden-hamster-cage-mice-and-rat-cage-small-animals-hutch-with-openable-top-front-door-shelf--1,Hamster Cage: Three Tiers of Natural Wood Exploration,active,true,unknown,Hamster Cages,Pet Supplies > Small Animal Supplies > Cages & Habitats > Hamster Cages,161.99,203.99,92.72,42.8,2013076627594567681,CJ Dropshipping,unknown,1,85,85,0,0,85,US,true,,8000,11,951,,C,true,3tier wooden hamster cage mice and rat cage small animals hutch with openable top front door shelf natural wood,none-detected,21,0,0,0,8,15,10,0,4,3,8,4,5,3,4,64,UNUSABLE_SHIPPING_PROMISE,0,CORE_CANDIDATE,"margin 42.8% (price 161.99, cost 92.72); stock us=85 eu=0 cn=0 effective=85; variant payload us=46 total=46; description 951 chars, quality_score=n/a; 11 gallery images + primary",no shipping window on record — conservative shipping score; differentiators: multi-level; no quality/readiness score — spec confidence from copy length only
f17a2918-f20e-450f-a21f-36d0bea81d5d,65-wooden-bird-cage-outdoor-aviary-house-for-parrot-parakeet-with-pull-out-tray-and-2-doors-grey," 65"" Wooden Bird Cage Outdoor Aviary House for Parrot, Parakeet, with Pull Out Tray and 2 Doors, Grey",active,true,unknown,Bird Cages,Pet Supplies > Bird Supplies > Bird Cages & Accessories > Bird Cage,232.99,289.99,155.22,33.4,2003458752709586946,CJ Dropshipping,available,1,110,110,0,0,110,US,true,,15000,9,2343,,C,true,65 wooden bird cage outdoor aviary house for parrot parakeet with pull out tray and 2 doors grey,none-detected,9,0,0,0,5,15,10,3,1,4,8,7,5,3,3,64,UNUSABLE_SHIPPING_PROMISE|UNACCEPTABLE_MARGIN,1,CORE_CANDIDATE,"margin 33.4% (price 232.99, cost 155.22); stock us=110 eu=0 cn=0 effective=110; variant payload us=90 total=90; description 2343 chars, quality_score=n/a; 9 gallery images + primary",no shipping window on record — conservative shipping score; problem signals: waterproof; no quality/readiness score — spec confidence from copy length only
ee5757e7-fe76-4a27-96d9-1ea583cd44ba,electric-dog-fence-system-with-collar-wire-collar-receiver-only-wire-only-wire-ee57,Electric Dog Fence System – Containment Collar & Wire for Dogs,active,true,dog,Dog Toys,Pet Supplies > Dog Supplies > Training Aids > Electric Fence System,52.99,66.99,26.72,49.6,1990409507308875777,CJ Dropshipping,unknown,1,230,230,0,0,230,US,true,,1000,7,278,88,C,true,electric dog fence system with collar  wire  collar receiver only  wire only  wire pro only options,none-detected,17,0,0,0,8,15,10,0,1,7,8,4,5,3,3,64,UNUSABLE_SHIPPING_PROMISE,0,CORE_CANDIDATE,"margin 49.6% (price 52.99, cost 26.72); stock us=230 eu=0 cn=0 effective=230; variant payload us=229 total=229; description 278 chars, quality_score=88; 7 gallery images + primary",no shipping window on record — conservative shipping score
f1e9acbd-e14c-4d5d-a2e7-757391465691,hooded-cat-litter-box-w-litter-mat,Hooded Cat Litter Box w/ Litter Mat,active,false,cat,Cat Litter Boxes,Pet Supplies > Cat Supplies > Litter Supplies > Cat Litter Boxes,128.99,167.99,73.76,42.8,1991251352687251457,CJ Dropshipping,unknown,1,0,0,0,0,0,none,false,,4300,9,3282,67,C,true,hooded cat litter box w litter mat,none-detected,0,0,0,0,8,6,2,10,4,8,8,7,5,3,3,64,NO_REAL_STOCK|NO_US_DELIVERY_PATH|UNUSABLE_SHIPPING_PROMISE,2,LONGTAIL,"margin 42.8% (price 128.99, cost 73.76); stock us=0 eu=0 cn=0 effective=0; variant payload us=97 total=97; description 3282 chars, quality_score=67; 9 gallery images + primary","column stock is 0 but CJ variant payload reports 97 US units — needs re-sync before trusting; no shipping window on record — conservative shipping score; problem signals: odor, smell, tracking, litter; differentiators: enclosed"
be143a33-2a09-40ed-a4e3-4c73453d571c,wooden-bird-aviary-with-slide-out-tray-birdhouse-ladder-perches-for-finches-parakeets-gray," Wooden Bird Aviary with Slide-Out Tray, Birdhouse, Ladder, Perches for Finches, Parakeets, Gray",inactive,false,unknown,Bird Toys,,269.99,343.99,179.86,33.4,2003459328863674369,CJ Dropshipping,unknown,1,216,216,0,0,216,US,true,,20500,8,863,,C,false,wooden bird aviary with slideout tray birdhouse ladder perches for finches parakeets gray,none-detected,0,0,0,0,5,15,8,0,7,3,8,7,5,3,2,63,UNUSABLE_SHIPPING_PROMISE|UNACCEPTABLE_MARGIN,1,CORE_CANDIDATE,"margin 33.4% (price 269.99, cost 179.86); stock us=216 eu=0 cn=0 effective=216; variant payload us=0 total=0; description 863 chars, quality_score=n/a; 8 gallery images + primary","no shipping window on record — conservative shipping score; differentiators: multi-level, furniture; no quality/readiness score — spec confidence from copy length only; inventory sync stale or never run"
5a93dba6-2030-4469-b40b-2f6aa07590aa,house-type-with-running-ladder-orange-red-wooden-chicken-rabbit-cage,Rabbit Hutch – Wooden Enclosure with Running Ladder for Small Animals,active,true,unknown,Rabbit Cages,Pet Supplies > Small Animal Supplies > Habitats > Rabbit Hutches,248.99,314.99,166.26,33.2,1915313644254056450,CJ Dropshipping,available,1,0,5,0,0,5,unknown,true,,16500,13,4000,85,C,true,house type with running ladder orangered wooden chicken rabbit cage,none-detected,21,0,0,0,5,12,10,3,1,9,8,4,5,3,3,63,UNUSABLE_SHIPPING_PROMISE|UNACCEPTABLE_MARGIN,1,CORE_CANDIDATE,"margin 33.2% (price 248.99, cost 166.26); stock us=5 eu=0 cn=0 effective=5; variant payload us=23 total=23; description 4000 chars, quality_score=85; 13 gallery images + primary",no shipping window on record — conservative shipping score; problem signals: waterproof
e14df32e-8af9-476c-8e77-932ba632778b,wooden-rabbit-hutch-bunny-cage-pet-playpen-house-enclosure-with-double-side-run-boxes-no-leak-tray-r,"Wooden Rabbit Hutch Bunny Cage Pet Playpen House Enclosure With Double Side Run Boxes, No Leak Tray, Ramp, For Rabbits, Chickens, Ducks, Guinea Pig And Small Animals, White",inactive,false,unknown,Rabbit Cages,,391.99,489.99,261.26,33.4,2013434739245604866,CJ Dropshipping,unknown,1,26,26,0,0,26,US,true,,26000,10,958,,C,false,wooden rabbit hutch bunny cage pet playpen house enclosure with double side run boxes no leak tray ramp for rabbits chickens ducks guinea pig and small animals white,none-detected,0,0,0,0,5,15,8,6,1,3,8,7,5,3,2,63,UNUSABLE_SHIPPING_PROMISE|UNACCEPTABLE_MARGIN,1,CORE_CANDIDATE,"margin 33.4% (price 391.99, cost 261.26); stock us=26 eu=0 cn=0 effective=26; variant payload us=0 total=0; description 958 chars, quality_score=n/a; 10 gallery images + primary","no shipping window on record — conservative shipping score; problem signals: odor, shed; no quality/readiness score — spec confidence from copy length only; inventory sync stale or never run"
f8bba3e6-a48c-4591-999e-fdb963d4d746,only-self-pickup-lodo-water-dispenser,Only Self Pickup---Lodo Water Dispenser,inactive,false,unknown,Pet Drinking Tools,,35.49,44.99,14.19,60,2062021784245657601,CJ Dropshipping,unknown,1,215,215,0,0,215,US,true,,550,10,277,,C,false,,none-detected,0,0,0,0,13,15,10,0,1,2,8,4,5,3,2,63,UNUSABLE_SHIPPING_PROMISE|INVENTORY_BLOCKED,1,CORE_CANDIDATE,"margin 60.0% (price 35.49, cost 14.19); stock us=215 eu=0 cn=0 effective=215; variant payload us=0 total=0; description 277 chars, quality_score=n/a; 10 gallery images + primary",no shipping window on record — conservative shipping score; no quality/readiness score — spec confidence from copy length only; inventory sync stale or never run
0bd6e116-419c-4629-80fb-6ae79d1519b7,electric-dog-fence-system-with-collar-and-wire,Electric Dog Fence System With Collar And Wire,active,true,dog,Dog Toys,Pet Supplies > Dog Supplies > Training & Behavior Aids > Electric Fence Systems,92.99,116.99,53.29,42.7,1971105580151660546,CJ Dropshipping,unknown,1,460,460,0,0,460,US,true,,101,6,1074,,C,true,electric dog fence system with collar and wire,none-detected,19,0,0,0,8,15,10,0,1,3,8,7,5,3,3,63,UNUSABLE_SHIPPING_PROMISE,0,CORE_CANDIDATE,"margin 42.7% (price 92.99, cost 53.29); stock us=460 eu=0 cn=0 effective=460; variant payload us=460 total=460; description 1074 chars, quality_score=n/a; 6 gallery images + primary",no shipping window on record — conservative shipping score; no quality/readiness score — spec confidence from copy length only
42823f27-f3ec-4494-a081-73c7fbc029e0,2-in-1-wireless-electric-dog-fence-waterproof-pet-shock-boundary-containment-system-electric-trainin,Dog Fence System: Wireless Freedom & Training Collar,active,true,dog,Dog Training,Pet Supplies > Dog Supplies > Training & Behavior > Electric Fences,100.99,121.99,57.64,42.9,1999405715544903682,CJ Dropshipping,unknown,1,82,82,0,0,82,US,true,,317,16,952,,A,true,2 in 1 wireless electric dog fence waterproof pet shock boundary containment system electric training collar with 2 receiver collars for small medium large dogs,none-detected,36,0,0,0,8,15,10,3,1,3,8,4,5,3,3,63,UNUSABLE_SHIPPING_PROMISE,0,CORE_CANDIDATE,"margin 42.9% (price 100.99, cost 57.64); stock us=82 eu=0 cn=0 effective=82; variant payload us=86 total=86; description 952 chars, quality_score=n/a; 16 gallery images + primary",no shipping window on record — conservative shipping score; problem signals: waterproof; no quality/readiness score — spec confidence from copy length only
194335a0-b615-46e7-8718-a7ee74faa090,41-inch-hand-woven-water-hyacinth-cat-tree-3-sisal-scratching-posts-multi-level-1943,GetPawsy Interactive Cat Tree – 41 Inch Water Hyacinth Tower with Sisal Posts,inactive,false,cat,Cat Trees & Condos,Pet Supplies > Cat Supplies > Furniture > Cat Tree,185.99,237.99,124.13,33.3,2016448018136854529,CJ Dropshipping,unknown,1,230,230,0,0,230,US,true,,1000,6,191,,C,false,41 inch handwoven water hyacinth cat tree 3 sisal scratching posts multilevel activity center for catsbrown,confirmed,0,0,0,0,5,15,8,3,6,1,8,7,5,3,2,63,UNUSABLE_SHIPPING_PROMISE|INSUFFICIENT_SPECS|UNACCEPTABLE_MARGIN|DUPLICATE,3,RETIRE_CANDIDATE,"margin 33.3% (price 185.99, cost 124.13); stock us=230 eu=0 cn=0 effective=230; variant payload us=0 total=0; description 191 chars, quality_score=n/a; 6 gallery images + primary","no shipping window on record — conservative shipping score; problem signals: scratch; differentiators: furniture, sisal; no quality/readiness score — spec confidence from copy length only; inventory sync stale or never run"
e1408c37-d7d7-4e86-9445-9cfe1f90802b,2-story-cat-house-outdoor-weatherproof-wooden-cat-enclosure-for-feral-cats-with-escape-door-openable,Cat House Outdoor Adventure with Weatherproof Shelter,active,true,cat,Cat Houses,Pet Supplies > Cat Supplies > Furniture > Cat House,243.99,297.99,162.88,33.2,2003460125593366529,CJ Dropshipping,unknown,1,22,22,0,0,22,US,true,,17000,9,933,,C,true,2story cat house outdoor weatherproofwooden cat enclosure for feral cats with escape door openable roof jumping platforms natural,none-detected,25,0,0,0,5,15,10,0,4,3,8,7,5,3,3,63,UNUSABLE_SHIPPING_PROMISE|UNACCEPTABLE_MARGIN,1,CORE_CANDIDATE,"margin 33.2% (price 243.99, cost 162.88); stock us=22 eu=0 cn=0 effective=22; variant payload us=100 total=100; description 933 chars, quality_score=n/a; 9 gallery images + primary",no shipping window on record — conservative shipping score; differentiators: furniture; no quality/readiness score — spec confidence from copy length only
0e223939-77b4-417b-8bec-5da31de0a726,tactical-service-dog-harness-with-handle-no-pull-adjustable-reflective-pet-vest-0e22,Durable Dog Harness – Tactical No-Pull Training Vest with Handle & Reflective,active,true,dog,Dog Collars & Leashes,Pet Supplies > Dog Supplies > Collars & Leashes > Dog Harness,46.99,59.99,18.95,59.7,2001952343413157889,CJ Dropshipping,unknown,12,2703,2703,0,0,2703,US,true,,360,11,221,88,A,true,tactical service dog harness with handle nopull adjustable reflective pet vest harness for easy walking and training,none-detected,24,0,0,0,11,15,10,0,1,6,8,4,2,3,3,63,UNUSABLE_SHIPPING_PROMISE|INSUFFICIENT_SPECS,1,CORE_CANDIDATE,"margin 59.7% (price 46.99, cost 18.95); stock us=2703 eu=0 cn=0 effective=2703; variant payload us=2737 total=2737; description 221 chars, quality_score=88; 11 gallery images + primary",no shipping window on record — conservative shipping score
314fa804-996c-45f1-a073-f268833bbc43,high-quality-durable-pet-cat-dog-vehicle-leash-nylon-adjustable-car-seat-dog-314f,GetPawsy Adjustable Dog Car Safety Seat Belt – Nylon Travel Leash,active,true,both,Dog Collars & Leashes,"Pet Supplies > Dog Supplies > Collars, Harnesses & Leashes > Car Safety Seat Belts",35.49,44.99,14.21,60,1956654039511355394,CJ Dropshipping,unknown,5,476,476,0,0,476,US,true,,100,7,183,88,A,true,high quality durable pet cat dog vehicle leash nylon adjustable car seat dog safety belt pet leashes,none-detected,19,0,0,0,11,15,10,0,1,6,8,4,2,3,3,63,UNUSABLE_SHIPPING_PROMISE|INSUFFICIENT_SPECS,1,CORE_CANDIDATE,"margin 60.0% (price 35.49, cost 14.21); stock us=476 eu=0 cn=0 effective=476; variant payload us=799 total=799; description 183 chars, quality_score=88; 7 gallery images + primary",no shipping window on record — conservative shipping score
67f40a1b-595e-4fcf-a4b5-ab141b224ed7,3-in-1-cat-steam-brush-pet-steam-brush-for-cat-dog-long-short-haired-pet-spray-67f4,Cat Steam Grooming Brush – 3-in-1 Spray Hair Removal Comb for Cats,active,true,both,Cat Grooming,Pet Supplies > Multi-Pet Supplies > Grooming > Brushes & Combs,41.95,54.99,20.99,50,2002953536522936322,CJ Dropshipping,available,1,0,5,0,0,5,US,true,,300,14,1052,,A,true,3 in 1 cat steam brush pet steam brush for cat dog long short haired pet spray hair removal comb for small animals shedding  grooming water mist spray brushes with release button,none-detected,15,0,0,0,8,12,10,6,1,3,8,4,5,3,3,63,UNUSABLE_SHIPPING_PROMISE,0,CORE_CANDIDATE,"margin 50.0% (price 41.95, cost 20.99); stock us=5 eu=0 cn=0 effective=5; variant payload us=53 total=53; description 1052 chars, quality_score=n/a; 14 gallery images + primary","no shipping window on record — conservative shipping score; problem signals: hair, shed; no quality/readiness score — spec confidence from copy length only"
35664ec1-23c1-4621-a3d7-47b2c705ac9c,23-modern-decorative-raised-dog-bowls-wooden-heavy-duty-pet-food-and-water-bowl-elevated-feeding-sta,"Raised Dog Bowls: Modern Design, Comfortable Feeding",active,true,dog,Dog Bowls & Feeders,Pet Supplies > Dog Supplies > Feeding Supplies > Elevated Food Bowl,102.99,126.99,58.82,42.9,2003457691053830145,CJ Dropshipping,unknown,1,80,80,0,0,80,US,true,,4300,9,966,,C,true,23 modern decorative raised dog bowls wooden heavy duty pet food and water bowl elevated feeding station white,none-detected,45,0,0,0,8,15,10,3,1,3,8,4,5,3,3,63,UNUSABLE_SHIPPING_PROMISE,0,CORE_CANDIDATE,"margin 42.9% (price 102.99, cost 58.82); stock us=80 eu=0 cn=0 effective=80; variant payload us=137 total=137; description 966 chars, quality_score=n/a; 9 gallery images + primary",no shipping window on record — conservative shipping score; problem signals: joint; no quality/readiness score — spec confidence from copy length only
5112db90-d7a6-4825-9cbe-7031b1edd4d7,48-rolling-t-stand-bird-training-activity-playground-with-perch," 48"" Rolling T-Stand Bird Training Activity Playground With Perch",inactive,false,unknown,Bird Accessories,,127.99,162.99,73.12,42.9,2003458804463104002,CJ Dropshipping,unknown,1,907,907,0,0,907,US,true,,6450,8,1180,,C,false,48 rolling tstand bird training activity playground with perch,confirmed,0,0,0,0,8,15,8,0,3,3,8,7,5,3,3,63,UNUSABLE_SHIPPING_PROMISE|DUPLICATE,1,CORE_CANDIDATE,"margin 42.9% (price 127.99, cost 73.12); stock us=907 eu=0 cn=0 effective=907; variant payload us=468 total=468; description 1180 chars, quality_score=n/a; 8 gallery images + primary",no shipping window on record — conservative shipping score; differentiators: multi-level; no quality/readiness score — spec confidence from copy length only
30a36bec-0176-489c-b677-1cc69c049273,48-x-36-elevated-portable-dog-cot-cooling-pet-bed-with-uv-protection-canopy-shade-coffee," 48"" x 36"" Elevated Portable Dog Cot Cooling Pet Bed with UV Protection Canopy Shade, Coffee",active,true,dog,Dog Beds,Pet Supplies > Dog Supplies > Beds & Bedding > Dog Cot,112.99,143.99,64.63,42.8,2003454766875078658,CJ Dropshipping,unavailable,1,160,160,0,0,160,US,true,,4400,9,1012,,C,true,48 x 36 elevated portable dog cot cooling pet bed with uv protection canopy shade coffee,none-detected,30,0,0,0,8,15,10,0,1,3,8,7,5,3,3,63,UNUSABLE_SHIPPING_PROMISE,0,CORE_CANDIDATE,"margin 42.8% (price 112.99, cost 64.63); stock us=160 eu=0 cn=0 effective=160; variant payload us=14 total=14; description 1012 chars, quality_score=n/a; 9 gallery images + primary",no shipping window on record — conservative shipping score; no quality/readiness score — spec confidence from copy length only
6d402a08-0533-4c0e-8dd4-3659998178d0,mewoo-large-cat-tree-tower-for-adult-cats-multi-level-scratching-post-with-removable-perch-interacti,"Mewoo Large Cat Tree Tower For Adult Cats - Multi-Level Scratching Post With Removable Perch & Interactive Toys, Indoor Cat Furniture For Kittens Green",inactive,false,cat,Cat Trees & Condos,Pet Supplies > Cat Supplies > Furniture > Cat Trees & Condos,95.99,116.99,54.99,42.7,1914237114092388353,CJ Dropshipping,unavailable,1,0,0,0,0,0,none,false,,6020,8,1053,75,C,false,mewoo large cat tree tower for adult cats  multilevel scratching post with removable perch  interactive toys indoor cat furniture for kittens green,none-detected,0,0,0,0,8,6,2,3,10,8,8,7,5,3,3,63,NO_REAL_STOCK|NO_US_DELIVERY_PATH|UNUSABLE_SHIPPING_PROMISE,2,LONGTAIL,"margin 42.7% (price 95.99, cost 54.99); stock us=0 eu=0 cn=0 effective=0; variant payload us=200 total=200; description 1053 chars, quality_score=75; 8 gallery images + primary","column stock is 0 but CJ variant payload reports 200 US units — needs re-sync before trusting; no shipping window on record — conservative shipping score; problem signals: scratch; differentiators: multi-level, furniture, sisal"
efa98a1c-2715-4b6d-995b-db4ab17e4084,17-double-stainless-steel-heavy-duty-dog-food-bowl-elevated-pet-feeding-station," 17"" Double Stainless Steel Heavy Duty Dog Food Bowl Elevated Pet Feeding Station",active,true,dog,Dog Food & Treats,Pet Supplies > Dog Supplies > Feeding Supplies > Elevated Food Bowl,96.99,124.99,48.67,49.8,2003457529264664577,CJ Dropshipping,unknown,1,172,172,0,0,172,US,true,,2200,9,905,,C,true,17 double stainless steel heavy duty dog food bowl elevated pet feeding station,none-detected,23,0,0,0,8,15,10,3,1,3,8,4,5,3,3,63,UNUSABLE_SHIPPING_PROMISE,0,CORE_CANDIDATE,"margin 49.8% (price 96.99, cost 48.67); stock us=172 eu=0 cn=0 effective=172; variant payload us=131 total=131; description 905 chars, quality_score=n/a; 9 gallery images + primary",no shipping window on record — conservative shipping score; problem signals: non-slip; no quality/readiness score — spec confidence from copy length only
ec096e20-afeb-4cf4-ae3c-f3f656e48651,interactive-cat-toys-mouse-with-led-lights-forindoor-cats-usb-rechargeable-cat-ec09,Interactive Cat Toy – Moving Mouse with LED & Chirping Sounds,active,false,cat,Cat Toys,Pet Supplies > Cat Supplies > Cat Toys > Interactive Toys,37.49,46.99,14.99,60,1879057599261724674,CJ Dropshipping,unavailable,1,0,0,0,0,0,none,false,,74,9,1012,83,A,true,interactive cat toys mouse with led lights forindoor cats usb rechargeable cat mouse toysfor cats moving automatic chirping squeakywith feather tail for all breeds cat catnip toys forinteractive toys,none-detected,20,0,0,0,13,6,10,0,4,8,8,4,5,3,2,63,NO_REAL_STOCK|NO_US_DELIVERY_PATH|UNUSABLE_SHIPPING_PROMISE,2,ACCESSORY_CANDIDATE,"margin 60.0% (price 37.49, cost 14.99); stock us=0 eu=0 cn=0 effective=0; variant payload us=7 total=7; description 1012 chars, quality_score=83; 9 gallery images + primary",column stock is 0 but CJ variant payload reports 7 US units — needs re-sync before trusting; no shipping window on record — conservative shipping score; differentiators: automatic; inventory sync stale or never run
b2308b9c-66c6-475d-ad57-e851d40c9159,silicone-flying-saucer-funny-pets-dog-cat-toy-dog-game-flying-discs-resistant-chew-puppy-training-in,Silicone Flying Saucer Funny Pets Dog Cat Toy Dog Game Flying Discs Resistant Chew Puppy Training Interactive Pet Supplies,active,true,unknown,Dog Training,Pet Supplies > Multi-Pet Supplies > Toys > Flying Discs,15.99,20.99,4.5,71.9,1400301617122775040,CJ Dropshipping,available,1,4,4,0,25349,4,US,true,,44,8,274,,C,true,,none-detected,27,0,0,0,15,12,10,0,1,2,8,4,5,3,3,63,UNUSABLE_SHIPPING_PROMISE,0,CORE_CANDIDATE,"margin 71.9% (price 15.99, cost 4.5); stock us=4 eu=0 cn=25349 effective=4; variant payload us=4 total=17; description 274 chars, quality_score=n/a; 8 gallery images + primary",no shipping window on record — conservative shipping score; no quality/readiness score — spec confidence from copy length only
aa418499-0e71-4547-a3b6-270f4813c679,wooden-dog-agility-seesaw-for-training-and-exercise-white," Wooden Dog Agility Seesaw for Training and Exercise, White",active,true,dog,Dog Toys,Pet Supplies > Dog Supplies > Training & Obedience > Agility Equipment,137.99,167.99,81.42,41,2003454395343630337,CJ Dropshipping,unknown,1,193,193,0,0,193,US,true,,7000,9,906,,C,true,wooden dog agility seesaw for training and exercise white,none-detected,18,0,0,0,8,15,10,0,1,3,8,7,5,3,3,63,UNUSABLE_SHIPPING_PROMISE,0,CORE_CANDIDATE,"margin 41.0% (price 137.99, cost 81.42); stock us=193 eu=0 cn=0 effective=193; variant payload us=356 total=356; description 906 chars, quality_score=n/a; 9 gallery images + primary",no shipping window on record — conservative shipping score; no quality/readiness score — spec confidence from copy length only
ae1d1f05-39e4-4b4e-b1a8-f52fc86db6a3,chicken-activity-play-for-healthy-happy-animals-with-chicken-perches-hen-ladder-chicken-coop-toy-yel," Chicken Activity Play for Healthy & Happy Animals with Chicken Perches & Hen Ladder, Chicken Coop Toy, Yellow",inactive,false,unknown,Bird Toys,,146.99,178.99,84.23,42.7,2003469747926528002,CJ Dropshipping,unknown,1,150,152,0,0,152,US,true,,5500,8,1416,,C,false,chicken activity play for healthy  happy animals with chicken perches  hen ladder chicken coop toy yellow,none-detected,0,0,0,0,8,15,8,0,1,4,8,7,5,3,4,63,UNUSABLE_SHIPPING_PROMISE,0,CORE_CANDIDATE,"margin 42.7% (price 146.99, cost 84.23); stock us=152 eu=0 cn=0 effective=152; variant payload us=0 total=0; description 1416 chars, quality_score=n/a; 8 gallery images + primary",no shipping window on record — conservative shipping score; no quality/readiness score — spec confidence from copy length only
1e7c2953-152a-4b06-b179-f3528729716a,hamster-cage-pet-cage,Hamster Habitat Cage – Spacious Enclosure for Hamsters,inactive,false,unknown,Hamster Cages,Pet Supplies > Small Animal Supplies > Habitats > Cage,317.99,385.99,212.15,33.3,2013825748959866881,CJ Dropshipping,unavailable,1,230,230,0,0,230,US,true,,1000,6,1319,,C,false,hamster cage pet cage,none-detected,0,0,0,0,5,15,8,3,1,4,8,7,5,3,4,63,UNUSABLE_SHIPPING_PROMISE|UNACCEPTABLE_MARGIN,1,CORE_CANDIDATE,"margin 33.3% (price 317.99, cost 212.15); stock us=230 eu=0 cn=0 effective=230; variant payload us=0 total=0; description 1319 chars, quality_score=n/a; 6 gallery images + primary",no shipping window on record — conservative shipping score; problem signals: hide; no quality/readiness score — spec confidence from copy length only
8c911d1e-ba99-4081-8492-6b2d2d43adce,dog-potty-tray-stainless-steel-for-small-and-medium-dogs-dog-training-tray-for-porch-bathroom-balcon-1,"Dog Potty Tray Stainless Steel for Small and Medium Dogs, Dog Training Tray for Porch, Bathroom, Balcony, 28"" x 20"" x 4""",inactive,false,dog,Dog Training,Pet Supplies > Dog Supplies > Training Supplies > Potty Training Tray,131.99,158.99,75.42,42.9,1991248684388487169,CJ Dropshipping,unavailable,1,36,96,0,0,96,US,true,,4980,8,1160,74,C,false,dog potty tray stainless steel for small and medium dogs dog training tray for porch bathroom balcony 28 x 20 x 4,none-detected,0,0,0,0,8,15,8,0,1,7,8,4,5,3,4,63,UNUSABLE_SHIPPING_PROMISE,0,CORE_CANDIDATE,"margin 42.9% (price 131.99, cost 75.42); stock us=96 eu=0 cn=0 effective=96; variant payload us=0 total=0; description 1160 chars, quality_score=74; 8 gallery images + primary",no shipping window on record — conservative shipping score
06ab2141-388d-431e-8e0f-6ce22cdf109e,tortoise-enclosure-tortoise-house-with-adjustable-lamp-holder-storage-shelf-dual-main-houses-openabl-1," Tortoise Enclosure Tortoise House with Adjustable Lamp Holder Storage Shelf, Dual Main Houses, Openable Lid, Gray",inactive,false,unknown,Reptile Terrariums,,288.99,363.99,192.95,33.2,2003464678126759938,CJ Dropshipping,unknown,1,192,192,0,0,192,US,true,,19000,8,1097,,C,false,tortoise enclosure tortoise house with adjustable lamp holder storage shelf dual main houses openable lid gray,none-detected,0,0,0,0,5,15,8,0,7,3,8,7,5,3,2,63,UNUSABLE_SHIPPING_PROMISE|UNACCEPTABLE_MARGIN,1,CORE_CANDIDATE,"margin 33.2% (price 288.99, cost 192.95); stock us=192 eu=0 cn=0 effective=192; variant payload us=0 total=0; description 1097 chars, quality_score=n/a; 8 gallery images + primary","no shipping window on record — conservative shipping score; differentiators: dual, furniture; no quality/readiness score — spec confidence from copy length only; inventory sync stale or never run"
0ffe442c-3dcf-4a6c-b4a9-629e493d271f,dog-house-no-shipments-on-weekends,Outdoor Dog House – Durable Pet Shelter for Dogs,active,true,dog,Dog Houses,Pet Supplies > Dog Supplies > Dog Furniture > Dog Houses,437.99,549.99,291.84,33.4,2004107616959840258,CJ Dropshipping,unknown,1,230,230,0,0,230,US,true,,1000,6,1019,,B1,true,dog house no shipments on weekends,none-detected,30,0,0,0,5,15,10,0,4,3,8,7,5,3,3,63,UNUSABLE_SHIPPING_PROMISE|UNACCEPTABLE_MARGIN,1,CORE_CANDIDATE,"margin 33.4% (price 437.99, cost 291.84); stock us=230 eu=0 cn=0 effective=230; variant payload us=230 total=230; description 1019 chars, quality_score=n/a; 6 gallery images + primary",no shipping window on record — conservative shipping score; differentiators: furniture; no quality/readiness score — spec confidence from copy length only
228be172-61d8-42fb-ac37-b47ad174e0f6,only-self-pickup-macaron-stainless-steel-bowl,Only Self Pickup---Macaron Stainless Steel Bowl,inactive,false,unknown,Pet Bowls,,26.99,34.99,9.09,66.3,2062017986144002050,CJ Dropshipping,unknown,4,2100,2100,0,0,2100,US,true,,300,15,277,,C,false,,none-detected,0,0,0,0,13,15,10,0,1,2,8,4,5,3,2,63,UNUSABLE_SHIPPING_PROMISE|INVENTORY_BLOCKED,1,CORE_CANDIDATE,"margin 66.3% (price 26.99, cost 9.09); stock us=2100 eu=0 cn=0 effective=2100; variant payload us=0 total=0; description 277 chars, quality_score=n/a; 15 gallery images + primary",no shipping window on record — conservative shipping score; no quality/readiness score — spec confidence from copy length only; inventory sync stale or never run
ede430c1-fb75-4d37-8e06-3526d033aa45,dog-car-seat-cover-view-mesh-pet-carrier-hammock-safety-protector-car-rear-back-ede4,Dog Car Seat Cover – Mesh Hammock with Zipper & Pocket for Dogs,inactive,false,dog,Dog Carriers,Pet Supplies > Dog Supplies > Carriers > Car Seat Covers,34.99,43.99,14.13,59.6,3E328406-8772-4CDD-A3BA-E8E1195888B9,CJ Dropshipping,discontinued,0,101161,0,0,101161,101161,CN,false,,973,21,1746,89,A,false,dog car seat cover view mesh pet carrier hammock safety protector car rear back seat mat with zipper and pocket for travel,none-detected,0,0,0,0,11,5,2,10,1,9,8,7,5,3,2,63,UNRELIABLE_SUPPLIER|UNUSABLE_SHIPPING_PROMISE,1,CORE_CANDIDATE,"margin 59.6% (price 34.99, cost 14.13); stock us=0 eu=0 cn=101161 effective=101161; variant payload us=0 total=0; description 1746 chars, quality_score=89; 21 gallery images + primary","no shipping window on record — conservative shipping score; problem signals: scratch, hair, non-slip, waterproof; inventory sync stale or never run"
4157b25c-252a-4bf9-ae0a-7237357d9027,automatic-dog-ball-launcher-with-26-79-ft-distance-automatic-ball-launcher-for-medium-and-large-dogs,"Automatic Dog Ball Launcher with 26-79 FT Distance, Automatic Ball Launcher for Medium and Large Dogs, Orange",active,true,dog,Dog Toys,Pet Supplies > Dog Supplies > Toys > Automatic Dog Toy Launchers,166.99,203.99,95.66,42.7,1991247020261302274,CJ Dropshipping,unknown,1,382,382,0,0,382,US,true,,3910,9,920,,A,true,automatic dog ball launcher with 2679 ft distance automatic ball launcher for medium and large dogs orange,none-detected,34,0,0,0,8,15,10,0,4,3,8,4,5,3,3,63,UNUSABLE_SHIPPING_PROMISE,0,CORE_CANDIDATE,"margin 42.7% (price 166.99, cost 95.66); stock us=382 eu=0 cn=0 effective=382; variant payload us=190 total=190; description 920 chars, quality_score=n/a; 9 gallery images + primary",no shipping window on record — conservative shipping score; differentiators: automatic; no quality/readiness score — spec confidence from copy length only
174f2c69-4c67-46b3-ba5d-6226fb33ca9e,wooden-rabbit-hutch-bunny-hutch-cage-guinea-pig-with-waterproof-roof-no-leak-174f,Rabbit Hutch Habitat – Waterproof Wooden Enclosure for Guinea Pigs & Rabbits,active,true,unknown,Rabbit Cages,Pet Supplies > Small Animal Supplies > Habitats > Rabbit Hutches,188.99,232.99,125.98,33.3,2016341816511733762,CJ Dropshipping,unknown,1,21,21,0,0,21,US,true,,12100,11,954,,C,true,wooden rabbit hutch bunny hutch cage guinea pig with waterproof roof no leak tray and feeding trough for rabbits chickens ducks,none-detected,21,0,0,0,5,15,10,3,1,3,8,7,5,3,3,63,UNUSABLE_SHIPPING_PROMISE|UNACCEPTABLE_MARGIN,1,CORE_CANDIDATE,"margin 33.3% (price 188.99, cost 125.98); stock us=21 eu=0 cn=0 effective=21; variant payload us=45 total=45; description 954 chars, quality_score=n/a; 11 gallery images + primary",no shipping window on record — conservative shipping score; problem signals: waterproof; no quality/readiness score — spec confidence from copy length only
c474f046-982b-4624-857e-70fc7142ea26,71-w-x-27-h-extra-wide-freestanding-pet-gate-with-adjustable-length-dog-cat-barrier-for-house-doorwa,Pet Gate: Extra Wide Freestanding Barrier For House,active,true,both,Cat Toys,Pet Supplies > Multi-Pet Supplies > Barriers > Pet Gates,159.99,204.99,91.38,42.9,2003456074050891777,CJ Dropshipping,unknown,1,26,26,0,0,26,US,true,,6400,9,282,,C,true,71 w x 27 h extra wide freestanding pet gate with adjustable length dog cat barrier for house doorway hallway natural,none-detected,18,0,0,0,8,15,10,0,1,2,8,7,5,3,4,63,UNUSABLE_SHIPPING_PROMISE,0,CORE_CANDIDATE,"margin 42.9% (price 159.99, cost 91.38); stock us=26 eu=0 cn=0 effective=26; variant payload us=126 total=126; description 282 chars, quality_score=n/a; 9 gallery images + primary",no shipping window on record — conservative shipping score; no quality/readiness score — spec confidence from copy length only
133cdc48-0117-40d5-9aaf-1a81131ca9bb,modern-cat-tree-35-inch-wooden-scratching-tower,GetPawsy Modern Cat Tree – 35-Inch Wooden Scratching Tower with Bed,active,false,cat,Cat Trees & Condos,Pet Supplies > Cat Supplies > Furniture > Cat Trees & Condos,158.99,190.99,105.87,33.4,2003461161535447042,CJ Dropshipping,unavailable,1,0,0,0,0,0,none,false,,10860,8,356,89,A,true,35 inch modern cat tree for indoor adult cats with wooden scratching posts cat bed  rope cat toy brown,none-detected,6,0,0,0,5,6,10,3,7,7,8,7,5,3,2,63,NO_REAL_STOCK|NO_US_DELIVERY_PATH|UNUSABLE_SHIPPING_PROMISE|UNACCEPTABLE_MARGIN,3,RETIRE_CANDIDATE,"margin 33.4% (price 158.99, cost 105.87); stock us=0 eu=0 cn=0 effective=0; variant payload us=123 total=123; description 356 chars, quality_score=89; 8 gallery images + primary","column stock is 0 but CJ variant payload reports 123 US units — needs re-sync before trusting; no shipping window on record — conservative shipping score; problem signals: scratch; differentiators: furniture, sisal; inventory sync stale or never run"
8eea41d7-2e96-43fb-b7c7-da9f6f1318b6,6-height-small-puppy-dog-feeding-station-for-messy-pets-stainless-steel-elevated-dog-bowls-with-mode," 6"" Height Small Puppy Dog Feeding Station for Messy Pets, Stainless Steel Elevated Dog Bowls with Modern Wooden Frame, Dog Food Stand Pet Feeding Station, White",active,true,dog,Dog Food & Treats,Pet Supplies > Dog Supplies > Feeding Supplies > Elevated Food Bowl,91.99,113.99,46.18,49.8,2003457588117221377,CJ Dropshipping,unknown,1,162,162,0,0,162,US,true,,2600,9,909,,C,true,6 height small puppy dog feeding station for messy pets stainless steel elevated dog bowls with modern wooden frame dog food stand pet feeding station white,none-detected,15,0,0,0,8,15,10,3,1,3,8,4,5,3,3,63,UNUSABLE_SHIPPING_PROMISE,0,CORE_CANDIDATE,"margin 49.8% (price 91.99, cost 46.18); stock us=162 eu=0 cn=0 effective=162; variant payload us=99 total=99; description 909 chars, quality_score=n/a; 9 gallery images + primary",no shipping window on record — conservative shipping score; problem signals: splash; no quality/readiness score — spec confidence from copy length only
7b025ec4-e516-472b-9bb6-6bd9ca13c6aa,2-level-hamster-cage-mice-and-rat-house-small-animal-habitat-for-guinea-pigs-chinchillas-with-openab,Hamster Cage with Openable Top for Easy Access,active,true,unknown,Hamster Cages,Pet Supplies > Small Animal Supplies > Habitats & Cages > Hamster Cage,129.99,167.99,74.27,42.9,2003464798743601153,CJ Dropshipping,unknown,1,198,198,0,0,198,US,true,,6000,9,886,,C,true,2level hamster cage mice and rat house small animal habitat for guinea pigs chinchillas with openable top front door shelf and ladder natural,none-detected,13,0,0,0,8,15,10,0,1,3,8,7,5,3,3,63,UNUSABLE_SHIPPING_PROMISE,0,CORE_CANDIDATE,"margin 42.9% (price 129.99, cost 74.27); stock us=198 eu=0 cn=0 effective=198; variant payload us=227 total=227; description 886 chars, quality_score=n/a; 9 gallery images + primary",no shipping window on record — conservative shipping score; no quality/readiness score — spec confidence from copy length only
ceb05898-f029-44f2-b4a3-156356007034,electric-dog-cat-ball-toy-indoor-large-and-small-cat-dog-interactive-intelligent-rolling-pet-ball-4,"Electric Dog Cat Ball Toy,Indoor Large And Small Cat Dog Interactive Intelligent Rolling Pet Ball",active,true,unknown,Pet Chase Toys,Pet Supplies > Multi-Pet Supplies > Toys > Interactive Ball Toy,41.49,52.99,16.69,59.8,2062815403950772225,CJ Dropshipping,unknown,3,429,429,0,0,429,US,true,,200,11,274,,C,true,,none-detected,18,0,0,0,11,15,10,0,1,2,8,4,5,3,4,63,UNUSABLE_SHIPPING_PROMISE,0,CORE_CANDIDATE,"margin 59.8% (price 41.49, cost 16.69); stock us=429 eu=0 cn=0 effective=429; variant payload us=429 total=429; description 274 chars, quality_score=n/a; 11 gallery images + primary",no shipping window on record — conservative shipping score; no quality/readiness score — spec confidence from copy length only
4f844f43-f6de-42ba-a79b-30aed6e3b215,pet-training-treat-pouch-with-food-grade-silicone-soft-skin-friendly-dog-treat-4f84,Dog Training Treat Pouch – Food-Grade Silicone Bag with Hanging Buckle,active,true,dog,Dog Training,Pet Supplies > Dog Supplies > Feeding Supplies > Treat Pouches,40.95,50.99,20.49,50,2001622280918327298,CJ Dropshipping,unknown,3,460,460,0,0,460,US,true,,1000,8,948,92,A,true,pet training treat pouch with foodgrade silicone  soft skinfriendly dog treat bag with hanging buckle for easy carrying  ideal for puppy training and outdoor activities,none-detected,15,0,0,0,8,15,10,0,1,9,8,4,2,3,3,63,UNUSABLE_SHIPPING_PROMISE,0,CORE_CANDIDATE,"margin 50.0% (price 40.95, cost 20.49); stock us=460 eu=0 cn=0 effective=460; variant payload us=690 total=690; description 948 chars, quality_score=92; 8 gallery images + primary",no shipping window on record — conservative shipping score
303837de-b8f7-4bb7-b9e3-83d99b8c538d,cat-curl-scratching-board-magic-organ-cat-toy-recyclable-corrugated-cardboard-3038,Interactive Cat Scratcher – Recyclable Corrugated Cardboard Toy for Cats,active,false,cat,Cat Scratching Posts,Pet Supplies > Cat Supplies > Scratchers & Posts > Cat Scratchers,36.99,46.99,14.82,59.9,1975838505267027969,CJ Dropshipping,unknown,1,0,0,0,0,0,unknown,false,,200,12,937,88,A,true,cat curl scratching board magic organ cat toy recyclable corrugated cardboard scratchresistant and wearresistant foldable wood grain interactive cat scratching toy,none-detected,0,0,0,0,11,6,2,6,7,8,8,4,5,3,3,63,NO_REAL_STOCK|NO_US_DELIVERY_PATH|UNUSABLE_SHIPPING_PROMISE,2,ACCESSORY_CANDIDATE,"margin 59.9% (price 36.99, cost 14.82); stock us=0 eu=0 cn=0 effective=0; variant payload us=200 total=200; description 937 chars, quality_score=88; 12 gallery images + primary","column stock is 0 but CJ variant payload reports 200 US units — needs re-sync before trusting; no shipping window on record — conservative shipping score; problem signals: scratch, shed; differentiators: foldable, furniture"
6c9d0fdf-7d41-4b83-8a9e-62c4e2e89ffa,pawhut-cat-litter-box-enclosure-with-scratching-board-cat-washroom-end-side-6c9d,Cat Litter Box Enclosure – Furniture Style End Table with Scratching Board,active,false,cat,Cat Litter Boxes,Pet Supplies > Cat Supplies > Litter & Waste > Litter Box Enclosures,182.99,232.99,121.7,33.5,2006278845027676162,CJ Dropshipping,unknown,1,0,0,0,0,0,unknown,false,,15875,10,957,87,A,true,pawhut cat litter box enclosure with scratching board cat washroom end side table  walnut brown,none-detected,0,0,0,0,5,6,2,9,7,8,8,7,5,3,3,63,NO_REAL_STOCK|NO_US_DELIVERY_PATH|UNUSABLE_SHIPPING_PROMISE|UNACCEPTABLE_MARGIN,3,RETIRE_CANDIDATE,"margin 33.5% (price 182.99, cost 121.7); stock us=0 eu=0 cn=0 effective=0; variant payload us=40 total=40; description 957 chars, quality_score=87; 10 gallery images + primary","column stock is 0 but CJ variant payload reports 40 US units — needs re-sync before trusting; no shipping window on record — conservative shipping score; problem signals: odor, litter, scratch; differentiators: enclosed, furniture"
27771502-e895-4153-a463-f82d71d7c2be,abcpet-cat-house-indoor-felt-cat-bed-scratch-resistant-kitten-cube-with-hanging-ball-light-gray-pick,"ABCPET Cat House  Indoor Felt Cat Bed  Scratch-Resistant Kitten Cube With Hanging Ball Light Gray,Pickup Only",inactive,false,unknown,Pet Houses & Cages,,1530.99,1932.99,1020.99,33.3,2062382761405227010,CJ Dropshipping,unknown,1,106,106,0,0,106,US,true,,5600,17,286,,C,false,,none-detected,0,0,0,0,5,15,10,3,1,2,8,7,5,3,3,62,UNUSABLE_SHIPPING_PROMISE|UNACCEPTABLE_MARGIN,1,CORE_CANDIDATE,"margin 33.3% (price 1530.99, cost 1020.99); stock us=106 eu=0 cn=0 effective=106; variant payload us=129 total=129; description 286 chars, quality_score=n/a; 17 gallery images + primary",no shipping window on record — conservative shipping score; problem signals: scratch; no quality/readiness score — spec confidence from copy length only
c39d8f70-e05a-4b1f-82a1-d94c52acf3ca,47-small-animal-cage-4-levels-large-rolling-metal-ferret-cage-w-5-9-deep-tray-ramps-water-bottle-foo," 47"" Small Animal Cage, 4 Levels Large Rolling Metal Ferret Cage w/ 5.9"" Deep Tray, Ramps, Water Bottle, Food Dish, Beige",inactive,false,unknown,Hamster Cages,,209.99,252.99,139.77,33.4,2003472054293929985,CJ Dropshipping,unknown,1,45,74,0,0,74,US,true,,13500,8,1101,,C,false,47 small animal cage 4 levels large rolling metal ferret cage w 59 deep tray ramps water bottle food dish beige,none-detected,0,0,0,0,5,15,8,0,4,3,8,7,5,3,4,62,UNUSABLE_SHIPPING_PROMISE|UNACCEPTABLE_MARGIN,1,CORE_CANDIDATE,"margin 33.4% (price 209.99, cost 139.77); stock us=74 eu=0 cn=0 effective=74; variant payload us=0 total=0; description 1101 chars, quality_score=n/a; 8 gallery images + primary",no shipping window on record — conservative shipping score; differentiators: multi-level; no quality/readiness score — spec confidence from copy length only
477c6150-c038-4d66-9aa9-b012a8d44812,solid-wood-space-saving-cat-tree,Solid Wood Space-saving Cat Tree,inactive,false,unknown,Cat Trees & Condos,Pet Supplies > Cat Supplies > Beds & Furniture > Cat Tree,100.33,125.41,40.13,60,2603080127571634400,CJ Dropshipping,discontinued,1,6320,0,0,6320,6320,CN,false,,8000,6,363,,B1,false,,none-detected,0,0,0,0,13,5,2,3,10,2,8,7,5,3,4,62,UNRELIABLE_SUPPLIER|UNUSABLE_SHIPPING_PROMISE,1,CORE_CANDIDATE,"margin 60.0% (price 100.33, cost 40.13); stock us=0 eu=0 cn=6320 effective=6320; variant payload us=0 total=0; description 363 chars, quality_score=n/a; 6 gallery images + primary","no shipping window on record — conservative shipping score; problem signals: scratch; differentiators: multi-level, furniture, sisal; no quality/readiness score — spec confidence from copy length only"
e579e3f7-ded3-45ad-86c5-3d1039039ba7,rolling-65-l-bird-cage-w-storage-shelf-wood-perch-food-container,Rolling Bird Cage – Large Enclosure with Storage Shelf & Wood Perch for Birds,inactive,false,unknown,Bird Cages,Pet Supplies > Bird Supplies > Cages > Rolling Bird Cage,392.99,487.99,261.96,33.3,2003459014961963009,CJ Dropshipping,unknown,1,634,634,0,0,634,US,true,,28500,8,671,87,C,false,rolling 65l bird cage w storage shelf wood perch food container,none-detected,0,0,0,0,5,15,8,0,1,8,8,7,5,3,2,62,UNUSABLE_SHIPPING_PROMISE|UNACCEPTABLE_MARGIN,1,CORE_CANDIDATE,"margin 33.3% (price 392.99, cost 261.96); stock us=634 eu=0 cn=0 effective=634; variant payload us=0 total=0; description 671 chars, quality_score=87; 8 gallery images + primary",no shipping window on record — conservative shipping score; inventory sync stale or never run
5675c635-084e-44e3-83e4-8515f072ff08,tortoise-enclosure-tortoise-house-with-adjustable-lamp-holder-storage-shelf-dual-main-houses-openabl," Tortoise Enclosure Tortoise House with Adjustable Lamp Holder Storage Shelf, Dual Main Houses, Openable Lid, Yellow",inactive,false,unknown,Reptile Terrariums,,272.99,337.99,182.16,33.3,2003464704908632065,CJ Dropshipping,unknown,1,222,208,0,0,208,US,true,,19000,8,1096,,C,false,tortoise enclosure tortoise house with adjustable lamp holder storage shelf dual main houses openable lid yellow,none-detected,0,0,0,0,5,15,8,0,4,3,8,7,5,3,4,62,UNUSABLE_SHIPPING_PROMISE|UNACCEPTABLE_MARGIN,1,CORE_CANDIDATE,"margin 33.3% (price 272.99, cost 182.16); stock us=208 eu=0 cn=0 effective=208; variant payload us=0 total=0; description 1096 chars, quality_score=n/a; 8 gallery images + primary",no shipping window on record — conservative shipping score; differentiators: dual; no quality/readiness score — spec confidence from copy length only
5e6f8d58-27dd-4b04-bd4f-5426b6a49277,wooden-duck-coop-with-openable-roof-removable-floor-double-doors-ramp-for-2-4-ducks-chickens-25-x-32," Wooden Duck Coop with Openable Roof, Removable Floor, Double Doors, Ramp, for 2-4 Ducks, Chickens, 25"" x 32"" x 30""",inactive,false,unknown,Rabbit Cages,,268.99,336.99,179.16,33.4,2003471241878216706,CJ Dropshipping,unknown,1,260,260,0,0,260,US,true,,18000,8,2319,,C,false,wooden duck coop with openable roof removable floor double doors ramp for 24 ducks chickens 25 x 32 x 30,none-detected,0,0,0,0,5,15,8,3,1,4,8,7,5,3,3,62,UNUSABLE_SHIPPING_PROMISE|UNACCEPTABLE_MARGIN,1,CORE_CANDIDATE,"margin 33.4% (price 268.99, cost 179.16); stock us=260 eu=0 cn=0 effective=260; variant payload us=246 total=246; description 2319 chars, quality_score=n/a; 8 gallery images + primary",no shipping window on record — conservative shipping score; problem signals: waterproof; no quality/readiness score — spec confidence from copy length only
9c2bf6ac-83ff-42c6-afd5-4120f104e941,electric-dog-cat-ball-toy-indoor-large-and-small-cat-dog-interactive-intelligent-rolling-pet-ball-1,"Electric Dog Cat Ball Toy,Indoor Large And Small Cat Dog Interactive Intelligent Rolling Pet Ball",active,true,unknown,Pet Chase Toys,Pet Supplies > Multi-Pet Supplies > Toys > Interactive Ball Toy,41.49,50.99,16.69,59.8,2062819485602848770,CJ Dropshipping,unknown,1,142,142,0,0,142,US,true,,200,11,274,,C,true,,none-detected,23,0,0,0,11,15,10,0,1,2,8,4,5,3,3,62,UNUSABLE_SHIPPING_PROMISE,0,CORE_CANDIDATE,"margin 59.8% (price 41.49, cost 16.69); stock us=142 eu=0 cn=0 effective=142; variant payload us=147 total=147; description 274 chars, quality_score=n/a; 11 gallery images + primary",no shipping window on record — conservative shipping score; no quality/readiness score — spec confidence from copy length only
ddf8f410-a77a-4bd0-89f1-36e1b04dec51,wired-automatic-pet-fountain-dog-water-dispenser-automatic-sensing-function,GetPawsy Automatic Pet Water Fountain - Wired Sensing Dispenser for Cats and Dogs,active,true,both,Pet Fountains,Pet Supplies > Multi-Pet Supplies > Feeding Supplies > Water Fountains,72.49,92.99,36.25,50,1932683120104222722,CJ Dropshipping,unknown,1,100,100,0,0,100,US,true,,1805,17,277,,B1,true,wired automatic pet fountain dog water dispenser automatic sensing function,none-detected,30,0,0,0,8,15,10,0,4,2,8,4,5,3,3,62,UNUSABLE_SHIPPING_PROMISE,0,CORE_CANDIDATE,"margin 50.0% (price 72.49, cost 36.25); stock us=100 eu=0 cn=0 effective=100; variant payload us=100 total=100; description 277 chars, quality_score=n/a; 17 gallery images + primary",no shipping window on record — conservative shipping score; differentiators: automatic; no quality/readiness score — spec confidence from copy length only
9a4b04f6-22a6-414d-bd39-959b84c2b22e,pawhut-parrot-stand-large-bird-perch-stand-with-toy-hook-3-ladders-parrot-perch-9a4b,Large Bird Perch Stand – Playstand with Toy Hook & Ladders for Parrots,active,true,unknown,Bird Accessories,Pet Supplies > Bird Supplies > Accessory Supplies > Perches,171.99,207.99,98.53,42.7,2016340534662774786,CJ Dropshipping,unavailable,1,336,336,0,0,336,US,true,,7500,11,969,,C,true,pawhut parrot stand large bird perch stand with toy hook  3 ladders parrot perch bird wooden stand gray,none-detected,38,0,0,0,8,15,10,0,1,3,8,7,5,3,2,62,UNUSABLE_SHIPPING_PROMISE,0,CORE_CANDIDATE,"margin 42.7% (price 171.99, cost 98.53); stock us=336 eu=0 cn=0 effective=336; variant payload us=477 total=477; description 969 chars, quality_score=n/a; 11 gallery images + primary",no shipping window on record — conservative shipping score; no quality/readiness score — spec confidence from copy length only; inventory sync stale or never run
f5ed4c9c-2743-4541-a396-61183c0c9bbe,45-extra-large-wooden-hamster-cage-3-layer-rat-cage-with-opening-roof-pvc-f5ed,Extra Large Small Animal Habitat – 3-Layer Wooden Enclosure with Opening Roof for Hamsters,inactive,false,unknown,Hamster Cages,Pet Supplies > Small Animal Supplies > Cages > Hamster Habitat,266.99,330.99,178.33,33.2,2003459468865347586,CJ Dropshipping,unknown,1,526,526,0,0,526,US,true,,17800,8,618,87,C,false,45 extra large wooden hamster cage 3layer rat cage with opening roof pvc window small animal habitat for gerbil dwarf  syrian hamsters natural,none-detected,0,0,0,0,5,15,8,0,4,8,8,4,5,3,2,62,UNUSABLE_SHIPPING_PROMISE|UNACCEPTABLE_MARGIN,1,CORE_CANDIDATE,"margin 33.2% (price 266.99, cost 178.33); stock us=526 eu=0 cn=0 effective=526; variant payload us=0 total=0; description 618 chars, quality_score=87; 8 gallery images + primary",no shipping window on record — conservative shipping score; differentiators: multi-level; inventory sync stale or never run
c8838424-1b15-4193-afd5-2e8d9fe69acd,cat-window-box-large-catio-with-shelves-bridges-outside-enclosure-for-multiple-c883,Outdoor Cat Enclosure – Catio Window Box with Shelves & Bridges,active,true,cat,Cat Trees & Condos,Pet Supplies > Cat Supplies > Cat Furniture > Cat Enclosures,149.99,187.49,314.99,-110,2019978141945208833,CJ Dropshipping,available,1,161,161,0,0,161,US,true,,,11,2789,,C,true,cat window box  large catio with shelves  bridges outside enclosure for multiple cats white,none-detected,30,0,0,0,0,15,10,3,4,4,8,7,5,4,2,62,UNUSABLE_SHIPPING_PROMISE|UNACCEPTABLE_MARGIN,1,CORE_CANDIDATE,"margin -110.0% (price 149.99, cost 314.99); stock us=161 eu=0 cn=0 effective=161; variant payload us=197 total=197; description 2789 chars, quality_score=n/a; 11 gallery images + primary",no shipping window on record — conservative shipping score; problem signals: scratch; differentiators: furniture; no quality/readiness score — spec confidence from copy length only; no weight on record — damage risk partly inferred; inventory sync stale or never run
48101e59-d033-4f54-8ac0-cd93b3319a46,youmile-omega-3-for-dogs-120ct-fish-oil-treats-allergy-itch-relief-skin-coat-4810,Omega 3 Dog Treats – Fish Oil Chews for Allergy & Healthy Skin & Coat,active,false,unknown,Dog Food & Treats,Pet Supplies > Dog Supplies > Dog Food > Dog Treats,47.95,58.99,23.98,50,2011284716711407618,CJ Dropshipping,unavailable,2,0,0,0,0,0,none,false,,480,8,1618,,B1,true,youmile omega 3 for dogs  120ct  fish oil treats  allergy  itch relief skin  coat supplement  dry itchy skin anti shedding  hot spots treatment  pet salmon oil chews  chicken flavor dog  vit,none-detected,8,0,0,0,8,6,10,10,1,4,8,4,5,3,3,62,NO_REAL_STOCK|NO_US_DELIVERY_PATH|UNUSABLE_SHIPPING_PROMISE,2,LONGTAIL,"margin 50.0% (price 47.95, cost 23.98); stock us=0 eu=0 cn=0 effective=0; variant payload us=399 total=399; description 1618 chars, quality_score=n/a; 8 gallery images + primary","column stock is 0 but CJ variant payload reports 399 US units — needs re-sync before trusting; no shipping window on record — conservative shipping score; problem signals: scratch, hair, shed, joint; no quality/readiness score — spec confidence from copy length only"
ebe7dc66-7f02-4897-a9db-e58c89c2c08a,electric-dog-cat-ball-toy-indoor-large-and-small-cat-dog-interactive-intelligent-rolling-pet-ball,"Electric Dog Cat Ball Toy,Indoor Large And Small Cat Dog Interactive Intelligent Rolling Pet Ball",active,true,unknown,Pet Chase Toys,Pet Supplies > Multi-Pet Supplies > Toys > Interactive Ball Toy,41.49,50.99,16.69,59.8,2062816628209389569,CJ Dropshipping,unknown,3,429,429,0,0,429,US,true,,200,13,274,,C,true,,none-detected,22,0,0,0,11,15,10,0,1,2,8,4,5,3,3,62,UNUSABLE_SHIPPING_PROMISE,0,CORE_CANDIDATE,"margin 59.8% (price 41.49, cost 16.69); stock us=429 eu=0 cn=0 effective=429; variant payload us=429 total=429; description 274 chars, quality_score=n/a; 13 gallery images + primary",no shipping window on record — conservative shipping score; no quality/readiness score — spec confidence from copy length only
ef3e9eec-4351-4313-ba95-4faffefff122,foldable-dog-cage-portable-travel-dog-cage-with-three-door-mesh-windows-30in-ef3e,Foldable Dog House – Crate with Mesh Windows for Dogs,inactive,false,dog,Dog Houses,Pet Supplies > Dog Supplies > Houses > Foldable Crate,100.99,122.99,57.43,43.1,2011378172330524673,CJ Dropshipping,unknown,1,26,26,0,0,26,US,true,,4799,1,999,86,C,false,foldable dog cage portable travel dog cage with threedoor mesh windows30inblack,confirmed,0,0,0,0,8,15,8,0,3,8,2,7,5,3,3,62,UNUSABLE_SHIPPING_PROMISE|DUPLICATE,1,CORE_CANDIDATE,"margin 43.1% (price 100.99, cost 57.43); stock us=26 eu=0 cn=0 effective=26; variant payload us=26 total=26; description 999 chars, quality_score=86; 1 gallery images + primary",no shipping window on record — conservative shipping score; differentiators: foldable
6d5d4336-2af9-46ce-a6de-0c8884acbd4a,84-6-in-dark-gray-cat-tree-tower-with-wide-base-3-large-hinding-condo-11-sisal-scratching-post-sisal,"Cat Tree Tower: Giant Fun, Endless Play for Multi-Cat Homes",inactive,false,cat,Cat Trees & Condos,,199.99,240.99,133.44,33.3,1996834102408687617,CJ Dropshipping,discontinued,1,230,230,0,0,230,US,true,,1000,5,275,,C,false,846 in dark gray cat tree tower with wide base 3 large hinding condo 11 sisal scratching post sisal scratching ladder 2 hammocks large top platform many landing perch and interactive toy,none-detected,0,0,0,0,5,15,10,3,4,2,6,7,5,3,2,62,UNRELIABLE_SUPPLIER|UNUSABLE_SHIPPING_PROMISE|UNACCEPTABLE_MARGIN,2,LONGTAIL,"margin 33.3% (price 199.99, cost 133.44); stock us=230 eu=0 cn=0 effective=230; variant payload us=0 total=0; description 275 chars, quality_score=n/a; 5 gallery images + primary",no shipping window on record — conservative shipping score; problem signals: scratch; differentiators: sisal; no quality/readiness score — spec confidence from copy length only; inventory sync stale or never run
ee275d95-3678-4397-b8b0-61ea91176840,led-luminous-pet-dog-collar-night,LED Dog Collar – Luminous Safety Collar for Night Walking,active,true,dog,Dog Collars & Leashes,Pet Supplies > Dog Supplies > Collar & Leash Supplies > Collars,16.49,20.99,4.68,71.6,2502080657331604100,CJ Dropshipping,available,2,0,6,0,0,6,US,true,,43,2,359,83,A,true,led luminous pet dog collar night,none-detected,25,0,0,0,15,12,10,0,1,7,4,2,5,3,3,62,UNUSABLE_SHIPPING_PROMISE,0,CORE_CANDIDATE,"margin 71.6% (price 16.49, cost 4.68); stock us=6 eu=0 cn=0 effective=6; variant payload us=7 total=7; description 359 chars, quality_score=83; 2 gallery images + primary",no shipping window on record — conservative shipping score
a94f47d0-4836-4283-8cab-a2ad96ae455d,prokel-shark-shaped-pet-toy-interactive-twinetoy-ball-dog-toy-with-suction-cup-pet-chew-toyfor-dogs-,"PROKEl Shark Shaped Pet Toy, Interactive TwineToy Ball Dog Toy With Suction Cup, Pet Chew ToyFor Dogs & Cats Funny Dogtoys Squeaky Toys Dogtraining Rope Toy",active,false,dog,Dog Toys,Pet Supplies > Dog Supplies > Toys > Chew Toys,43.99,55.99,17.79,59.6,1878724591728087042,CJ Dropshipping,unavailable,1,0,0,0,0,0,none,false,,428,6,1129,,C,true,prokel shark shaped pet toy interactive twinetoy ball dog toy with suction cup pet chew toyfor dogs  cats funny dogtoys squeaky toys dogtraining rope toy,none-detected,18,0,0,0,11,6,10,3,7,3,8,4,5,3,2,62,NO_REAL_STOCK|NO_US_DELIVERY_PATH|UNUSABLE_SHIPPING_PROMISE,2,LONGTAIL,"margin 59.6% (price 43.99, cost 17.79); stock us=0 eu=0 cn=0 effective=0; variant payload us=187 total=187; description 1129 chars, quality_score=n/a; 6 gallery images + primary","column stock is 0 but CJ variant payload reports 187 US units — needs re-sync before trusting; no shipping window on record — conservative shipping score; problem signals: dental; differentiators: hidden, furniture; no quality/readiness score — spec confidence from copy length only; inventory sync stale or never run"
02cc9442-54a8-4183-bfaf-b2928a392eff,interactive-windmill-cat-toy-with-led-light-ball-suction-cup-and-catnip-indoor-02cc,Interactive Cat Windmill Toy – Suction Cup with LED Light Ball,active,true,cat,Cat Toys,Pet Supplies > Cat Supplies > Cat Toys > Interactive Toys,37.99,46.99,15.27,59.8,1993162053565833218,CJ Dropshipping,unknown,2,127,127,0,0,127,US,true,,300,14,274,,B1,true,interactive windmill cat toy with led light ball suction cup and catnip indoor cat exercise and entertainment set,none-detected,33,0,0,0,11,15,10,0,1,2,8,4,5,3,3,62,UNUSABLE_SHIPPING_PROMISE,0,CORE_CANDIDATE,"margin 59.8% (price 37.99, cost 15.27); stock us=127 eu=0 cn=0 effective=127; variant payload us=209 total=209; description 274 chars, quality_score=n/a; 14 gallery images + primary",no shipping window on record — conservative shipping score; no quality/readiness score — spec confidence from copy length only
959565cb-cf44-4a21-b3f1-3713450e85dd,pawhut-rolling-small-animal-cage-with-hammock-ferret-cage-chinchilla-cage-pet-habitat-with-6-doors-r,"PawHut Rolling Small Animal Cage With Hammock, Ferret Cage, Chinchilla Cage, Pet Habitat With 6 Doors, Removable Tray",active,true,unknown,Hamster Cages,Pet Supplies > Small Animal Supplies > Housing & Habitat > Cages & Hutches,177.99,215.99,118.83,33.2,2005903630573731842,CJ Dropshipping,unknown,1,314,314,0,0,314,US,true,,11970,10,1206,,C,true,pawhut rolling small animal cage with hammock ferret cage chinchilla cage pet habitat with 6 doors removable tray,none-detected,24,0,0,0,5,15,8,0,4,4,8,7,5,3,3,62,UNUSABLE_SHIPPING_PROMISE|UNACCEPTABLE_MARGIN,1,CORE_CANDIDATE,"margin 33.2% (price 177.99, cost 118.83); stock us=314 eu=0 cn=0 effective=314; variant payload us=119 total=119; description 1206 chars, quality_score=n/a; 10 gallery images + primary",no shipping window on record — conservative shipping score; differentiators: multi-level; no quality/readiness score — spec confidence from copy length only
29ec4f10-f7b1-46f6-ae3a-54782de41e02,catio-playground-cat-window-box-outside-enclosure-for-multiple-cats-w-shelves-bridges-gray," Catio Playground Cat Window Box Outside Enclosure for Multiple Cats w/ Shelves & Bridges, Gray",inactive,false,cat,Cat Toys,,638.99,787.99,426.23,33.3,2003463366406238210,CJ Dropshipping,unknown,1,187,187,0,0,187,US,true,,19550,9,1011,,C,false,catio playground cat window box outside enclosure for multiple cats w shelves  bridges gray,none-detected,0,0,0,0,5,15,10,0,4,3,8,7,5,3,2,62,UNUSABLE_SHIPPING_PROMISE|UNACCEPTABLE_MARGIN,1,CORE_CANDIDATE,"margin 33.3% (price 638.99, cost 426.23); stock us=187 eu=0 cn=0 effective=187; variant payload us=0 total=0; description 1011 chars, quality_score=n/a; 9 gallery images + primary",no shipping window on record — conservative shipping score; differentiators: multi-level; no quality/readiness score — spec confidence from copy length only; inventory sync stale or never run
3877d7a0-fb71-49ad-902e-5a112e1e714b,stainless-steel-dog-bowl-pets-hanging-food-bowl-detachable-pet-cage-food-water-3877,Hanging Dog Bowl – Stainless Steel Food & Water Bowl for Cages,active,false,dog,Dog Bowls & Feeders,Pet Supplies > Dog Supplies > Feeding Supplies > Pet Bowls,39.95,50.99,15.99,60,1990665660783251458,CJ Dropshipping,unavailable,1,0,0,0,0,0,none,false,,1000,7,1046,89,B1,true,stainless steel dog bowl pets hanging food bowl detachable pet cage food water bowl with clamp holder,none-detected,13,0,0,0,11,6,10,3,1,8,8,4,5,3,3,62,NO_REAL_STOCK|NO_US_DELIVERY_PATH|UNUSABLE_SHIPPING_PROMISE,2,ACCESSORY_CANDIDATE,"margin 60.0% (price 39.95, cost 15.99); stock us=0 eu=0 cn=0 effective=0; variant payload us=460 total=460; description 1046 chars, quality_score=89; 7 gallery images + primary",column stock is 0 but CJ variant payload reports 460 US units — needs re-sync before trusting; no shipping window on record — conservative shipping score; problem signals: shed
0bfdc4cf-0631-4a35-8192-74451faa5444,electric-dog-cat-ball-toy-indoor-large-and-small-cat-dog-interactive-intelligent-rolling-pet-ball-3,"Electric Dog Cat Ball Toy,Indoor Large And Small Cat Dog Interactive Intelligent Rolling Pet Ball",active,true,unknown,Pet Chase Toys,Pet Supplies > Multi-Pet Supplies > Toys > Interactive Ball Toy,41.49,52.99,16.69,59.8,2062821707184377857,CJ Dropshipping,unknown,2,488,488,0,0,488,US,true,,200,15,274,,C,true,,none-detected,58,0,0,0,11,15,10,0,1,2,8,4,5,3,3,62,UNUSABLE_SHIPPING_PROMISE,0,CORE_CANDIDATE,"margin 59.8% (price 41.49, cost 16.69); stock us=488 eu=0 cn=0 effective=488; variant payload us=488 total=488; description 274 chars, quality_score=n/a; 15 gallery images + primary",no shipping window on record — conservative shipping score; no quality/readiness score — spec confidence from copy length only
d20bbcc2-007b-486d-89c3-635e0ce7cda8,dog-training-collar-for-2-dogs,Dog Training Collar – Dual Remote Control for Two Dogs,active,true,dog,Dog Training,Pet Supplies > Dog Supplies > Training & Obedience > Training Collar,54.99,69.99,27.55,49.9,1544234522290696192,CJ Dropshipping,available,1,35015,1,0,35015,1,CN,true,,310,2,278,76,A,true,dog training collar for 2 dogs,none-detected,34,0,0,0,8,12,10,0,4,7,4,7,5,3,2,62,UNUSABLE_SHIPPING_PROMISE,0,CORE_CANDIDATE,"margin 49.9% (price 54.99, cost 27.55); stock us=1 eu=0 cn=35015 effective=1; variant payload us=1 total=1; description 278 chars, quality_score=76; 2 gallery images + primary",no shipping window on record — conservative shipping score; differentiators: dual; inventory sync stale or never run
b3048aa5-c93d-48c7-8425-1a45e123e064,6-tier-platform-rolling-small-animal-rabbit-cage-with-a-large-living-space-black," 6-tier Platform Rolling Small Animal Rabbit Cage with a Large Living Space, Black",inactive,false,unknown,Hamster Cages,,358.99,446.99,239.62,33.3,2003467895153733634,CJ Dropshipping,unknown,1,118,124,0,0,124,US,true,,20400,8,976,,C,false,6tier platform rolling small animal rabbit cage with a large living space black,none-detected,0,0,0,0,5,15,8,0,7,3,8,4,5,3,4,62,UNUSABLE_SHIPPING_PROMISE|UNACCEPTABLE_MARGIN,1,CORE_CANDIDATE,"margin 33.3% (price 358.99, cost 239.62); stock us=124 eu=0 cn=0 effective=124; variant payload us=0 total=0; description 976 chars, quality_score=n/a; 8 gallery images + primary","no shipping window on record — conservative shipping score; differentiators: multi-level, furniture; no quality/readiness score — spec confidence from copy length only"
84b33906-87dd-4d91-b79b-667519248013,pawhut-wall-mounted-cat-tree-4-layer-cat-wall-shelves-furniture-with-scratching-84b3,Wall-Mounted Cat Scratching Post – 4-Layer Cat Tree with Cushions,active,true,cat,Cat Trees & Condos,Pet Supplies > Cat Supplies > Trees & Condos > Scratching Posts,148.99,188.99,84.98,43,2004374268642779138,CJ Dropshipping,available,1,0,5,0,0,5,unknown,true,,11339,11,275,,A,true,pawhut wallmounted cat tree 4layer cat wall shelves furniture with scratching board kitten activity center with cushions natural,none-detected,33,0,0,0,8,12,10,3,1,2,8,7,5,3,3,62,UNUSABLE_SHIPPING_PROMISE,0,CORE_CANDIDATE,"margin 43.0% (price 148.99, cost 84.98); stock us=5 eu=0 cn=0 effective=5; variant payload us=0 total=0; description 275 chars, quality_score=n/a; 11 gallery images + primary",no shipping window on record — conservative shipping score; problem signals: scratch; no quality/readiness score — spec confidence from copy length only
b476d7d3-bf0f-4318-9968-606e0e3e0c3f,cat-water-fountain-stainless-steel-108oz-3-2l-cat-fountain-for-drinking-pet-b476,Automatic Pet Water Fountain – 3.2L Stainless Steel Dispenser for Cats & Dogs,active,false,both,Cat Bowls & Feeders,Pet Supplies > Multi-Pet Supplies > Feeding Supplies > Pet Water Fountains,103.99,129.99,59.42,42.9,2005547254498877442,CJ Dropshipping,unavailable,1,0,0,0,0,0,none,false,,7350,8,1364,86,A,true,cat water fountain stainless steel108oz 32l cat fountain for drinking  pet water fountain inside  automatic dog watering dispenser bowl  pet feeding  watering supplies  water level window,none-detected,0,0,0,0,8,6,2,6,4,9,8,7,5,3,4,62,NO_REAL_STOCK|NO_US_DELIVERY_PATH|UNUSABLE_SHIPPING_PROMISE,2,LONGTAIL,"margin 42.9% (price 103.99, cost 59.42); stock us=0 eu=0 cn=0 effective=0; variant payload us=25 total=25; description 1364 chars, quality_score=86; 8 gallery images + primary","column stock is 0 but CJ variant payload reports 25 US units — needs re-sync before trusting; no shipping window on record — conservative shipping score; problem signals: odor, hair; differentiators: automatic"
addf38e5-5190-4a64-bdd4-12a791f8c5fc,hanging-cat-tree-with-scratching-postspace-saving-design,Hanging Cat Tree With Scratching Postspace-saving Design,inactive,false,cat,Cat Trees & Condos,Pet Supplies > Cat Supplies > Furniture > Cat Trees,37.38,46.73,14.95,60,2602050547371624200,CJ Dropshipping,discontinued,0,16144,0,0,16144,16144,CN,false,,,7,1238,85,C,false,hanging cat tree with scratching postspacesaving design,none-detected,0,0,0,0,13,5,2,3,4,9,8,7,5,4,2,62,UNRELIABLE_SUPPLIER|UNUSABLE_SHIPPING_PROMISE,1,CORE_CANDIDATE,"margin 60.0% (price 37.38, cost 14.95); stock us=0 eu=0 cn=16144 effective=16144; variant payload us=0 total=0; description 1238 chars, quality_score=85; 7 gallery images + primary",no shipping window on record — conservative shipping score; problem signals: scratch; differentiators: furniture; no weight on record — damage risk partly inferred; inventory sync stale or never run
156ed3db-e926-482c-951a-4c1fcb61779d,enclosed-cat-litter-box-extra-large-flip-top,GetPawsy Enclosed Cat Litter Box – Extra Large Flip-Top Design,inactive,false,cat,Cat Litter Boxes,Pet Supplies > Cat Supplies > Litter & Housebreaking > Litter Boxes,74.97,93.71,29.99,60,2021764541742698497,CJ Dropshipping,discontinued,0,0,0,0,0,0,unknown,false,,3000,6,355,92,B1,false,,none-detected,0,0,0,0,11,0,2,9,7,8,8,7,5,3,2,62,UNRELIABLE_SUPPLIER|NO_REAL_STOCK|NO_US_DELIVERY_PATH|UNUSABLE_SHIPPING_PROMISE,3,RETIRE_CANDIDATE,"margin 60.0% (price 74.97, cost 29.99); stock us=0 eu=0 cn=0 effective=0; variant payload us=0 total=0; description 355 chars, quality_score=92; 6 gallery images + primary","no shipping window on record — conservative shipping score; problem signals: odor, tracking, litter; differentiators: flip, enclosed; inventory sync stale or never run"
322974e2-2620-48f4-bff1-7c0a90dd8e56,pet-sofa-bed-couch-with-storage-pet-sofa-for-cats-and-small-dogs," Pet Sofa Bed Couch with Storage, Pet Sofa for Cats and Small Dogs",active,true,dog,Dog Toys,,169.99,215.99,99.87,41.2,2003454980511277057,CJ Dropshipping,unknown,1,280,280,0,0,280,US,true,,8350,9,274,,C,true,pet sofa bed couch with storage pet sofa for cats and small dogs,none-detected,27,0,0,0,8,15,10,0,1,2,8,7,5,3,3,62,UNUSABLE_SHIPPING_PROMISE,0,CORE_CANDIDATE,"margin 41.2% (price 169.99, cost 99.87); stock us=280 eu=0 cn=0 effective=280; variant payload us=306 total=306; description 274 chars, quality_score=n/a; 9 gallery images + primary",no shipping window on record — conservative shipping score; no quality/readiness score — spec confidence from copy length only
4659ad0e-fbf2-486a-a531-0a8d4c70609a,pet-sofa-dog-sofa-for-small-dogs-with-storage-gray," Pet Sofa Dog Sofa for Small Dogs with Storage, Gray",active,true,dog,Dog Toys,Pet Supplies > Dog Supplies > Beds > Dog Sofas,174.99,219.99,99.87,42.9,2003455388210884610,CJ Dropshipping,unavailable,1,182,182,0,0,182,US,true,,8350,9,274,,C,true,pet sofa dog sofa for small dogs with storage gray,none-detected,19,0,0,0,8,15,10,0,1,2,8,7,5,3,3,62,UNUSABLE_SHIPPING_PROMISE,0,CORE_CANDIDATE,"margin 42.9% (price 174.99, cost 99.87); stock us=182 eu=0 cn=0 effective=182; variant payload us=110 total=110; description 274 chars, quality_score=n/a; 9 gallery images + primary",no shipping window on record — conservative shipping score; no quality/readiness score — spec confidence from copy length only
63c16e21-a2fd-4f7d-904b-a2aafcdba308,c-double-layer-cat-head-45,C Double-layer Cat Head 45,active,true,unknown,Pet Furniture Tools,Pet Supplies > Cat Supplies > Furniture > Cat Furniture,40.99,52.99,20.52,49.9,2062476249454276609,CJ Dropshipping,unknown,1,158,158,0,0,158,unknown,true,,2100,11,277,,C,true,,none-detected,26,0,0,0,8,15,10,0,4,2,8,4,5,3,3,62,UNUSABLE_SHIPPING_PROMISE,0,CORE_CANDIDATE,"margin 49.9% (price 40.99, cost 20.52); stock us=158 eu=0 cn=0 effective=158; variant payload us=727 total=727; description 277 chars, quality_score=n/a; 11 gallery images + primary",no shipping window on record — conservative shipping score; differentiators: furniture; no quality/readiness score — spec confidence from copy length only
602eb494-c7f7-490c-b096-2d75873d58be,wall-mounted-cat-shelves-tree-with-jumping-boards-nest-furniture-set-of-5,Wall Mounted Cat Shelves Tree With Jumping Boards Nest Furniture Set Of 5,active,true,cat,Cat Toys,Pet Supplies > Cat Supplies > Furniture > Wall-Mounted Furniture,171.99,209.99,114.74,33.3,1993036220667305985,CJ Dropshipping,unknown,1,20,20,0,0,20,unknown,true,,12920,7,275,,A,true,wall mounted cat shelves tree with jumping boards nest furniture set of 5,none-detected,24,0,0,0,5,15,10,0,4,2,8,7,5,3,3,62,UNUSABLE_SHIPPING_PROMISE|UNACCEPTABLE_MARGIN,1,CORE_CANDIDATE,"margin 33.3% (price 171.99, cost 114.74); stock us=20 eu=0 cn=0 effective=20; variant payload us=27 total=27; description 275 chars, quality_score=n/a; 7 gallery images + primary",no shipping window on record — conservative shipping score; differentiators: furniture; no quality/readiness score — spec confidence from copy length only
9ad6221f-b92c-471b-9566-67c0dd01c86b,dog-ramp-for-bed-pet-ramp-for-dogs-with-non-slip-carpet-and-top-platform-74-x-16-x-25-natural," Dog Ramp for Bed, Pet Ramp for Dogs with Non-Slip Carpet and Top Platform, 74"" x 16"" x 25"", Natural",active,true,dog,Dog Toys,Pet Supplies > Dog Supplies > Dog Mobility & Support > Dog Ramps,180.99,255.99,120.68,33.3,2003455740061982721,CJ Dropshipping,unknown,1,78,78,0,0,78,US,true,,14000,9,278,,C,true,dog ramp for bed pet ramp for dogs with nonslip carpet and top platform 74 x 16 x 25 natural,none-detected,29,0,0,0,5,15,10,3,1,2,8,7,5,3,3,62,UNUSABLE_SHIPPING_PROMISE|UNACCEPTABLE_MARGIN,1,CORE_CANDIDATE,"margin 33.3% (price 180.99, cost 120.68); stock us=78 eu=0 cn=0 effective=78; variant payload us=182 total=182; description 278 chars, quality_score=n/a; 9 gallery images + primary",no shipping window on record — conservative shipping score; problem signals: non-slip; no quality/readiness score — spec confidence from copy length only
c77d410c-38ce-4df8-a0a7-524d5cb3d76f,playground-cat-window-box-outside-enclosure-for-multiple-cats-w-shelves-bridges-c77d,Outdoor Cat Enclosure – Window Playground Box for Multiple Cats,active,true,cat,Cat Trees & Condos,Pet Supplies > Cat Supplies > Cat Furniture > Cat Enclosures,149.99,187.49,362.24,-141.5,2026501687080316930,CJ Dropshipping,available,1,149,149,0,0,149,US,true,,,11,3465,,C,true,,none-detected,23,0,0,0,0,15,10,3,4,4,8,7,5,4,2,62,UNUSABLE_SHIPPING_PROMISE|UNACCEPTABLE_MARGIN,1,CORE_CANDIDATE,"margin -141.5% (price 149.99, cost 362.24); stock us=149 eu=0 cn=0 effective=149; variant payload us=227 total=227; description 3465 chars, quality_score=n/a; 11 gallery images + primary",no shipping window on record — conservative shipping score; problem signals: scratch; differentiators: furniture; no quality/readiness score — spec confidence from copy length only; no weight on record — damage risk partly inferred; inventory sync stale or never run
39e9b068-c393-4b47-90b7-5e1fd5abb831,electric-dog-cat-ball-toy-indoor-large-and-small-cat-dog-interactive-intelligent-rolling-pet-ball-2,"Electric Dog Cat Ball Toy,Indoor Large And Small Cat Dog Interactive Intelligent Rolling Pet Ball",active,true,unknown,Pet Chase Toys,Pet Supplies > Multi-Pet Supplies > Toys > Interactive Ball Toy,41.49,51.99,16.69,59.8,2062814032333672450,CJ Dropshipping,unknown,3,288,288,0,0,288,US,true,,200,14,274,,C,true,,none-detected,46,0,0,0,11,15,10,0,1,2,8,4,5,3,3,62,UNUSABLE_SHIPPING_PROMISE,0,CORE_CANDIDATE,"margin 59.8% (price 41.49, cost 16.69); stock us=288 eu=0 cn=0 effective=288; variant payload us=429 total=429; description 274 chars, quality_score=n/a; 14 gallery images + primary",no shipping window on record — conservative shipping score; no quality/readiness score — spec confidence from copy length only
d1002ecb-319d-43d9-bda5-d4a343160858,indoor-cat-and-dog-bed-a-quiet-doughnut-shaped-bed-a-washable-round-soft-pet-bed-suitable-for-medium,"Indoor Cat And Dog Bed, A Quiet Doughnut-Shaped Bed, A Washable Round Soft Pet Bed, Suitable For Medium-Sized And Large Cats And Dogs",inactive,false,both,Dog Beds,Pet Supplies > Multi-Pet Supplies > Beds > Pet Beds,28.99,37.99,11.65,59.8,2013178970792980482,CJ Dropshipping,discontinued,1,163598,0,0,163598,163598,CN,false,,800,16,1079,72,C,false,indoor cat and dog bed a quiet doughnutshaped bed a washable round soft pet bed suitable for mediumsized and large cats and dogs,none-detected,0,0,0,0,11,5,2,10,1,7,8,7,5,3,2,61,UNRELIABLE_SUPPLIER|UNUSABLE_SHIPPING_PROMISE,1,CORE_CANDIDATE,"margin 59.8% (price 28.99, cost 11.65); stock us=0 eu=0 cn=163598 effective=163598; variant payload us=0 total=0; description 1079 chars, quality_score=72; 16 gallery images + primary","no shipping window on record — conservative shipping score; problem signals: shed, anxiety, orthopedic, joint; inventory sync stale or never run"
795345a6-6391-4cd3-ae08-e7823dc4a983,chicken-coop,Chicken Coop Hen House – Backyard Enclosure for Chickens,active,true,unknown,Bird Houses,Pet Supplies > Bird Supplies > Houses > Chicken Coop,286.99,360.99,191.64,33.2,2016684213542187010,CJ Dropshipping,available,1,230,230,0,0,230,US,true,,1000,6,1444,,B1,true,chicken coop,none-detected,31,0,0,0,5,15,10,0,1,4,8,7,5,3,3,61,UNUSABLE_SHIPPING_PROMISE|UNACCEPTABLE_MARGIN,1,CORE_CANDIDATE,"margin 33.2% (price 286.99, cost 191.64); stock us=230 eu=0 cn=0 effective=230; variant payload us=230 total=230; description 1444 chars, quality_score=n/a; 6 gallery images + primary",no shipping window on record — conservative shipping score; no quality/readiness score — spec confidence from copy length only
b5589939-99cd-4150-b784-6f562e5f164d,only-self-pickup-automatic-feeder,Only Self Pickup---Automatic Feeder,inactive,false,unknown,Pet Feeding Tools,,79.99,104.99,43.37,45.8,2062057001420562433,CJ Dropshipping,unknown,1,87,87,0,0,87,US,true,,1680,14,277,,C,false,,none-detected,0,0,0,0,8,15,10,0,4,2,8,4,5,3,2,61,UNUSABLE_SHIPPING_PROMISE|INVENTORY_BLOCKED,1,CORE_CANDIDATE,"margin 45.8% (price 79.99, cost 43.37); stock us=87 eu=0 cn=0 effective=87; variant payload us=0 total=0; description 277 chars, quality_score=n/a; 14 gallery images + primary",no shipping window on record — conservative shipping score; differentiators: automatic; no quality/readiness score — spec confidence from copy length only; inventory sync stale or never run
62ad6909-beec-4edc-851e-f05e267f9dd4,ppokel-dog-chew-toys-aggressive-chaewers-indestructible-dog-toy-for-aggressive-62ad,Durable Dog Chew Toy – Indestructible Rubber Toy for Aggressive Chewers,active,false,dog,Dog Toys,Pet Supplies > Dog Supplies > Toys > Chew Toy,42.49,51.99,16.99,60,1878981961668263937,CJ Dropshipping,unavailable,1,0,0,0,0,0,none,false,,298,8,880,85,C,true,ppokel dog chew toys aggressive chaewersindestructible dog toy for aggressive chewertough chew toys for dogs  rubber  orange plain,none-detected,7,0,0,0,13,6,10,0,1,8,8,4,5,3,3,61,NO_REAL_STOCK|NO_US_DELIVERY_PATH|UNUSABLE_SHIPPING_PROMISE,2,LONGTAIL,"margin 60.0% (price 42.49, cost 16.99); stock us=0 eu=0 cn=0 effective=0; variant payload us=90 total=90; description 880 chars, quality_score=85; 8 gallery images + primary",column stock is 0 but CJ variant payload reports 90 US units — needs re-sync before trusting; no shipping window on record — conservative shipping score
1380aa24-94b5-4050-a218-1796e0349dc8,abcpet-dog-steps-3step-pet-stairs-15-7-incheshigh-suitable-for-high-beds-sofas-non-slip-stable-indoo,"ABCPET Dog Steps 3Step Pet Stairs 15.7 InchesHigh Suitable For High Beds & Sofas Non-Slip Stable  Indoor Use,Pickup Only",inactive,false,unknown,Dog Stairs & Steps,,1517.99,1895.99,1011.99,33.3,2062375184296304642,CJ Dropshipping,unknown,1,90,90,0,0,90,unknown,true,,2530,25,274,,C,false,,none-detected,0,0,0,0,5,15,10,3,1,2,8,7,5,3,2,61,UNUSABLE_SHIPPING_PROMISE|UNACCEPTABLE_MARGIN,1,CORE_CANDIDATE,"margin 33.3% (price 1517.99, cost 1011.99); stock us=90 eu=0 cn=0 effective=90; variant payload us=0 total=0; description 274 chars, quality_score=n/a; 25 gallery images + primary",no shipping window on record — conservative shipping score; problem signals: non-slip; no quality/readiness score — spec confidence from copy length only; inventory sync stale or never run
4df3d691-9acc-448e-9279-283e6b7e02ef,dog-agility-equipment-ramp-with-safety-bar-non-slip-surface-for-walk-and-pause-4df3,Durable Dog Training Agility Ramp – Non-Slip Surface & Safety Bar,active,true,dog,Dog Training,Pet Supplies > Dog Supplies > Training Aids > Agility Ramp,261.99,335.99,174.63,33.3,2003457000865570818,CJ Dropshipping,unknown,1,326,326,0,0,326,US,true,,14000,9,600,89,C,true,dog agility equipment ramp with safety bar nonslip surface for walk and pause training gray,none-detected,30,0,0,0,5,15,10,3,1,7,8,4,2,3,3,61,UNUSABLE_SHIPPING_PROMISE|UNACCEPTABLE_MARGIN,1,CORE_CANDIDATE,"margin 33.3% (price 261.99, cost 174.63); stock us=326 eu=0 cn=0 effective=326; variant payload us=698 total=698; description 600 chars, quality_score=89; 9 gallery images + primary",no shipping window on record — conservative shipping score; problem signals: non-slip
e63b8ada-7c96-4ed7-b699-19b724144dec,prokel-dog-rope-fetch-exercise-toyformedium-large-aggressive-chewers-e63b,Durable Dog Chew Toy – Interactive Rope for Aggressive Chewers,active,false,dog,Dog Toys,Pet Supplies > Dog Supplies > Toys > Chew Toy,42.49,54.99,16.99,60,1878733693527150594,CJ Dropshipping,unavailable,1,0,0,0,0,0,none,false,,301,11,1046,85,B1,true,prokel dog rope fetch exercise toyformedium  large aggressive chewers breeddogschew interactive toys training tug of warballsindoor and outdoor halloween dogtoyorange plain indestructible dogtoy super,none-detected,7,0,0,0,13,6,10,0,1,8,8,4,5,3,3,61,NO_REAL_STOCK|NO_US_DELIVERY_PATH|UNUSABLE_SHIPPING_PROMISE,2,LONGTAIL,"margin 60.0% (price 42.49, cost 16.99); stock us=0 eu=0 cn=0 effective=0; variant payload us=99 total=99; description 1046 chars, quality_score=85; 11 gallery images + primary",column stock is 0 but CJ variant payload reports 99 US units — needs re-sync before trusting; no shipping window on record — conservative shipping score
142bb614-8ed6-4b65-a552-d5e146a8f4a1,stainless-litter-box-with-scoop-scoop-holder,Stainless Litter Box with Scoop & Scoop Holder,inactive,false,cat,Cat Litter Boxes,Pet Supplies > Cat Supplies > Litter & Housebreaking > Cat Litter Box,91.99,119.99,52.82,42.6,1991251606027407362,CJ Dropshipping,unavailable,2,0,0,0,0,0,none,false,,2820,8,4000,86,C,false,stainless litter box with scoop  scoop holder,none-detected,0,0,0,0,8,6,2,9,1,9,8,7,5,3,3,61,NO_REAL_STOCK|NO_US_DELIVERY_PATH|UNUSABLE_SHIPPING_PROMISE,2,LONGTAIL,"margin 42.6% (price 91.99, cost 52.82); stock us=0 eu=0 cn=0 effective=0; variant payload us=135 total=135; description 4000 chars, quality_score=86; 8 gallery images + primary","column stock is 0 but CJ variant payload reports 135 US units — needs re-sync before trusting; no shipping window on record — conservative shipping score; problem signals: odor, tracking, litter"
84cd536c-9651-485a-aabf-cf7c388cb744,mewoo-washable-pet-bed-for-cats-small-dogs-23x23x7-inch-round-orthopedic-bed-with-non-slip-bottom-pl,"Mewoo Washable Pet Bed For Cats & Small Dogs - 23x23x7 Inch Round Orthopedic Bed With Non-Slip Bottom, Plush Indoor Cat Bed For Kittens & Puppies, Sage Green",inactive,false,both,Dog Beds,Pet Supplies > Multi-Pet Supplies > Beds > Pet Beds,59.95,75.99,29.99,50,1914548228944998401,CJ Dropshipping,unavailable,1,0,0,0,0,0,none,false,,1140,7,983,79,C,false,mewoo washable pet bed for cats  small dogs  23x23x7 inch round orthopedic bed with nonslip bottom plush indoor cat bed for kittens  puppies sage green,none-detected,0,0,0,0,8,6,2,10,1,8,8,7,5,3,3,61,NO_REAL_STOCK|NO_US_DELIVERY_PATH|UNUSABLE_SHIPPING_PROMISE,2,LONGTAIL,"margin 50.0% (price 59.95, cost 29.99); stock us=0 eu=0 cn=0 effective=0; variant payload us=200 total=200; description 983 chars, quality_score=79; 7 gallery images + primary","column stock is 0 but CJ variant payload reports 200 US units — needs re-sync before trusting; no shipping window on record — conservative shipping score; problem signals: odor, hair, non-slip, orthopedic"
2638726f-a3b9-4801-8af1-06249106ac75,1pc-outdoor-wild-bird-feeder-squirrel-proof-chew-proof-metal-hanging-seed-2638,Squirrel-Proof Bird Feeder – Durable Metal Chew-Proof Seed Feeder,inactive,false,unknown,Bird Bowls & Feeders,Pet Supplies > Bird Supplies > Feeding Supplies > Bird Feeder,53.49,66.99,26.78,49.9,1948668720369074178,CJ Dropshipping,unknown,1,141,141,0,0,141,US,true,,564,8,1915,,C,false,1pc outdoor wild bird feeder squirrelproof chewproof metal hanging seed feeder with 4 feeding port for small songbirds,none-detected,0,0,0,0,8,15,8,0,4,4,8,4,5,3,2,61,UNUSABLE_SHIPPING_PROMISE,0,CORE_CANDIDATE,"margin 49.9% (price 53.49, cost 26.78); stock us=141 eu=0 cn=0 effective=141; variant payload us=0 total=0; description 1915 chars, quality_score=n/a; 8 gallery images + primary",no shipping window on record — conservative shipping score; differentiators: transparent; no quality/readiness score — spec confidence from copy length only; inventory sync stale or never run
622cf65a-a81d-41d8-9b80-9475d1b632ca,rolling-t-bracket-bird-training-activity-playground-with-perch,Bird Training Perch Stand – Rolling T-Bracket Playground Stand for Birds,active,true,unknown,Bird Toys,Pet Supplies > Bird Supplies > Training Supplies > Bird Perches & Stands,160.99,203.99,107.37,33.3,1856533217823051776,CJ Dropshipping,available,1,80,80,0,0,80,US,true,,6436,7,2677,,C,true,rolling tbracket bird training activity playground with perch,none-detected,14,0,0,0,5,15,10,0,1,4,8,7,5,3,3,61,UNUSABLE_SHIPPING_PROMISE|UNACCEPTABLE_MARGIN,1,CORE_CANDIDATE,"margin 33.3% (price 160.99, cost 107.37); stock us=80 eu=0 cn=0 effective=80; variant payload us=120 total=120; description 2677 chars, quality_score=n/a; 7 gallery images + primary",no shipping window on record — conservative shipping score; no quality/readiness score — spec confidence from copy length only
8756d596-9fa5-49ed-8d84-b08098a41054,laser-pointer-cat-toy-red-dot-led-light-pointer-interactive-toys-indoor-cats-dogs-long-range-5-modes,"Cat Laser Toy: USB Rechargeable, 5 Modes for Play",active,true,unknown,Cat Toys,Pet Supplies > Multi-Pet Supplies > Toy Supplies > Laser Toys,17.99,22.99,5.89,67.3,1517337652734349312,CJ Dropshipping,unknown,1,25614,3,0,25614,3,CN,true,,1,5,274,,C,true,,none-detected,22,3,0,0,13,12,10,0,1,2,6,4,5,5,3,61,UNUSABLE_SHIPPING_PROMISE,0,CORE_CANDIDATE,"margin 67.3% (price 17.99, cost 5.89); stock us=3 eu=0 cn=25614 effective=3; variant payload us=78 total=78; description 274 chars, quality_score=n/a; 5 gallery images + primary",no shipping window on record — conservative shipping score; no quality/readiness score — spec confidence from copy length only
42eddd95-6d8f-438c-a8ff-c1b320ccdd76,yegbong-pet-moisturizing-paw-balm-suitable-for-cats-and-dogs-protects-and-42ed,Dog Paw Balm – Moisturizing Paw Pad Protector for Dry & Cracked Paws,active,true,both,Dog Grooming,Pet Supplies > Multi-Pet Supplies > Grooming > Paw Balm,9.99,12.49,3.28,67.2,2022680479702831106,CJ Dropshipping,available,4,919,919,0,0,919,US,true,,120,7,515,,B1,true,,none-detected,16,0,0,0,13,15,10,0,1,2,8,4,2,3,3,61,UNUSABLE_SHIPPING_PROMISE,0,CORE_CANDIDATE,"margin 67.2% (price 9.99, cost 3.28); stock us=919 eu=0 cn=0 effective=919; variant payload us=919 total=919; description 515 chars, quality_score=n/a; 7 gallery images + primary",no shipping window on record — conservative shipping score; no quality/readiness score — spec confidence from copy length only
71f79bec-4a8b-45af-a729-1452c7d96360,large-outdoor-dog-kennel-with-rotating-adjustable-height-bowls-waterproof-uv-71f7,Dog Kennel – Outdoor Dog House with Rotating Bowls & UV-Resistant Canopy,inactive,false,dog,Dog Houses,"Pet Supplies > Dog Supplies > Kennels, Crates, & Gates > Outdoor Dog Kennel",503.99,617.99,336.08,33.3,2011980658221744129,CJ Dropshipping,unknown,1,8,8,0,0,8,US,true,,35500,10,276,85,A,false,large outdoor dog kennel with rotating  adjustable height bowls waterproof  uvresistant canopy,none-detected,0,0,0,0,5,12,8,0,4,7,8,7,5,3,2,61,UNUSABLE_SHIPPING_PROMISE|UNACCEPTABLE_MARGIN,1,CORE_CANDIDATE,"margin 33.3% (price 503.99, cost 336.08); stock us=8 eu=0 cn=0 effective=8; variant payload us=0 total=0; description 276 chars, quality_score=85; 10 gallery images + primary",no shipping window on record — conservative shipping score; differentiators: rotat; inventory sync stale or never run
7c77be17-e070-45d5-82a6-d14635693f31,pawhut-dog-car-ramp-extra-long-and-wide-non-slip-surface-folding-portable-pet-7c77,Folding Dog Ramp – Extra Long & Wide Portable Ramp for All Dogs,inactive,false,dog,Dog Toys,Pet Supplies > Dog Supplies > Furniture > Ramp,144.99,185.99,83.08,42.7,2006275568915677185,CJ Dropshipping,unavailable,1,92,97,0,0,97,US,true,,6803,11,274,,C,false,pawhut dog car ramp  extra long and wide nonslip surface folding portable pet ramp for large small  senior dogs,none-detected,0,0,0,0,8,15,8,0,4,2,8,4,5,3,4,61,UNUSABLE_SHIPPING_PROMISE,0,CORE_CANDIDATE,"margin 42.7% (price 144.99, cost 83.08); stock us=97 eu=0 cn=0 effective=97; variant payload us=0 total=0; description 274 chars, quality_score=n/a; 11 gallery images + primary",no shipping window on record — conservative shipping score; differentiators: furniture; no quality/readiness score — spec confidence from copy length only
dfa1a373-d818-40f2-9639-e1b08602c84e,dog-house-outdoor-wooden-dog-kennel-weatherproof-with-porch-openable-roof-dfa1,Outdoor Dog House – Weatherproof Wooden Kennel with Porch,active,true,dog,Dog Houses,Pet Supplies > Dog Supplies > Housing & Habitat > Dog Houses,149.99,187.49,272.23,-81.5,2022129388153098242,CJ Dropshipping,available,1,50,50,0,0,50,US,true,,,11,2650,83,C,true,,none-detected,15,0,0,0,0,15,10,0,1,9,8,7,5,4,2,61,UNUSABLE_SHIPPING_PROMISE|UNACCEPTABLE_MARGIN,1,CORE_CANDIDATE,"margin -81.5% (price 149.99, cost 272.23); stock us=50 eu=0 cn=0 effective=50; variant payload us=76 total=76; description 2650 chars, quality_score=83; 11 gallery images + primary",no shipping window on record — conservative shipping score; no weight on record — damage risk partly inferred; inventory sync stale or never run
92cece02-d43d-420d-8ecd-814c008174f8,2-in-1-dog-paw-cleaner-cup-soft-pet-dog-foot-cleaning-washer-brush-cup-portable-92ce,Portable Dog Paw Cleaner – Soft Foot Cleaning Brush for Dogs,active,false,dog,Dog Toys,Pet Supplies > Dog Supplies > Grooming > Paw Cleaners,20.49,24.99,6.85,66.6,1661977359978860544,CJ Dropshipping,unavailable,2,0,0,0,0,0,none,false,,105,14,274,92,B1,true,2 in 1 dog paw cleaner cup soft pet dog foot cleaning washer brush cup portable pet foot washer paw clean brush foot cleaning bucket pet products,none-detected,0,0,0,0,13,6,10,0,1,8,8,4,5,3,3,61,NO_REAL_STOCK|NO_US_DELIVERY_PATH|UNUSABLE_SHIPPING_PROMISE,2,ACCESSORY_CANDIDATE,"margin 66.6% (price 20.49, cost 6.85); stock us=0 eu=0 cn=0 effective=0; variant payload us=71 total=81; description 274 chars, quality_score=92; 14 gallery images + primary",column stock is 0 but CJ variant payload reports 71 US units — needs re-sync before trusting; no shipping window on record — conservative shipping score
cd0bc2e6-aeb6-42ba-a890-bd2090de44f5,23-wooden-heavy-duty-dog-food-bowls-pet-elevated-feeding-station-white," 23"" Wooden Heavy Duty Dog Food Bowls Pet Elevated Feeding Station -White",active,true,dog,Dog Food & Treats,Pet Supplies > Dog Supplies > Feeding Supplies > Elevated Food Bowl,91.49,124.99,45.86,49.9,2003457658774466562,CJ Dropshipping,unknown,1,60,60,0,0,60,US,true,,3300,9,999,,C,true,23 wooden heavy duty dog food bowls pet elevated feeding station white,none-detected,20,0,0,0,8,15,10,0,1,3,8,4,5,3,4,61,UNUSABLE_SHIPPING_PROMISE,0,CORE_CANDIDATE,"margin 49.9% (price 91.49, cost 45.86); stock us=60 eu=0 cn=0 effective=60; variant payload us=150 total=150; description 999 chars, quality_score=n/a; 9 gallery images + primary",no shipping window on record — conservative shipping score; no quality/readiness score — spec confidence from copy length only
239fadd7-8f6b-4030-ad6e-e6fe279136e3,pawhut-2-level-small-animal-cage-rabbit-hutch-with-wheels-removable-tray-239f,"Hamster Habitat – 2-Level Hutch with Wheels, Tray & Ramp",inactive,false,unknown,Hamster Cages,Pet Supplies > Small Animal Supplies > Habitats > Hutch,193.99,242.99,129.43,33.3,2008075581922119681,CJ Dropshipping,discontinued,1,43,43,0,0,43,US,true,,9500,15,438,86,C,false,pawhut 2level small animal cage rabbit hutch with wheels removable tray platform and ramp for bunny chinchillas ferret black,none-detected,0,0,0,0,5,15,8,0,4,7,8,7,2,3,2,61,UNRELIABLE_SUPPLIER|UNUSABLE_SHIPPING_PROMISE|UNACCEPTABLE_MARGIN,2,LONGTAIL,"margin 33.3% (price 193.99, cost 129.43); stock us=43 eu=0 cn=0 effective=43; variant payload us=0 total=0; description 438 chars, quality_score=86; 15 gallery images + primary",no shipping window on record — conservative shipping score; differentiators: multi-level; inventory sync stale or never run
62732903-ee38-467c-9518-33fb1b9ffc64,cactus-cat-climbing-tree-all-in-one-condo,GetPawsy Cactus Cat Climbing Tree – All-in-One Condo with Cozy Nest,inactive,false,cat,Cat Trees & Condos,Pet Supplies > Cat Supplies > Beds & Furniture > Cat Trees & Condos,79.99,109.99,44.51,44.4,2601150615061614900,CJ Dropshipping,discontinued,1,12946,0,0,12946,12946,CN,false,,7500,7,341,92,B1,false,allinone cactus cat tree with climbing frame and cozy nest,none-detected,0,0,0,0,8,5,2,3,10,8,8,7,5,3,2,61,UNRELIABLE_SUPPLIER|UNUSABLE_SHIPPING_PROMISE,1,CORE_CANDIDATE,"margin 44.4% (price 79.99, cost 44.51); stock us=0 eu=0 cn=12946 effective=12946; variant payload us=0 total=0; description 341 chars, quality_score=92; 7 gallery images + primary","no shipping window on record — conservative shipping score; problem signals: scratch; differentiators: multi-level, furniture, sisal; inventory sync stale or never run"
eb07d172-1605-46b6-a64e-bf110affbaed,dedicated-cat-bed-and-large-cat-tree-combo-for-home-use,Cat Tree Condo – Multi-Level Tower with Dedicated Bed for Cats,inactive,false,cat,Cat Trees & Condos,Pet Supplies > Cat Supplies > Cat Furniture > Cat Trees & Condos,98.99,122.99,49.69,49.8,2601100831591624400,CJ Dropshipping,discontinued,1,26650,0,0,26650,26650,CN,false,,10500,6,195,88,B1,false,dedicated cat bed and large cat tree combo for home use,none-detected,0,0,0,0,8,5,2,3,10,6,8,7,5,3,4,61,UNRELIABLE_SUPPLIER|UNUSABLE_SHIPPING_PROMISE|INSUFFICIENT_SPECS,2,LONGTAIL,"margin 49.8% (price 98.99, cost 49.69); stock us=0 eu=0 cn=26650 effective=26650; variant payload us=0 total=0; description 195 chars, quality_score=88; 6 gallery images + primary","no shipping window on record — conservative shipping score; problem signals: scratch; differentiators: multi-level, furniture, sisal"
95567958-e58b-48b5-af98-263e07ed50f7,foldable-moisture-resistant-dog-bed-with-raised-edges-pet-bed-that-is-detachable-and-washable,Foldable Moisture-Resistant Dog Bed With Raised Edges Pet Bed That Is Detachable And Washable,inactive,false,dog,Dog Beds,Pet Supplies > Dog Supplies > Beds & Furniture > Pet Beds,31.1,38.88,12.44,60,2602270605111613300,CJ Dropshipping,discontinued,1,22527,0,0,22527,22527,CN,false,,,4,735,85,C,false,,none-detected,0,0,0,0,13,5,2,0,7,8,6,7,5,4,4,61,UNRELIABLE_SUPPLIER|UNUSABLE_SHIPPING_PROMISE,1,CORE_CANDIDATE,"margin 60.0% (price 31.1, cost 12.44); stock us=0 eu=0 cn=22527 effective=22527; variant payload us=0 total=0; description 735 chars, quality_score=85; 4 gallery images + primary","no shipping window on record — conservative shipping score; differentiators: foldable, furniture; no weight on record — damage risk partly inferred"
6935ffd5-a4af-4abf-b733-a858a77339a5,31-hamster-cage-gerbil-cage-with-glass-basin-for-small-hamsters-black," 31"" Hamster Cage, Gerbil Cage with Glass Basin for Small Hamsters, Black",active,true,unknown,Hamster Cages,Pet Supplies > Small Animal Supplies > Habitats & Cages > Hamster Cage,280.99,360.99,187.65,33.2,2003470400472150017,CJ Dropshipping,unknown,1,130,130,0,0,130,US,true,,19900,9,2750,,C,true,31 hamster cage gerbil cage with glass basin for small hamsters black,none-detected,27,0,0,0,5,15,10,0,4,4,8,7,5,0,3,61,UNUSABLE_SHIPPING_PROMISE|UNACCEPTABLE_MARGIN,1,CORE_CANDIDATE,"margin 33.2% (price 280.99, cost 187.65); stock us=130 eu=0 cn=0 effective=130; variant payload us=213 total=213; description 2750 chars, quality_score=n/a; 9 gallery images + primary",no shipping window on record — conservative shipping score; differentiators: transparent; no quality/readiness score — spec confidence from copy length only
ba0ea417-9ec1-4f29-9eea-166277f6fd05,1pc-cat-toys-ball-fast-rolling-in-pouch-rechargeable-motion-activated-interactive-cat-toys-for-indoo,1Pc Cat Toys Ball Fast Rolling In Pouch Rechargeable Motion Activated Interactive Cat Toys For Indoor Cats Hide And Seek Mouse Catching Game,active,true,cat,Cat Toys,Pet Supplies > Cat Supplies > Cat Toys > Interactive Cat Toys,42.99,54.99,21.5,50,1963489959453495298,CJ Dropshipping,unknown,1,8,8,0,0,8,US,true,,297,16,857,,C,true,1pc cat toys ball fast rolling in pouch rechargeable motion activated interactive cat toys for indoor cats hide and seek mouse catching game,none-detected,30,3,0,0,8,12,10,3,1,3,8,4,5,3,4,61,UNUSABLE_SHIPPING_PROMISE,0,CORE_CANDIDATE,"margin 50.0% (price 42.99, cost 21.5); stock us=8 eu=0 cn=0 effective=8; variant payload us=22 total=22; description 857 chars, quality_score=n/a; 16 gallery images + primary",no shipping window on record — conservative shipping score; problem signals: hide; no quality/readiness score — spec confidence from copy length only
142f56ba-1326-4e3b-9d0c-0d79321f1671,dog-nail-grinder-2-speeds-quiet-usb-rechargeable-pet-nail-grinder-professional-142f,Quiet Dog Nail Grinder – 2-Speed USB Rechargeable Paw Trimmer for Dogs,active,true,dog,Dog Grooming,Pet Supplies > Dog Supplies > Grooming > Nail Grinders,71.49,86.99,35.74,50,1971153430658453506,CJ Dropshipping,unknown,1,460,460,0,0,460,US,true,,281,5,970,,B1,true,dog nail grinder 2 speeds quiet usb rechargeable pet nail grinder professional pet nail trimmer cordless paws groomingdog nail grinder 2 speeds quiet usb rechargeable pet nail grinder professional pet,none-detected,33,0,0,0,11,15,10,0,4,3,6,4,2,3,3,61,UNUSABLE_SHIPPING_PROMISE,0,CORE_CANDIDATE,"margin 50.0% (price 71.49, cost 35.74); stock us=460 eu=0 cn=0 effective=460; variant payload us=460 total=460; description 970 chars, quality_score=n/a; 5 gallery images + primary",no shipping window on record — conservative shipping score; differentiators: furniture; no quality/readiness score — spec confidence from copy length only
acb03da8-89bf-453d-87cb-b20dad60ad09,cat-litter-box-enclosure-with-tall-legs-scratching-board-dark-brown-31-5-l-x-17-7-w-x-19-7-h," Cat Litter Box Enclosure with Tall Legs, Scratching Board, Dark Brown, 31.5""L x 17.7""W x 19.7""H",active,false,cat,Cat Litter Boxes,Pet Supplies > Cat Supplies > Litter & Housebreaking > Litter Box Enclosures,185.99,228.99,123.68,33.5,2003462809670426625,CJ Dropshipping,unknown,1,0,0,0,0,0,none,false,,14500,9,1044,84,C,true,cat litter box enclosure with tall legs scratching board dark brown 315l x 177w x 197h,none-detected,0,0,0,0,5,6,2,9,4,8,8,7,5,3,4,61,NO_REAL_STOCK|NO_US_DELIVERY_PATH|UNUSABLE_SHIPPING_PROMISE|UNACCEPTABLE_MARGIN,3,RETIRE_CANDIDATE,"margin 33.5% (price 185.99, cost 123.68); stock us=0 eu=0 cn=0 effective=0; variant payload us=27 total=27; description 1044 chars, quality_score=84; 9 gallery images + primary","column stock is 0 but CJ variant payload reports 27 US units — needs re-sync before trusting; no shipping window on record — conservative shipping score; problem signals: odor, litter, scratch; differentiators: furniture"
ebf2b213-1800-42ee-99cb-4277a8ea2d57,pawhut-floor-to-ceiling-cat-tree-with-scratching-posts-hammock-perches-toy-ebf2,Cat Activity Tree – Multi-Level Floor-to-Ceiling with Hammock & Perches for Cats,active,false,cat,Cat Trees & Condos,Pet Supplies > Cat Supplies > Furniture > Cat Trees & Condos,194.99,251.99,129.68,33.5,2008723767544561665,CJ Dropshipping,unknown,1,0,0,0,0,0,unknown,false,,16500,10,3412,85,A,true,pawhut floor to ceiling cat tree with scratching posts hammock perches  toy balls white,none-detected,0,0,0,0,5,6,2,3,10,9,8,7,5,3,3,61,NO_REAL_STOCK|NO_US_DELIVERY_PATH|UNUSABLE_SHIPPING_PROMISE|UNACCEPTABLE_MARGIN,3,RETIRE_CANDIDATE,"margin 33.5% (price 194.99, cost 129.68); stock us=0 eu=0 cn=0 effective=0; variant payload us=10 total=10; description 3412 chars, quality_score=85; 10 gallery images + primary","column stock is 0 but CJ variant payload reports 10 US units — needs re-sync before trusting; no shipping window on record — conservative shipping score; problem signals: scratch; differentiators: dual, multi-level, furniture"
70b546c6-12a5-4925-ae2a-cdef76048adc,durable-sisal-rope-with-hanging-ball-toy-cat-scratching-post-indoor-space-70b5,Durable Cat Scratching Post – Sisal Rope with Hanging Ball Toy,active,false,cat,Cat Scratching Posts,Pet Supplies > Cat Supplies > Furniture > Scratching Post,71.95,92.99,35.92,50.1,1948924869394325505,CJ Dropshipping,unknown,1,0,0,0,0,0,unknown,false,,2300,14,927,92,A,true,durable sisal rope with hanging ball toy cat scratching post indoor space saving stable base promote cat claw health and fun exercise,none-detected,0,0,0,0,11,6,2,3,7,9,8,4,5,3,3,61,NO_REAL_STOCK|NO_US_DELIVERY_PATH|UNUSABLE_SHIPPING_PROMISE,2,LONGTAIL,"margin 50.1% (price 71.95, cost 35.92); stock us=0 eu=0 cn=0 effective=0; variant payload us=100 total=100; description 927 chars, quality_score=92; 14 gallery images + primary","column stock is 0 but CJ variant payload reports 100 US units — needs re-sync before trusting; no shipping window on record — conservative shipping score; problem signals: scratch; differentiators: furniture, sisal"
a85d2b8f-1b2a-4ff2-8c92-c2eaf359e3ab,cat-tree-for-indoor-cats-with-hammock-cat-tower-green," Cat Tree for Indoor Cats with Hammock, Cat Tower, Green",active,false,cat,Cat Trees & Condos,Pet Supplies > Cat Supplies > Cat Furniture > Cat Trees,136.99,177.99,78.23,42.9,2003461097618448385,CJ Dropshipping,unknown,1,0,0,0,0,0,none,false,,8650,9,998,,C,true,cat tree for indoor cats with hammock cat tower green,none-detected,0,0,0,0,8,6,2,6,10,3,8,7,5,3,3,61,NO_REAL_STOCK|NO_US_DELIVERY_PATH|UNUSABLE_SHIPPING_PROMISE,2,LONGTAIL,"margin 42.9% (price 136.99, cost 78.23); stock us=0 eu=0 cn=0 effective=0; variant payload us=29 total=29; description 998 chars, quality_score=n/a; 9 gallery images + primary","column stock is 0 but CJ variant payload reports 29 US units — needs re-sync before trusting; no shipping window on record — conservative shipping score; problem signals: scratch, hide; differentiators: multi-level, furniture, sisal; no quality/readiness score — spec confidence from copy length only"
c93b54f0-dc2b-40fa-a9a8-c4e07e1c751e,dog-toys-dog-toys-suitable-for-strong-chewing-durable-and-chewy-squeaking-c93b,Durable Dog Chew Toy – Squeaking Corn Cob for Strong Chewers,active,false,dog,Dog Toys,Pet Supplies > Dog Supplies > Toys > Chew Toy,43.99,53.99,17.74,59.7,1938141914745716738,CJ Dropshipping,unknown,1,0,0,0,0,0,none,false,,250,7,922,83,C,true,dog toys dog toys suitable for strong chewing durable and chewy squeaking interactive dog toys small medium and large dog and puppy teeth chewing corn cob toys,none-detected,0,0,0,0,11,6,2,6,4,8,8,4,5,3,4,61,NO_REAL_STOCK|NO_US_DELIVERY_PATH|UNUSABLE_SHIPPING_PROMISE,2,LONGTAIL,"margin 59.7% (price 43.99, cost 17.74); stock us=0 eu=0 cn=0 effective=0; variant payload us=405 total=405; description 922 chars, quality_score=83; 7 gallery images + primary","column stock is 0 but CJ variant payload reports 405 US units — needs re-sync before trusting; no shipping window on record — conservative shipping score; problem signals: anxiety, dental; differentiators: furniture"
b483e9bc-c3e6-4440-92df-d8a5162aa8a5,hooded-cat-litter-box-large-kitty-litter-pan-with-lid-scoop-leaking-sand-pedal-top-handle-light-gree," Hooded Cat Litter Box, Large Kitty Litter Pan with Lid, Scoop, Leaking Sand Pedal, Top Handle, Light Green",active,false,cat,Cat Litter Boxes,Pet Supplies > Cat Supplies > Litter Supplies > Litter Boxes,105.99,132.99,68.27,35.6,2003462309364215810,CJ Dropshipping,unknown,1,0,0,0,0,0,none,false,,3600,17,876,82,C,true,hooded cat litter box large kitty litter pan with lid scoop leaking sand pedal top handle light green,none-detected,0,0,1,118.99,5,6,2,9,4,8,8,7,5,3,4,61,NO_REAL_STOCK|NO_US_DELIVERY_PATH|UNUSABLE_SHIPPING_PROMISE,2,LONGTAIL,"margin 35.6% (price 105.99, cost 68.27); stock us=0 eu=0 cn=0 effective=0; variant payload us=38 total=38; description 876 chars, quality_score=82; 17 gallery images + primary","column stock is 0 but CJ variant payload reports 38 US units — needs re-sync before trusting; no shipping window on record — conservative shipping score; problem signals: odor, tracking, litter; differentiators: enclosed"
c44d2145-2552-4a1d-81ef-36e260065638,cat-litter-box-toilet-with-lid,Cat Litter Box Toilet with Lid,active,false,cat,Cat Litter Boxes,Pet Supplies > Cat Supplies > Litter & Waste > Litter Boxes,119.99,148.99,68.78,42.7,1991251034050846722,CJ Dropshipping,unknown,1,0,0,0,0,0,none,false,,4350,9,1071,,A,true,cat litter box toilet with lid,none-detected,0,0,0,0,8,6,2,10,4,3,8,7,5,3,4,60,NO_REAL_STOCK|NO_US_DELIVERY_PATH|UNUSABLE_SHIPPING_PROMISE,2,LONGTAIL,"margin 42.7% (price 119.99, cost 68.78); stock us=0 eu=0 cn=0 effective=0; variant payload us=24 total=24; description 1071 chars, quality_score=n/a; 9 gallery images + primary","column stock is 0 but CJ variant payload reports 24 US units — needs re-sync before trusting; no shipping window on record — conservative shipping score; problem signals: odor, smell, tracking, litter; differentiators: enclosed; no quality/readiness score — spec confidence from copy length only"
7e163cf4-5097-44d2-82de-f6ce8475d4eb,small-rabbit-hutch-bunny-cage-guinea-pig-cage-duck-house-dog-house-with-7e16,"Outdoor Rabbit Hutch – Bunny Enclosure with Openable, Waterproof Roof",active,true,unknown,Rabbit Cages,Pet Supplies > Small Animal Supplies > Housing & Habitat > Cages & Hutches,127.99,161.99,73.12,42.9,2003364802270769153,CJ Dropshipping,unknown,1,117,117,0,0,117,US,true,,6040,11,899,,C,true,small rabbit hutch bunny cage guinea pig cage duck house dog house with openable  waterproof roof,none-detected,15,0,0,0,8,15,10,3,1,3,8,4,2,3,3,60,UNUSABLE_SHIPPING_PROMISE,0,CORE_CANDIDATE,"margin 42.9% (price 127.99, cost 73.12); stock us=117 eu=0 cn=0 effective=117; variant payload us=137 total=137; description 899 chars, quality_score=n/a; 11 gallery images + primary",no shipping window on record — conservative shipping score; problem signals: waterproof; no quality/readiness score — spec confidence from copy length only
d7fac2b4-32e5-446a-9b24-c8e0c61ff9f1,small-animal-playpen-with-with-roof-for-rabbits-chicken-chinchillas-for-indoor-d7fa,Small Animal Playpen – Indoor Outdoor Enclosure with Roof for Rabbits & Chinchillas,inactive,false,unknown,Hamster Wheels,Pet Supplies > Small Animal Supplies > Enclosures > Playpen,139.99,181.99,80.27,42.7,2014980370762600450,CJ Dropshipping,discontinued,1,118,118,0,0,118,US,true,,7500,11,969,,C,false,small animal playpen with with roof for rabbits chicken chinchillas for indoor outdoor use green,none-detected,0,0,0,0,8,15,8,0,1,3,8,7,5,3,2,60,UNRELIABLE_SUPPLIER|UNUSABLE_SHIPPING_PROMISE,1,CORE_CANDIDATE,"margin 42.7% (price 139.99, cost 80.27); stock us=118 eu=0 cn=0 effective=118; variant payload us=0 total=0; description 969 chars, quality_score=n/a; 11 gallery images + primary",no shipping window on record — conservative shipping score; no quality/readiness score — spec confidence from copy length only; inventory sync stale or never run
f4a58135-9aae-4c2b-93f8-7e9a48225084,large-chicken-coop-with-nesting-box-water-resistant-and-anti-uv-cover-for-8-12-f4a5,Large Chicken Nesting Box – Water-Resistant UV Cover for Chickens,inactive,false,unknown,Bird Houses,Pet Supplies > Bird Supplies > Habitats > Chicken Nesting Box,935.99,1194.99,624.27,33.3,2015610035676831745,CJ Dropshipping,unknown,1,50,50,0,0,50,US,true,,50800,6,532,86,B1,false,large chicken coop with nesting box waterresistant and antiuv cover for 812 chickens gray,none-detected,0,0,0,0,5,15,10,0,1,7,8,7,2,3,2,60,UNUSABLE_SHIPPING_PROMISE|UNACCEPTABLE_MARGIN,1,CORE_CANDIDATE,"margin 33.3% (price 935.99, cost 624.27); stock us=50 eu=0 cn=0 effective=50; variant payload us=0 total=0; description 532 chars, quality_score=86; 6 gallery images + primary",no shipping window on record — conservative shipping score; inventory sync stale or never run
0144b62a-d4c1-4a6c-9668-92965642aa60,wire-hamster-cage-habitat-22-8in-pet-rodent-gerbil-mice-small-animal-house,Wire Hamster Cage Habitat 22.8in Pet Rodent Gerbil Mice Small Animal House,active,true,unknown,Hamster Cages,Pet Supplies > Small Animal Supplies > Cages & Habitats > Hamster Cages,174.99,219.99,116.82,33.2,1993038687732789249,CJ Dropshipping,unknown,1,415,415,0,0,415,US,true,,13100,6,1020,,C,true,wire hamster cage habitat 228in pet rodent gerbil mice small animal house,none-detected,28,0,0,0,5,15,10,0,1,3,8,7,5,3,3,60,UNUSABLE_SHIPPING_PROMISE|UNACCEPTABLE_MARGIN,1,CORE_CANDIDATE,"margin 33.2% (price 174.99, cost 116.82); stock us=415 eu=0 cn=0 effective=415; variant payload us=767 total=767; description 1020 chars, quality_score=n/a; 6 gallery images + primary",no shipping window on record — conservative shipping score; no quality/readiness score — spec confidence from copy length only
f26d4ac4-ce67-4a5d-8132-651d323714a7,dog-beds-for-small-dogs-round-plush-cat-litter-kennel-pet-nest-mat-puppy-beds,Plush Dog Bed – Round Cozy Nest Mat for Small Dogs & Puppies,inactive,false,both,Dog Beds,Pet Supplies > Multi-Pet Supplies > Beds & Furniture > Pet Beds,25.99,31.99,8.72,66.4,C6DE90E8-E78A-4688-8CD1-2525F687A9B2,CJ Dropshipping,discontinued,1,7280005,0,0,7280005,7280005,CN,false,,287,44,897,89,B1,false,dog beds for small dogs round plush cat litter kennel pet nest mat puppy beds,none-detected,0,0,0,0,13,5,2,3,4,8,8,7,5,3,2,60,UNRELIABLE_SUPPLIER|UNUSABLE_SHIPPING_PROMISE,1,CORE_CANDIDATE,"margin 66.4% (price 25.99, cost 8.72); stock us=0 eu=0 cn=7280005 effective=7280005; variant payload us=0 total=0; description 897 chars, quality_score=89; 44 gallery images + primary",no shipping window on record — conservative shipping score; problem signals: litter; differentiators: furniture; inventory sync stale or never run
74259a91-2759-4ae6-9dae-1c1423ec99f7,flower-cat-tree-no-shipments-on-weekends,GetPawsy Flower Cat Tree – Multi-Level Scratching Tower with Condos,inactive,false,cat,Cat Trees & Condos,Pet Supplies > Cat Supplies > Furniture > Cat Trees & Condos,604.99,747.99,403.5,33.3,2013831601254580226,CJ Dropshipping,unknown,1,0,0,0,0,0,none,false,,1000,6,319,87,A,false,flower cat treeno shipments on weekends,none-detected,0,0,0,0,5,0,10,3,10,7,8,7,5,3,2,60,NO_REAL_STOCK|NO_US_DELIVERY_PATH|UNUSABLE_SHIPPING_PROMISE|UNACCEPTABLE_MARGIN,3,RETIRE_CANDIDATE,"margin 33.3% (price 604.99, cost 403.5); stock us=0 eu=0 cn=0 effective=0; variant payload us=0 total=0; description 319 chars, quality_score=87; 6 gallery images + primary","no shipping window on record — conservative shipping score; problem signals: scratch; differentiators: multi-level, furniture, sisal; inventory sync stale or never run"
93359f8a-bd1f-44b8-b9b1-ebf624b4b34b,ultrasonic-dog-bark-deterrent-anti-barking-device-dog-barking-control-devices-9335,Ultrasonic Dog Training Collar – 3-Mode Anti-Barking Deterrent for Dogs,inactive,false,dog,Dog Collars & Leashes,Pet Supplies > Dog Supplies > Training & Behavior Aids > Training Collar,44.49,57.99,17.85,59.9,1947209025433788418,CJ Dropshipping,unavailable,1,0,0,0,0,0,none,false,,162,8,2134,84,A,false,ultrasonic dog bark deterrent anti barking device dog barking control devices with 3 modes stop barking neighbors dog 50ft range indoor  outdoor safe  effective for small medium  large dogs,none-detected,0,0,0,0,11,6,2,3,4,9,8,7,5,3,2,60,NO_REAL_STOCK|NO_US_DELIVERY_PATH|UNUSABLE_SHIPPING_PROMISE,2,LONGTAIL,"margin 59.9% (price 44.49, cost 17.85); stock us=0 eu=0 cn=0 effective=0; variant payload us=50 total=50; description 2134 chars, quality_score=84; 8 gallery images + primary",column stock is 0 but CJ variant payload reports 50 US units — needs re-sync before trusting; no shipping window on record — conservative shipping score; problem signals: smell; differentiators: automatic; inventory sync stale or never run
35897cdd-0a73-45e6-aa8f-901dba111d17,mewoo-cat-scratching-post-with-bed-small-cat-tower-with-sisal-scratcher-removable-perch-ball-track-t,"Mewoo Cat Scratching Post With Bed - Small Cat Tower With Sisal Scratcher, Removable Perch & Ball Track Toys For Indoor Cats Brown, Medium",inactive,false,cat,Cat Trees & Condos,Pet Supplies > Cat Supplies > Furniture > Cat Trees & Condos,83.95,105.99,41.98,50,1917051230543650818,CJ Dropshipping,unavailable,1,0,0,0,0,0,none,false,,3050,8,915,78,C,false,mewoo cat scratching post with bed  small cat tower with sisal scratcher removable perch  ball track toys for indoor cats brown medium,none-detected,0,0,0,0,8,6,2,3,7,8,8,7,5,3,3,60,NO_REAL_STOCK|NO_US_DELIVERY_PATH|UNUSABLE_SHIPPING_PROMISE,2,LONGTAIL,"margin 50.0% (price 83.95, cost 41.98); stock us=0 eu=0 cn=0 effective=0; variant payload us=100 total=100; description 915 chars, quality_score=78; 8 gallery images + primary","column stock is 0 but CJ variant payload reports 100 US units — needs re-sync before trusting; no shipping window on record — conservative shipping score; problem signals: scratch; differentiators: furniture, sisal"
57cb51a5-c9d0-4123-be98-b830cda6b6fa,mewoo-cat-scratching-post-bed-2-in-1-small-cat-tower-with-sisal-scratcher-and-ball-track-toys-green-,"Mewoo Cat Scratching Post & Bed - 2-in-1 Small Cat Tower With Sisal Scratcher And Ball Track Toys Green, Medium",inactive,false,cat,Cat Trees & Condos,Pet Supplies > Cat Supplies > Furniture > Cat Trees & Condos,81.95,104.99,40.99,50,1916694692399149058,CJ Dropshipping,unavailable,1,0,0,0,0,0,none,false,,3970,8,911,83,C,false,mewoo cat scratching post  bed  2in1 small cat tower with sisal scratcher and ball track toys green medium,none-detected,0,0,0,0,8,6,2,3,7,8,8,7,5,3,3,60,NO_REAL_STOCK|NO_US_DELIVERY_PATH|UNUSABLE_SHIPPING_PROMISE,2,LONGTAIL,"margin 50.0% (price 81.95, cost 40.99); stock us=0 eu=0 cn=0 effective=0; variant payload us=100 total=100; description 911 chars, quality_score=83; 8 gallery images + primary","column stock is 0 but CJ variant payload reports 100 US units — needs re-sync before trusting; no shipping window on record — conservative shipping score; problem signals: scratch; differentiators: furniture, sisal"
29bc69c4-0e50-4bf1-b0b7-4f73fd4408dc,portable-automatic-circulating-cat-water-fountain,Automatic Cat Water Fountain – Portable Circulating Drinking Fountain for Cats,inactive,false,cat,Cat Bowls & Feeders,Pet Supplies > Cat Supplies > Feeding Supplies > Water Fountains,24.99,32.99,10.04,59.8,2601140643041631800,CJ Dropshipping,discontinued,1,20551,0,0,20551,20551,CN,false,,400,5,1220,88,A,false,portable automatic circulating cat water fountain,none-detected,0,0,0,0,11,5,2,6,4,9,6,7,5,3,2,60,UNRELIABLE_SUPPLIER|UNUSABLE_SHIPPING_PROMISE,1,CORE_CANDIDATE,"margin 59.8% (price 24.99, cost 10.04); stock us=0 eu=0 cn=20551 effective=20551; variant payload us=0 total=0; description 1220 chars, quality_score=88; 5 gallery images + primary","no shipping window on record — conservative shipping score; problem signals: odor, hair; differentiators: automatic; inventory sync stale or never run"
891414a9-111e-4432-8807-79e63d894953,23-wooden-heavy-duty-dog-food-bowls-pet-elevated-feeding-station-black," 23"" Wooden Heavy Duty Dog Food Bowls Pet Elevated Feeding Station -Black",inactive,false,dog,Dog Food & Treats,,95.99,124.99,48.03,50,2003457623269683201,CJ Dropshipping,unknown,1,216,216,0,0,216,US,true,,4300,8,982,,C,false,23 wooden heavy duty dog food bowls pet elevated feeding station black,confirmed,0,0,0,0,8,15,8,3,0,3,8,4,5,3,3,60,UNUSABLE_SHIPPING_PROMISE|DUPLICATE,1,CORE_CANDIDATE,"margin 50.0% (price 95.99, cost 48.03); stock us=216 eu=0 cn=0 effective=216; variant payload us=135 total=135; description 982 chars, quality_score=n/a; 8 gallery images + primary",no shipping window on record — conservative shipping score; problem signals: joint; no quality/readiness score — spec confidence from copy length only
ae516f5b-54b9-432e-adf3-4c771ca81153,waithem-wifi-automatic-pet-feeder-waterer-2-in-1-set-app-controlled-2-week-capacity-detachable-washa,Feeder & Waterer Set: App Control for 2-Week Capacity,active,true,unknown,Pet Feeding Tools,Pet Supplies > Multi-Pet Supplies > Feeding Supplies > Automatic Feeders,153.99,189.99,102.68,33.3,2065624025013186561,CJ Dropshipping,unknown,1,150,150,0,0,150,US,true,,4300,17,277,,C,true,,none-detected,38,2,0,0,5,15,10,0,4,2,8,4,5,3,4,60,UNUSABLE_SHIPPING_PROMISE|UNACCEPTABLE_MARGIN,1,CORE_CANDIDATE,"margin 33.3% (price 153.99, cost 102.68); stock us=150 eu=0 cn=0 effective=150; variant payload us=150 total=150; description 277 chars, quality_score=n/a; 17 gallery images + primary",no shipping window on record — conservative shipping score; differentiators: automatic; no quality/readiness score — spec confidence from copy length only
fd569fb2-9889-49fe-a22e-a782a57fbea2,pawhut-metal-small-animal-cage-rolling-big-ferret-cage-chinchilla-cage-sugar-glider-cage-with-hammoc,"Ferret Cage with Hammock, Four Tiers, and Rolling Base",active,true,unknown,Hamster Cages,Pet Supplies > Small Animal Supplies > Housing & Habitat > Cages & Hutches,186.99,229.99,124.83,33.2,2004026159081107458,CJ Dropshipping,unknown,1,360,360,0,0,360,US,true,,13200,11,747,,C,true,pawhut metal small animal cage rolling big ferret cage chinchilla cage sugar glider cage with hammock  4 tiers removable tray gray,none-detected,21,0,0,0,5,15,10,0,1,3,8,7,5,3,3,60,UNUSABLE_SHIPPING_PROMISE|UNACCEPTABLE_MARGIN,1,CORE_CANDIDATE,"margin 33.2% (price 186.99, cost 124.83); stock us=360 eu=0 cn=0 effective=360; variant payload us=303 total=303; description 747 chars, quality_score=n/a; 11 gallery images + primary",no shipping window on record — conservative shipping score; no quality/readiness score — spec confidence from copy length only
14462773-8637-4a6c-9ef5-2794be8b12c2,1pc-usb-rechargeable-led-dog-collar-multi-color-lighting-dog-safety-collar-cuttable-length-glow-dog-,1Pc USB Rechargeable LED Dog Collar Multi Color Lighting Dog Safety Collar Cuttable Length Glow Dog Collar For Small Medium Large Dog Night Walking,active,true,dog,Dog Collars & Leashes,Pet Supplies > Dog Supplies > Collars & Leashes > Light Up Dog Collars,28.99,37.99,11.69,59.7,1965595461183115266,CJ Dropshipping,available,2,0,3,0,0,3,US,true,,62,8,1022,,C,true,1pc usb rechargeable led dog collar multi color lighting dog safety collar cuttable length glow dog collar for small medium large dog night walking,none-detected,18,0,0,0,11,12,10,0,1,3,8,4,5,3,3,60,UNUSABLE_SHIPPING_PROMISE,0,CORE_CANDIDATE,"margin 59.7% (price 28.99, cost 11.69); stock us=3 eu=0 cn=0 effective=3; variant payload us=6 total=6; description 1022 chars, quality_score=n/a; 8 gallery images + primary",no shipping window on record — conservative shipping score; no quality/readiness score — spec confidence from copy length only
74e1c872-299e-4b89-be4a-affd9c9989d8,arge-bird-cage-with-width-for-wingspan,Large Bird Cage – Spacious Avian Habitat for Birds,active,true,unknown,Bird Cages,Pet Supplies > Bird Supplies > Housing Supplies > Cages,234.99,301.99,156.48,33.4,2000449925983141890,CJ Dropshipping,unavailable,1,119,119,0,0,119,US,true,,14000,11,4000,,C,true,arge bird cage with  width for wingspan,none-detected,41,0,0,0,5,15,10,0,1,4,8,7,5,3,2,60,UNUSABLE_SHIPPING_PROMISE|UNACCEPTABLE_MARGIN,1,CORE_CANDIDATE,"margin 33.4% (price 234.99, cost 156.48); stock us=119 eu=0 cn=0 effective=119; variant payload us=22 total=22; description 4000 chars, quality_score=n/a; 11 gallery images + primary",no shipping window on record — conservative shipping score; no quality/readiness score — spec confidence from copy length only; inventory sync stale or never run
72ad0833-ef67-4962-80b5-f30e2bc6f231,extra-large-wooden-hamster-cage-with-opening-roof-hut-ramps-gray," Extra Large Wooden Hamster Cage with Opening Roof, Hut, Ramps, Gray",active,true,unknown,Hamster Cages,,260.99,328.99,174.18,33.3,2003471153554563074,CJ Dropshipping,unknown,1,62,62,0,0,62,US,true,,17800,9,984,,C,true,extra large wooden hamster cage with opening roof hut ramps gray,none-detected,26,0,0,0,5,15,10,0,4,3,8,4,5,3,3,60,UNUSABLE_SHIPPING_PROMISE|UNACCEPTABLE_MARGIN,1,CORE_CANDIDATE,"margin 33.3% (price 260.99, cost 174.18); stock us=62 eu=0 cn=0 effective=62; variant payload us=86 total=86; description 984 chars, quality_score=n/a; 9 gallery images + primary",no shipping window on record — conservative shipping score; differentiators: multi-level; no quality/readiness score — spec confidence from copy length only
297e127f-d758-442b-924f-17993fab7304,wire-hamster-cage-habitat-29-5in-pet-rodent-gerbil-mice-small-animal-house,Wire Hamster Cage Habitat 29.5in Pet Rodent Gerbil Mice Small Animal House,active,true,unknown,Hamster Cages,Pet Supplies > Small Animal Supplies > Cages & Habitats > Hamster Cages,217.99,274.99,145.38,33.3,1993038725431193602,CJ Dropshipping,unknown,1,614,614,0,0,614,US,true,,17650,6,1020,,C,true,wire hamster cage habitat 295in pet rodent gerbil mice small animal house,none-detected,17,0,0,0,5,15,10,0,1,3,8,7,5,3,3,60,UNUSABLE_SHIPPING_PROMISE|UNACCEPTABLE_MARGIN,1,CORE_CANDIDATE,"margin 33.3% (price 217.99, cost 145.38); stock us=614 eu=0 cn=0 effective=614; variant payload us=673 total=673; description 1020 chars, quality_score=n/a; 6 gallery images + primary",no shipping window on record — conservative shipping score; no quality/readiness score — spec confidence from copy length only
56030d3f-fe35-406e-a6b2-cae3157118a6,44-multi-level-cat-tree-with-spacious-top-perch-2-door-condo-hammock-for-indoor-5603,Cat Tree – Multi-Level 44-Inch Condo with Spacious Perch & Hammock for Cats,inactive,false,cat,Cat Trees & Condos,Pet Supplies > Cat Supplies > Cat Furniture > Cat Trees & Condos,128.99,154.99,73.55,43,2013827430745747457,CJ Dropshipping,unknown,1,230,230,0,0,230,US,true,,1000,6,62,,C,false,44 multilevel cat tree with spacious top perch 2door condo  hammock for indoor cats beige,confirmed,0,0,0,0,8,15,8,0,6,0,8,7,2,3,3,60,UNUSABLE_SHIPPING_PROMISE|INSUFFICIENT_SPECS|DUPLICATE,2,LONGTAIL,"margin 43.0% (price 128.99, cost 73.55); stock us=230 eu=0 cn=0 effective=230; variant payload us=229 total=229; description 62 chars, quality_score=n/a; 6 gallery images + primary","no shipping window on record — conservative shipping score; differentiators: multi-level, furniture; no quality/readiness score — spec confidence from copy length only"
ba843a58-e6a5-4bee-b9c8-3dc4b12331af,only-self-pickup-all-stainless-steel-cat-litter-box-k1,Only Self Pickup---All-stainless Steel Cat Litter Box - K1,inactive,false,unknown,Pet Furniture Tools,,79.99,115.99,44.89,43.9,2062461493402071042,CJ Dropshipping,unknown,1,0,0,0,0,0,none,false,,5300,11,277,,C,false,,none-detected,0,0,0,0,8,6,10,3,4,2,8,7,5,3,4,60,NO_REAL_STOCK|NO_US_DELIVERY_PATH|UNUSABLE_SHIPPING_PROMISE|INVENTORY_BLOCKED,3,RETIRE_CANDIDATE,"margin 43.9% (price 79.99, cost 44.89); stock us=0 eu=0 cn=0 effective=0; variant payload us=7 total=7; description 277 chars, quality_score=n/a; 11 gallery images + primary",column stock is 0 but CJ variant payload reports 7 US units — needs re-sync before trusting; no shipping window on record — conservative shipping score; problem signals: litter; differentiators: furniture; no quality/readiness score — spec confidence from copy length only
b9958119-bd7b-47f5-86f1-b02159309bed,dog-booster-car-seat-pet-car-seat-for-small-medium-dog-up-to-40-lbs-black,Elevated Dog Car Seat – Booster Pet Carrier for Small to Medium Dogs,inactive,false,dog,Dog Carriers,Pet Supplies > Dog Supplies > Carriers & Travel > Elevated Dog Car Seat,92.99,113.99,46.7,49.8,1992942621980139522,CJ Dropshipping,discontinued,1,25,25,0,0,25,unknown,true,,1950,5,1053,86,C,false,dog booster car seat pet car seat for small medium dog up to 40 lbs black,none-detected,0,0,0,0,8,15,8,0,1,8,6,4,5,3,2,60,UNRELIABLE_SUPPLIER|UNUSABLE_SHIPPING_PROMISE,1,CORE_CANDIDATE,"margin 49.8% (price 92.99, cost 46.7); stock us=25 eu=0 cn=0 effective=25; variant payload us=0 total=0; description 1053 chars, quality_score=86; 5 gallery images + primary",no shipping window on record — conservative shipping score; inventory sync stale or never run
dc7a200f-21ac-444a-9d38-3009792bd089,plush-dog-bed-sofa-pet-mat-for-warmth-in-fall-and-winter,Plush Dog Bed Sofa Mat – Warm Pet Bed for Fall & Winter,inactive,false,dog,Dog Beds,Pet Supplies > Dog Supplies > Beds & Furniture > Dog Beds,27.99,33.99,11.3,59.6,2601150140231624000,CJ Dropshipping,discontinued,1,27888,0,0,27888,27888,CN,false,,350,9,883,85,B1,false,plush dog bed sofa pet mat for warmth in fall and winter,none-detected,0,0,0,0,11,5,2,3,4,8,8,7,5,3,4,60,UNRELIABLE_SUPPLIER|UNUSABLE_SHIPPING_PROMISE,1,CORE_CANDIDATE,"margin 59.6% (price 27.99, cost 11.3); stock us=0 eu=0 cn=27888 effective=27888; variant payload us=0 total=0; description 883 chars, quality_score=85; 9 gallery images + primary",no shipping window on record — conservative shipping score; problem signals: joint; differentiators: furniture
8bfb0ebe-fd37-4f9b-9048-cb344164bbe9,foldable-dog-cage-portable-travel-dog-cage-with-three-door-mesh-windows-30in-grey,"Foldable Dog Cage, Portable Travel Dog Cage With Three-door Mesh Windows--30IN.grey",active,true,dog,Dog Toys,Pet Supplies > Dog Supplies > Carriers > Cages,100.99,122.99,57.43,43.1,2011378240261472258,CJ Dropshipping,available,1,0,30,0,0,30,US,true,,4799,2,274,,C,true,foldable dog cage portable travel dog cage with threedoor mesh windows30ingrey,none-detected,14,0,0,0,8,15,8,0,4,2,4,7,5,3,4,60,UNUSABLE_SHIPPING_PROMISE,0,CORE_CANDIDATE,"margin 43.1% (price 100.99, cost 57.43); stock us=30 eu=0 cn=0 effective=30; variant payload us=30 total=30; description 274 chars, quality_score=n/a; 2 gallery images + primary",no shipping window on record — conservative shipping score; differentiators: foldable; no quality/readiness score — spec confidence from copy length only
9c835fa1-a200-4087-a12a-2ade09ee72e1,1pc-dog-puzzle-food-feeder-slow-feeding-bowl-interactive-toy-dog-treat-dispensing-toy-for-iq-trainin,1Pc Dog Puzzle Food Feeder Slow Feeding Bowl Interactive Toy Dog Treat Dispensing Toy For IQ Training Mental Enrichment For Small Medium Large Dog Cat,active,true,both,Dog Toys,Pet Supplies > Dog Supplies > Dog Toys > Puzzle Toys,45.99,55.99,23.15,49.7,1965609539311882242,CJ Dropshipping,unknown,2,28,28,0,0,28,US,true,,538,10,871,,C,true,1pc dog puzzle food feeder slow feeding bowl interactive toy dog treat dispensing toy for iq training mental enrichment for small medium large dog cat,none-detected,25,0,0,0,8,15,10,0,1,3,8,4,5,3,3,60,UNUSABLE_SHIPPING_PROMISE,0,CORE_CANDIDATE,"margin 49.7% (price 45.99, cost 23.15); stock us=28 eu=0 cn=0 effective=28; variant payload us=44 total=44; description 871 chars, quality_score=n/a; 10 gallery images + primary",no shipping window on record — conservative shipping score; no quality/readiness score — spec confidence from copy length only
a3b771b8-2cd2-470a-836c-a4edd84484b2,wooden-dog-agility-seesaw-for-training-and-exercise-weather-resistant-83-l-x-16-w-x-14-h-orange," Wooden Dog Agility Seesaw for Training and Exercise, Weather Resistant, 83"" L x 16"" W x 14"" H, Orange",active,true,dog,Dog Training,Pet Supplies > Dog Supplies > Training & Obedience > Agility Equipment,170.99,218.99,114.17,33.2,2003454498125049858,CJ Dropshipping,unknown,1,64,64,0,0,64,US,true,,11000,9,1001,,C,true,wooden dog agility seesaw for training and exercise weather resistant 83 l x 16 w x 14 h orange,none-detected,22,0,0,0,5,15,10,0,1,3,8,7,5,3,3,60,UNUSABLE_SHIPPING_PROMISE|UNACCEPTABLE_MARGIN,1,CORE_CANDIDATE,"margin 33.2% (price 170.99, cost 114.17); stock us=64 eu=0 cn=0 effective=64; variant payload us=160 total=160; description 1001 chars, quality_score=n/a; 9 gallery images + primary",no shipping window on record — conservative shipping score; no quality/readiness score — spec confidence from copy length only
b7820153-07c6-4f8e-a0be-be7540ee72cb,smart-laser-cat-teaser-toy-usb-charging,Smart Laser Cat Teaser Toy USB Charging,active,true,unknown,Pet Supplies > Pet Toys > Pet Training and Educational Toys,Pet Supplies > Cat Supplies > Toys > Laser Toys,33.99,43.99,13.78,59.5,1769626131092738048,CJ Dropshipping,unknown,1,10,10,0,0,10,US,true,,136,7,274,,C,true,,none-detected,68,2,0,0,11,12,10,0,1,2,8,4,5,3,4,60,UNUSABLE_SHIPPING_PROMISE,0,CORE_CANDIDATE,"margin 59.5% (price 33.99, cost 13.78); stock us=10 eu=0 cn=0 effective=10; variant payload us=10 total=10; description 274 chars, quality_score=n/a; 7 gallery images + primary",no shipping window on record — conservative shipping score; no quality/readiness score — spec confidence from copy length only
c2cc0cd8-d9d9-48dd-99ba-de72117e9204,prokel-pet-toys-cat-catnip-toys-flappingsquirrel-rechargeable-touch-activated-c2cc,Interactive Catnip Toy – Rechargeable Flapping Squirrel for Kittens,active,false,cat,Cat Toys,Pet Supplies > Cat Supplies > Cat Toys > Interactive Toys,36.95,45.99,14.79,60,1878689566212915202,CJ Dropshipping,unavailable,1,0,0,0,0,0,none,false,,141,8,1053,90,A,true,prokel pet toys cat catnip toys flappingsquirrel rechargeable touch activated kittentoys lifelike interactive cats toy indoor catkicker plush toys for all breeds universalinteractive toy cat toys,none-detected,12,0,0,0,11,6,10,0,1,8,8,4,5,3,4,60,NO_REAL_STOCK|NO_US_DELIVERY_PATH|UNUSABLE_SHIPPING_PROMISE,2,ACCESSORY_CANDIDATE,"margin 60.0% (price 36.95, cost 14.79); stock us=0 eu=0 cn=0 effective=0; variant payload us=586 total=586; description 1053 chars, quality_score=90; 8 gallery images + primary",column stock is 0 but CJ variant payload reports 586 US units — needs re-sync before trusting; no shipping window on record — conservative shipping score
7bcc5691-f68a-4c59-a51b-4cb14aee9d99,pet-corn-chew-stick-for-dogs-food-grade-silicone-teething-toy-durable-bite-7bcc,Durable Dog Chew Toy – Food Grade Silicone Corn Teething Stick for Dogs,active,true,dog,Dog Toys,Pet Supplies > Dog Supplies > Toys > Chew Toy,41.99,54.99,21.17,49.6,2001621689229033473,CJ Dropshipping,unknown,3,690,690,0,0,690,US,true,,1000,8,274,,B1,true,pet corn chew stick for dogs foodgrade silicone teething toy durable biteresistant dog chew toy for small to large breeds,none-detected,29,0,0,0,8,15,10,0,1,2,8,4,5,3,3,59,UNUSABLE_SHIPPING_PROMISE,0,LONGTAIL,"margin 49.6% (price 41.99, cost 21.17); stock us=690 eu=0 cn=0 effective=690; variant payload us=690 total=690; description 274 chars, quality_score=n/a; 8 gallery images + primary",no shipping window on record — conservative shipping score; no quality/readiness score — spec confidence from copy length only
07ad844f-3a96-4fef-b8cd-8a6309d3bee4,automatic-circulating-filter-cat-water-fountain,Automatic Cat Water Fountain – Circulating Filter Pet Drinker for Cats,active,true,cat,Cat Bowls & Feeders,Pet Supplies > Cat Supplies > Feeding Supplies > Cat Water Fountains,26.99,,12.47,53.8,2601100740171632100,CJ Dropshipping,available,1,41640,0,0,41640,41640,CN,false,,624,10,1084,88,A,true,automatic circulating filter cat water fountain,none-detected,28,0,0,0,11,5,2,6,4,8,8,4,5,3,3,59,UNUSABLE_SHIPPING_PROMISE,0,ACCESSORY_CANDIDATE,"margin 53.8% (price 26.99, cost 12.47); stock us=0 eu=0 cn=41640 effective=41640; variant payload us=0 total=0; description 1084 chars, quality_score=88; 10 gallery images + primary","no shipping window on record — conservative shipping score; problem signals: odor, hair; differentiators: automatic"
b194c6a0-7dcd-4842-93d4-14933d500a1d,wooden-bird-cage-aviary-flight-cage-with-4-perches-nest-and-slide-out-tray-for-indoor-outdoor-gray,"Wooden Bird Cage Aviary, Flight Cage With 4 Perches, Nest And Slide-Out Tray For Indoor Outdoor, Gray",active,true,unknown,pet-supplies,Pet Supplies > Bird Supplies > Habitats > Cages & Aviaries,149.99,187.49,248.99,-66,2016694830955548673,CJ Dropshipping,available,1,89,89,0,0,89,US,true,,,11,2773,,C,true,wooden bird cage aviary flight cage with 4 perches nest and slideout tray for indoor outdoor gray,none-detected,15,0,0,0,0,15,10,3,1,4,8,7,5,4,2,59,UNUSABLE_SHIPPING_PROMISE|UNACCEPTABLE_MARGIN,1,LONGTAIL,"margin -66.0% (price 149.99, cost 248.99); stock us=89 eu=0 cn=0 effective=89; variant payload us=14 total=14; description 2773 chars, quality_score=n/a; 11 gallery images + primary",no shipping window on record — conservative shipping score; problem signals: waterproof; no quality/readiness score — spec confidence from copy length only; no weight on record — damage risk partly inferred; inventory sync stale or never run
0d81c870-510a-47f7-9407-b8b7d18a7b43,pawhut-wooden-dog-ramp-with-removable-guardrails-non-slip-surface-73-long-brown,Durable Dog Ramp – Wooden Non-Slip with Removable Guardrails for Dogs,active,true,dog,Dog Toys,Pet Supplies > Dog Supplies > Ramps & Stairs > Dog Ramp,225.99,271.99,150.88,33.2,2004398039021154305,CJ Dropshipping,unknown,1,6,6,0,0,6,US,true,,12470,6,274,89,A,true,pawhut wooden dog ramp with removable guardrails nonslip surface 73 long brown,none-detected,23,0,0,0,5,12,8,3,1,7,8,4,5,3,3,59,UNUSABLE_SHIPPING_PROMISE|UNACCEPTABLE_MARGIN,1,LONGTAIL,"margin 33.2% (price 225.99, cost 150.88); stock us=6 eu=0 cn=0 effective=6; variant payload us=84 total=84; description 274 chars, quality_score=89; 6 gallery images + primary",no shipping window on record — conservative shipping score; problem signals: non-slip
8065b246-9db9-473e-8f99-da6b3b4a39ef,32-cat-litter-box-enclosure-with-scratching-mat-cat-entrance-fit-most-of-cat-and-litter-box-distress," 32"" Cat Litter Box Enclosure with Scratching Mat, Cat Entrance, Fit Most of Cat and Litter Box, Distressed White",inactive,false,cat,Cat Litter Boxes,Pet Supplies > Cat Supplies > Litter & Waste > Litter Box Enclosures,206.99,268.99,138.17,33.2,2003462770800570369,CJ Dropshipping,unavailable,1,0,0,0,0,0,none,false,,19000,8,1066,82,A,false,32 cat litter box enclosure with scratching mat cat entrance fit most of cat and litter box distressed white,none-detected,0,0,0,0,5,6,2,9,4,8,8,7,5,3,2,59,NO_REAL_STOCK|NO_US_DELIVERY_PATH|UNUSABLE_SHIPPING_PROMISE|UNACCEPTABLE_MARGIN,3,RETIRE_CANDIDATE,"margin 33.2% (price 206.99, cost 138.17); stock us=0 eu=0 cn=0 effective=0; variant payload us=32 total=32; description 1066 chars, quality_score=82; 8 gallery images + primary","column stock is 0 but CJ variant payload reports 32 US units — needs re-sync before trusting; no shipping window on record — conservative shipping score; problem signals: odor, litter, scratch; differentiators: furniture; inventory sync stale or never run"
d163f334-e959-4820-8a21-9dcb3852e1e4,cat-litter-box-enclosure-with-scratching-board-cat-washroom-end-side-table-31-5-x-19-x-20-walnut-bro," Cat Litter Box Enclosure with Scratching Board, Cat Washroom End Side Table, 31.5"" x 19"" x 20"", Walnut Brown",active,false,cat,Cat Litter Boxes,Pet Supplies > Cat Supplies > Litter & Housebreaking > Litter Box Enclosures,191.99,234.99,127.7,33.5,2003462632201035778,CJ Dropshipping,unknown,1,0,0,0,0,0,none,false,,17800,9,1053,82,C,true,cat litter box enclosure with scratching board cat washroom end side table 315 x 19 x 20 walnut brown,none-detected,2,0,0,0,5,6,2,9,4,8,8,7,5,3,2,59,NO_REAL_STOCK|NO_US_DELIVERY_PATH|UNUSABLE_SHIPPING_PROMISE|UNACCEPTABLE_MARGIN,3,RETIRE_CANDIDATE,"margin 33.5% (price 191.99, cost 127.7); stock us=0 eu=0 cn=0 effective=0; variant payload us=30 total=30; description 1053 chars, quality_score=82; 9 gallery images + primary","column stock is 0 but CJ variant payload reports 30 US units — needs re-sync before trusting; no shipping window on record — conservative shipping score; problem signals: odor, litter, scratch; differentiators: furniture; inventory sync stale or never run"
1ac09fcd-5b4f-4d2f-ac6d-7cb597234e33,duck-coop-wooden-duck-house-with-openable-roof-double-doors-natural-wood,Rabbit Hutch – Wooden Enclosure with Openable Roof & Double Doors,inactive,false,unknown,Rabbit Cages,Pet Supplies > Small Animal Supplies > Cages > Rabbit Hutch,302.99,372.99,202.08,33.3,2003470549751623682,CJ Dropshipping,unavailable,1,325,325,0,0,325,US,true,,19000,8,451,85,C,false,duck coop wooden duck house with openable roof  double doors natural wood,none-detected,0,0,0,0,5,15,8,0,4,7,8,4,2,3,3,59,UNUSABLE_SHIPPING_PROMISE|UNACCEPTABLE_MARGIN,1,LONGTAIL,"margin 33.3% (price 302.99, cost 202.08); stock us=325 eu=0 cn=0 effective=325; variant payload us=190 total=190; description 451 chars, quality_score=85; 8 gallery images + primary",no shipping window on record — conservative shipping score; differentiators: dual
856b1199-ab06-46ce-aa6a-01d0c0ac068a,cat-litter-box-enclosure-end-side-table-with-scratching-pad,Cat Litter Box Enclosure End Side Table with Scratching Pad,inactive,false,cat,Cat Litter Boxes,Pet Supplies > Cat Supplies > Litter > Litter Box Enclosures,219.99,265.99,146.98,33.2,1991251570090610689,CJ Dropshipping,unavailable,1,0,0,0,0,0,none,false,,19050,8,2274,84,C,false,cat litter box enclosure end side table with scratching pad,none-detected,0,0,0,0,5,6,2,10,1,9,8,7,5,3,3,59,NO_REAL_STOCK|NO_US_DELIVERY_PATH|UNUSABLE_SHIPPING_PROMISE|UNACCEPTABLE_MARGIN,3,RETIRE_CANDIDATE,"margin 33.2% (price 219.99, cost 146.98); stock us=0 eu=0 cn=0 effective=0; variant payload us=38 total=38; description 2274 chars, quality_score=84; 8 gallery images + primary","column stock is 0 but CJ variant payload reports 38 US units — needs re-sync before trusting; no shipping window on record — conservative shipping score; problem signals: odor, tracking, litter, scratch"
201fcdf8-b752-4410-82e5-280f0ceeb71f,interactive-toys-designed-for-medium-and-large-dogs,Interactive Toys Designed For Medium And Large Dogs,inactive,false,dog,Dog Toys,Pet Supplies > Dog Supplies > Toys > Interactive Toys,39.95,49.99,15.99,60,1879004984536616962,CJ Dropshipping,unavailable,1,0,0,0,0,0,none,false,,150,6,1027,81,C,false,interactive toys designed for medium and large dogs,none-detected,0,0,0,0,11,6,2,6,4,8,8,4,5,3,2,59,NO_REAL_STOCK|NO_US_DELIVERY_PATH|UNUSABLE_SHIPPING_PROMISE,2,ACCESSORY_CANDIDATE,"margin 60.0% (price 39.95, cost 15.99); stock us=0 eu=0 cn=0 effective=0; variant payload us=199 total=199; description 1027 chars, quality_score=81; 6 gallery images + primary","column stock is 0 but CJ variant payload reports 199 US units — needs re-sync before trusting; no shipping window on record — conservative shipping score; problem signals: anxiety, dental; differentiators: furniture; inventory sync stale or never run"
555fef95-35f1-49ee-93f2-f9fcc4e7afd0,foldable-dog-cage-portable-travel-dog-cage-with-three-door-mesh-windows-24in-grey,"Foldable Dog Cage, Portable Travel Dog Cage With Three-door Mesh Windows--24IN.grey",inactive,false,dog,Dog Houses,,97.99,121.99,49.21,49.8,2011378275049029634,CJ Dropshipping,unknown,1,629,629,0,0,629,US,true,,3788,1,989,,C,false,foldable dog cage portable travel dog cage with threedoor mesh windows24ingrey,confirmed,0,0,0,0,8,15,8,3,3,3,2,7,5,3,2,59,UNUSABLE_SHIPPING_PROMISE|DUPLICATE,1,LONGTAIL,"margin 49.8% (price 97.99, cost 49.21); stock us=629 eu=0 cn=0 effective=629; variant payload us=0 total=0; description 989 chars, quality_score=n/a; 1 gallery images + primary",no shipping window on record — conservative shipping score; problem signals: anxiety; differentiators: foldable; no quality/readiness score — spec confidence from copy length only; inventory sync stale or never run
a6104f87-f36d-43d1-b3bf-a49ccd6c692c,only-self-pickup-zwz-water-feeder,Only Self Pickup---ZWZ Water Feeder,inactive,false,unknown,Pet Drinking Tools,,45.99,59.99,18.48,59.8,2062023761393319938,CJ Dropshipping,unknown,1,16,16,0,0,16,US,true,,630,11,277,,C,false,,none-detected,0,0,0,0,11,12,10,0,1,2,8,4,5,3,3,59,UNUSABLE_SHIPPING_PROMISE|INVENTORY_BLOCKED,1,LONGTAIL,"margin 59.8% (price 45.99, cost 18.48); stock us=16 eu=0 cn=0 effective=16; variant payload us=21 total=21; description 277 chars, quality_score=n/a; 11 gallery images + primary",no shipping window on record — conservative shipping score; no quality/readiness score — spec confidence from copy length only
6949ea05-4178-4de2-bb20-2246bd3c09c1,plush-pet-dog-flying-discs-chew-toys-interactivetug-of-war-dog-toys-with-bells-6949,Durable Dog Chew Toy – Plush Flying Disc with Bells for Dogs,active,false,dog,Dog Toys,Pet Supplies > Dog Supplies > Toys > Flying Disc Toy,25.99,32.99,10.49,59.6,1879341154051182594,CJ Dropshipping,unavailable,4,0,0,0,0,0,none,false,,45,10,1059,85,B1,true,plush pet dog flying discs chew toys interactivetug of war dog toys with bells insideturntablepattern washable biteresistant pet toys fordogs,none-detected,13,0,0,0,11,6,10,0,1,8,8,4,5,3,3,59,NO_REAL_STOCK|NO_US_DELIVERY_PATH|UNUSABLE_SHIPPING_PROMISE,2,ACCESSORY_CANDIDATE,"margin 59.6% (price 25.99, cost 10.49); stock us=0 eu=0 cn=0 effective=0; variant payload us=398 total=398; description 1059 chars, quality_score=85; 10 gallery images + primary",column stock is 0 but CJ variant payload reports 398 US units — needs re-sync before trusting; no shipping window on record — conservative shipping score
287f6134-d8f6-425a-bd1d-83aae3791e57,cute-bird-design-cat-teaser-toy-simulationparrot-cat-teaser-toy-interactive-cat-287f,Interactive Cat Teaser Toy – Flying Bird Design with Catnip,active,false,unknown,Cat Toys,Pet Supplies > Cat Supplies > Cat Toys > Teaser Toys,28.95,36.99,11.49,60.3,1879086424634589186,CJ Dropshipping,unavailable,6,0,0,0,0,0,none,false,,26,11,193,87,A,true,cute bird design cat teaser toy simulationparrot cat teaser toy interactive cat teaser toypet supplies catbirdtoy catnip,none-detected,12,0,0,0,13,6,10,0,1,6,8,4,5,3,3,59,NO_REAL_STOCK|NO_US_DELIVERY_PATH|UNUSABLE_SHIPPING_PROMISE|INSUFFICIENT_SPECS,3,RETIRE_CANDIDATE,"margin 60.3% (price 28.95, cost 11.49); stock us=0 eu=0 cn=0 effective=0; variant payload us=598 total=598; description 193 chars, quality_score=87; 11 gallery images + primary",column stock is 0 but CJ variant payload reports 598 US units — needs re-sync before trusting; no shipping window on record — conservative shipping score
81c94a04-ac96-4c49-b49f-6be17203b04d,mewoo-washable-pet-bed-for-small-dogs-cats-23x23x7-inch-orthopedic-dog-bed-with-non-slip-bottom-plus,"Mewoo Washable Pet Bed For Small Dogs & Cats - 23x23x7 Inch Orthopedic Dog Bed With Non-Slip Bottom, Plush Round Bed For Puppies & Indoor Kittens, Grey",inactive,false,dog,Dog Beds,Pet Supplies > Dog Supplies > Beds > Dog Beds,59.95,71.99,29.99,50,1914527134641844225,CJ Dropshipping,unavailable,1,0,0,0,0,0,none,false,,1140,7,984,79,C,false,mewoo washable pet bed for small dogs  cats  23x23x7 inch orthopedic dog bed with nonslip bottom plush round bed for puppies  indoor kittens grey,none-detected,0,0,0,0,8,6,2,9,1,8,8,7,5,3,2,59,NO_REAL_STOCK|NO_US_DELIVERY_PATH|UNUSABLE_SHIPPING_PROMISE,2,LONGTAIL,"margin 50.0% (price 59.95, cost 29.99); stock us=0 eu=0 cn=0 effective=0; variant payload us=200 total=200; description 984 chars, quality_score=79; 7 gallery images + primary","column stock is 0 but CJ variant payload reports 200 US units — needs re-sync before trusting; no shipping window on record — conservative shipping score; problem signals: non-slip, orthopedic, joint; inventory sync stale or never run"
26e9a8ca-eed1-43c7-a0d3-e5a9bc298819,54-2-story-weatherproof-stackable-elevated-wooden-rabbit-hutch-with-enclosed-run-and-pull-out-trays," 54"" 2-Story Weatherproof Stackable Elevated Wooden Rabbit Hutch with Enclosed Run and Pull-Out Trays",inactive,false,unknown,Rabbit Cages,,311.99,390.99,208.08,33.3,2003465259402768386,CJ Dropshipping,unavailable,1,76,111,0,0,111,US,true,,20860,8,936,,C,false,54 2story weatherproof stackable elevated wooden rabbit hutch with enclosed run and pullout trays,none-detected,0,0,0,0,5,15,8,0,4,3,8,4,5,3,4,59,UNUSABLE_SHIPPING_PROMISE|UNACCEPTABLE_MARGIN,1,LONGTAIL,"margin 33.3% (price 311.99, cost 208.08); stock us=111 eu=0 cn=0 effective=111; variant payload us=0 total=0; description 936 chars, quality_score=n/a; 8 gallery images + primary",no shipping window on record — conservative shipping score; differentiators: enclosed; no quality/readiness score — spec confidence from copy length only
d3f8b8c6-5846-4d38-a39e-b89efe3dca7f,dog-puzzle-toy-adjustable-treat-dispensing-ball-food-dispenser-tough-slow-feeder-puppy-enrichment-tr,"Dog Puzzle Toy, Adjustable Treat Dispensing Ball Food Dispenser Tough Slow Feeder Puppy Enrichment Training Toy Pet Interactive Chase Toys For Small Medium Large Dogs",active,false,dog,Dog Toys,Pet Supplies > Dog Supplies > Toys > Puzzle Toy,34.95,42.99,13.99,60,2002998448340127745,CJ Dropshipping,unknown,1,0,0,0,0,0,none,false,,200,7,1529,75,C,true,dog puzzle toy adjustable treat dispensing ball food dispenser tough slow feeder puppy enrichment training toy pet interactive chase toys for small medium large dogs,none-detected,0,0,0,0,11,6,2,6,1,9,8,4,5,3,4,59,NO_REAL_STOCK|NO_US_DELIVERY_PATH|UNUSABLE_SHIPPING_PROMISE,2,ACCESSORY_CANDIDATE,"margin 60.0% (price 34.95, cost 13.99); stock us=0 eu=0 cn=0 effective=0; variant payload us=77 total=77; description 1529 chars, quality_score=75; 7 gallery images + primary","column stock is 0 but CJ variant payload reports 77 US units — needs re-sync before trusting; no shipping window on record — conservative shipping score; problem signals: anxiety, slow feeder"
01ba5e60-76bb-49db-bb9d-47cb2cccfd42,staircase-ramps-designed-for-small-dogs-and-cats-high-density-foam-curved-pet-steps-dog-steps-1,"Staircase Ramps Designed For Small Dogs And Cats, High-density Foam Curved Pet Steps, Dog Steps",inactive,false,dog,Dog Beds,,80.95,102.99,40.43,50.1,2011377833518075905,CJ Dropshipping,unknown,1,19,19,0,0,19,US,true,,2046,1,1020,,C,false,staircase ramps designed for small dogs and cats highdensity foam curved pet steps dog steps,confirmed,0,0,0,0,11,12,8,3,3,3,2,7,5,3,2,59,UNUSABLE_SHIPPING_PROMISE|DUPLICATE,1,LONGTAIL,"margin 50.1% (price 80.95, cost 40.43); stock us=19 eu=0 cn=0 effective=19; variant payload us=0 total=0; description 1020 chars, quality_score=n/a; 1 gallery images + primary",no shipping window on record — conservative shipping score; problem signals: joint; differentiators: furniture; no quality/readiness score — spec confidence from copy length only; inventory sync stale or never run
847b0884-16e1-481c-b687-26a966ec245d,pet-sofa-dog-sofa-for-small-dogs-with-storage-dark-blue," Pet Sofa Dog Sofa for Small Dogs with Storage, Dark Blue",active,true,dog,Dog Toys,,174.99,217.99,99.87,42.9,2003455352269893634,CJ Dropshipping,unknown,1,90,90,0,0,90,US,true,,8350,9,274,,C,true,pet sofa dog sofa for small dogs with storage dark blue,none-detected,30,0,0,0,8,15,10,0,1,2,8,4,5,3,3,59,UNUSABLE_SHIPPING_PROMISE,0,LONGTAIL,"margin 42.9% (price 174.99, cost 99.87); stock us=90 eu=0 cn=0 effective=90; variant payload us=224 total=224; description 274 chars, quality_score=n/a; 9 gallery images + primary",no shipping window on record — conservative shipping score; no quality/readiness score — spec confidence from copy length only
0add9511-9a72-4a79-bfe3-debe6ffef472,prokel-dog-toys-squeak-chew-toys-tough-ballfor-medium-large-extra-aggressive-0add,Durable Dog Chew Toy – Interactive Squeaky Ball for Aggressive Chewers,active,false,dog,Dog Toys,Pet Supplies > Dog Supplies > Toys > Chew Toy,39.95,50.99,15.99,60,1878726529825538049,CJ Dropshipping,unavailable,1,0,0,0,0,0,none,false,,248,8,876,85,B1,true,prokel dog toys squeak chew toys tough ballfor medium large extra aggressive chewersringdogs breed interactive enduring indestructiblesqueaky toy training fetch orange plainindestructible dogtoy squea,none-detected,15,0,0,0,11,6,10,0,1,8,8,4,5,3,3,59,NO_REAL_STOCK|NO_US_DELIVERY_PATH|UNUSABLE_SHIPPING_PROMISE,2,ACCESSORY_CANDIDATE,"margin 60.0% (price 39.95, cost 15.99); stock us=0 eu=0 cn=0 effective=0; variant payload us=199 total=199; description 876 chars, quality_score=85; 8 gallery images + primary",column stock is 0 but CJ variant payload reports 199 US units — needs re-sync before trusting; no shipping window on record — conservative shipping score
3be1e101-d58f-4762-8864-72e1c65327ee,winter-warmth-thickened-universal-pet-bed,Winter Warmth Thickened Universal Pet Bed,inactive,false,unknown,Dog Toys,Pet Supplies > Dog Supplies > Dog Beds & Furniture > Dog Beds,9.99,12.49,2.7,73,2603090240501630100,CJ Dropshipping,discontinued,1,114911,0,0,114911,114911,CN,false,,1500,7,274,83,B1,false,,none-detected,0,0,0,0,15,5,2,0,4,7,8,7,5,3,2,58,UNRELIABLE_SUPPLIER|UNUSABLE_SHIPPING_PROMISE,1,ACCESSORY_CANDIDATE,"margin 73.0% (price 9.99, cost 2.7); stock us=0 eu=0 cn=114911 effective=114911; variant payload us=0 total=0; description 274 chars, quality_score=83; 7 gallery images + primary",no shipping window on record — conservative shipping score; differentiators: furniture; inventory sync stale or never run
87f87bdf-0851-44af-9612-1c80ac6c4b81,foldable-dog-cage-portable-travel-dog-cage-with-three-door-mesh-windows-24in-black,"Foldable Dog Cage, Portable Travel Dog Cage With Three-door Mesh Windows--24IN.black",active,true,dog,Dog Toys,Pet Supplies > Dog Supplies > Carriers > Cages,79.99,121.99,49.21,38.5,2011378206023708673,CJ Dropshipping,unknown,1,79,79,0,0,79,unknown,true,,3788,2,274,,C,true,foldable dog cage portable travel dog cage with threedoor mesh windows24inblack,none-detected,13,0,0,0,5,15,10,0,4,2,4,7,5,3,3,58,UNUSABLE_SHIPPING_PROMISE,0,LONGTAIL,"margin 38.5% (price 79.99, cost 49.21); stock us=79 eu=0 cn=0 effective=79; variant payload us=188 total=188; description 274 chars, quality_score=n/a; 2 gallery images + primary",no shipping window on record — conservative shipping score; differentiators: foldable; no quality/readiness score — spec confidence from copy length only
acdfff1c-6803-41f9-a207-93ceebcd35a1,dog-sofa-couch-bed-with-washable-cushion-for-large-dogs-cats-green," Dog Sofa Couch Bed with Washable Cushion for Large Dogs, Cats, Green",active,true,dog,Dog Toys,Pet Supplies > Dog Supplies > Beds > Sofa Beds,156.99,200.99,104.72,33.3,2003455281133821954,CJ Dropshipping,unknown,1,156,156,0,0,156,US,true,,11460,9,274,,C,true,dog sofa couch bed with washable cushion for large dogs cats green,none-detected,21,0,0,0,5,15,8,0,1,2,8,7,5,3,4,58,UNUSABLE_SHIPPING_PROMISE|UNACCEPTABLE_MARGIN,1,LONGTAIL,"margin 33.3% (price 156.99, cost 104.72); stock us=156 eu=0 cn=0 effective=156; variant payload us=36 total=36; description 274 chars, quality_score=n/a; 9 gallery images + primary",no shipping window on record — conservative shipping score; no quality/readiness score — spec confidence from copy length only
0478e495-e2bf-402e-9c78-9b6c4903b3a3,small-animal-cage-with-wheels-pet-playpen-for-rat-syrian-hamster-kitten-ferrets-0478,"Hamster Habitat Cage – Multi-Level Playpen with Wheels for Hamsters, Rats & Chinchillas",inactive,false,unknown,Hamster Cages,Pet Supplies > Small Animal Supplies > Habitats > Cage,179.99,218.99,120.17,33.2,2009549764775940098,CJ Dropshipping,unknown,1,4,4,0,0,4,US,true,,13000,13,527,86,C,false,small animal cage with wheels pet playpen for rat syrian hamster kitten ferrets chinchillas with bottom storage shelf removable tray ramp,none-detected,0,0,0,0,5,12,8,0,4,7,8,7,2,3,2,58,UNUSABLE_SHIPPING_PROMISE|UNACCEPTABLE_MARGIN,1,LONGTAIL,"margin 33.2% (price 179.99, cost 120.17); stock us=4 eu=0 cn=0 effective=4; variant payload us=0 total=0; description 527 chars, quality_score=86; 13 gallery images + primary",no shipping window on record — conservative shipping score; differentiators: multi-level; inventory sync stale or never run
fe783ca2-a388-497b-9030-09b678383886,2-level-hamster-cage-with-openable-top-door-shelf-ladder-gray," 2-Level Hamster Cage with Openable Top, Door, Shelf, Ladder, Gray",inactive,false,unknown,Hamster Cages,,133.99,168.99,76.76,42.7,2003464830263795713,CJ Dropshipping,unknown,1,216,216,0,0,216,US,true,,6000,8,2275,,C,false,2level hamster cage with openable top door shelf ladder gray,none-detected,0,0,0,0,8,15,8,0,1,4,8,7,5,0,2,58,UNUSABLE_SHIPPING_PROMISE,0,LONGTAIL,"margin 42.7% (price 133.99, cost 76.76); stock us=216 eu=0 cn=0 effective=216; variant payload us=0 total=0; description 2275 chars, quality_score=n/a; 8 gallery images + primary",no shipping window on record — conservative shipping score; no quality/readiness score — spec confidence from copy length only; inventory sync stale or never run
8b4592c7-52f2-4178-86f8-f7a9d02b338c,cat-tree-with-built-in-bed-multi-function-cat-furniture-with-sisal-scratcher-interactive-toys-and-co,"Cat Tree With Built-in Bed - Multi-Function Cat Furniture With Sisal Scratcher, Interactive Toys, And Cozy Resting Spots For Cats",inactive,false,cat,Cat Trees & Condos,,87.95,107.99,50.18,42.9,1955539274326892545,CJ Dropshipping,unavailable,1,0,0,0,0,0,none,false,,4799,6,942,,C,false,cat tree with builtin bed  multifunction cat furniture with sisal scratcher interactive toys and cozy resting spots for cats,none-detected,0,0,0,0,8,6,2,6,7,3,8,7,5,3,3,58,NO_REAL_STOCK|NO_US_DELIVERY_PATH|UNUSABLE_SHIPPING_PROMISE,2,LONGTAIL,"margin 42.9% (price 87.95, cost 50.18); stock us=0 eu=0 cn=0 effective=0; variant payload us=181 total=181; description 942 chars, quality_score=n/a; 6 gallery images + primary","column stock is 0 but CJ variant payload reports 181 US units — needs re-sync before trusting; no shipping window on record — conservative shipping score; problem signals: scratch, hide; differentiators: furniture, sisal; no quality/readiness score — spec confidence from copy length only"
f72fc96d-2bcc-4f44-957e-8edd454f1517,youmile-hip-joint-health-supplement-for-dogs-120-chews-glucosamine-chondroitin-f72f,Dog Hip & Joint Supplement – Glucosamine Chondroitin MSM Chews,active,false,dog,Dog Food & Treats,Pet Supplies > Dog Supplies > Health Supplies > Hip & Joint Supplement,47.95,60.99,23.98,50,2011340078017429506,CJ Dropshipping,unavailable,4,0,0,0,0,0,none,false,,360,12,277,86,B1,true,youmile hip  joint health supplement for dogs 120 chews glucosamine chondroitin msm dog chews with hyaluronic acid liver flavored bone  joint support supplement for all breeds,none-detected,6,0,0,0,8,6,10,3,1,7,8,4,5,3,3,58,NO_REAL_STOCK|NO_US_DELIVERY_PATH|UNUSABLE_SHIPPING_PROMISE,2,LONGTAIL,"margin 50.0% (price 47.95, cost 23.98); stock us=0 eu=0 cn=0 effective=0; variant payload us=800 total=800; description 277 chars, quality_score=86; 12 gallery images + primary",column stock is 0 but CJ variant payload reports 800 US units — needs re-sync before trusting; no shipping window on record — conservative shipping score; problem signals: joint
aaba28c1-6f43-4d27-8152-8b2eae2abb3c,wooden-chicken-coop-hen-house-outdoor-with-run-nesting-box-asphalt-roof-aaba,Chicken Coop – Wooden Outdoor Hen House with Nesting Box and Run for Birds,inactive,false,unknown,Bird Houses,Pet Supplies > Bird Supplies > Bird Houses > Chicken Coop,501.99,633.99,334.62,33.3,2014938067167645697,CJ Dropshipping,unknown,1,16,16,0,0,16,US,true,,24500,11,490,86,C,false,wooden chicken coop hen house outdoor with run nesting box asphalt roof removable tray ramp poultry cage for 23 chickens green,none-detected,0,0,0,0,5,12,10,0,1,7,8,7,2,3,3,58,UNUSABLE_SHIPPING_PROMISE|UNACCEPTABLE_MARGIN,1,LONGTAIL,"margin 33.3% (price 501.99, cost 334.62); stock us=16 eu=0 cn=0 effective=16; variant payload us=21 total=21; description 490 chars, quality_score=86; 11 gallery images + primary",no shipping window on record — conservative shipping score
2c9a5bfd-b2a0-4d0b-80ac-26ea19e3bca5,transparent-and-visible-pet-feeding-and-drinking-dispenser-automatically-2c9a,Automatic Pet Food Dispenser – Visible Refilling Feeder for Cats & Dogs,inactive,false,dog,Pet Feeding Supplies,Pet Supplies > Multi-Pet Supplies > Feeding Supplies > Automatic Feeders,46.49,56.99,23.32,49.8,1985631485817171969,CJ Dropshipping,unavailable,1,0,0,0,0,0,none,false,,600,6,1062,92,B1,false,transparent and visible pet feeding and drinking dispenser automatically refilling food and water caring for every moment allowing owners to travel easily and pets to enjoy worry free eating,none-detected,0,0,0,0,8,6,2,3,7,9,8,4,5,3,3,58,NO_REAL_STOCK|NO_US_DELIVERY_PATH|UNUSABLE_SHIPPING_PROMISE,2,LONGTAIL,"margin 49.8% (price 46.49, cost 23.32); stock us=0 eu=0 cn=0 effective=0; variant payload us=100 total=100; description 1062 chars, quality_score=92; 6 gallery images + primary","column stock is 0 but CJ variant payload reports 100 US units — needs re-sync before trusting; no shipping window on record — conservative shipping score; problem signals: non-slip; differentiators: automatic, transparent"
a5ced4e6-a3a3-4c0f-9685-e14169eb328f,pawhut-wooden-rabbit-hutch-bunny-cage-with-openable-waterproof-roof-no-leak-a5ce,Waterproof Rabbit Hutch – Wooden Enclosure with Openable Roof for Rabbits,inactive,false,unknown,Rabbit Cages,Pet Supplies > Small Animal Supplies > Small Animal Habitats > Rabbit Hutches,160.99,200.99,107.53,33.2,2008022658630725634,CJ Dropshipping,unavailable,1,99,99,0,0,99,US,true,,11000,10,956,,C,false,pawhut wooden rabbit hutch bunny cage with openable waterproof roof no leak tray solid fir wood build for rabbits chickens ducks,none-detected,0,0,0,0,5,15,8,3,1,3,8,4,5,3,3,58,UNUSABLE_SHIPPING_PROMISE|UNACCEPTABLE_MARGIN,1,LONGTAIL,"margin 33.2% (price 160.99, cost 107.53); stock us=99 eu=0 cn=0 effective=99; variant payload us=2 total=2; description 956 chars, quality_score=n/a; 10 gallery images + primary",no shipping window on record — conservative shipping score; problem signals: waterproof; no quality/readiness score — spec confidence from copy length only
b77331a7-9057-4bab-af77-a9324b191655,cat-tumbler-toy-ball,Cat Tumbler Toy Ball,active,false,cat,Cat Toys,Pet Supplies > Cat Supplies > Toys > Tumbler Toy Ball,43.99,56.99,17.75,59.6,1965957748517494786,CJ Dropshipping,unknown,2,0,0,0,0,0,none,false,,150,7,1272,72,C,true,cat tumbler toy ball,none-detected,0,0,0,0,11,6,2,6,1,8,8,4,5,3,4,58,NO_REAL_STOCK|NO_US_DELIVERY_PATH|UNUSABLE_SHIPPING_PROMISE,2,LONGTAIL,"margin 59.6% (price 43.99, cost 17.75); stock us=0 eu=0 cn=0 effective=0; variant payload us=100 total=100; description 1272 chars, quality_score=72; 7 gallery images + primary","column stock is 0 but CJ variant payload reports 100 US units — needs re-sync before trusting; no shipping window on record — conservative shipping score; problem signals: scratch, anxiety"
58da603c-7168-44da-b187-54deca1ba5cf,1pc-glass-hummingbird-feeder-33oz-hand-blown-hummingbird-feeder-with-5-flower-feeding-port-perch-ant,1Pc Glass Hummingbird Feeder 33OZ Hand Blown Hummingbird Feeder With 5 Flower Feeding Port Perch Ant Moat Hanging Hook S Hook Hemp Rope Cleaning Brush For Garden Decor,active,true,unknown,Bird Bowls & Feeders,Pet Supplies > Bird Supplies > Feeding & Watering Supplies > Bird Feeders,60.49,78.99,30.35,49.8,1963472398403010562,CJ Dropshipping,available,2,100,100,0,0,100,US,true,,845,22,955,,C,true,1pc glass hummingbird feeder 33oz hand blown hummingbird feeder with 5 flower feeding port perch ant moat hanging hook s hook hemp rope cleaning brush for garden decor,none-detected,3,0,0,0,8,15,8,0,1,3,8,7,5,0,3,58,UNUSABLE_SHIPPING_PROMISE,0,LONGTAIL,"margin 49.8% (price 60.49, cost 30.35); stock us=100 eu=0 cn=0 effective=100; variant payload us=53 total=53; description 955 chars, quality_score=n/a; 22 gallery images + primary",no shipping window on record — conservative shipping score; no quality/readiness score — spec confidence from copy length only
830df9f0-9e44-42cf-a5ca-af74066ed354,durable-cat-scratcher-for-all-four-seasons,Durable Cat Scratching Post – All-Season Scratcher for Cats,inactive,false,cat,Cat Scratching Posts,Pet Supplies > Cat Supplies > Scratchers & Posts > Scratching Posts,32.99,40.99,13.23,59.9,2601130627501615000,CJ Dropshipping,discontinued,1,7567,0,0,7567,7567,CN,false,,1270,7,1002,88,A,false,durable cat scratcher for all four seasons,none-detected,0,0,0,0,11,5,2,3,4,8,8,7,5,3,2,58,UNRELIABLE_SUPPLIER|UNUSABLE_SHIPPING_PROMISE,1,ACCESSORY_CANDIDATE,"margin 59.9% (price 32.99, cost 13.23); stock us=0 eu=0 cn=7567 effective=7567; variant payload us=0 total=0; description 1002 chars, quality_score=88; 7 gallery images + primary",no shipping window on record — conservative shipping score; problem signals: scratch; differentiators: furniture; inventory sync stale or never run
9aa33c0c-e455-4477-85f3-83873360c777,3-2l-cowhorn-model-pet-water-dispenser-stainless-steel-automatic-water-fountain-9aa3,Automatic Dog Water Dispenser – 3.2L Stainless Steel Fountain for Dogs,active,false,dog,Dog Bowls & Feeders,Pet Supplies > Dog Supplies > Feeding Supplies > Dog Water Dispensers,79.95,102.99,39.99,50,1983413715134730241,CJ Dropshipping,unavailable,1,0,0,0,0,0,none,false,,735,9,277,88,A,true,32l cowhorn model pet water dispenser  stainless steel automatic water fountain with 4 replaceable filters,none-detected,0,0,0,0,8,6,10,0,4,7,8,4,5,3,3,58,NO_REAL_STOCK|NO_US_DELIVERY_PATH|UNUSABLE_SHIPPING_PROMISE,2,LONGTAIL,"margin 50.0% (price 79.95, cost 39.99); stock us=0 eu=0 cn=0 effective=0; variant payload us=144 total=144; description 277 chars, quality_score=88; 9 gallery images + primary",column stock is 0 but CJ variant payload reports 144 US units — needs re-sync before trusting; no shipping window on record — conservative shipping score; differentiators: automatic
d2482798-f8c2-4096-b568-f366365b5a2e,pet-water-fountain-304-stainless-steel-cat-water-dispenser,Cat Water Fountain – 304 Stainless Steel Automatic Dispenser for Cats,inactive,false,unknown,Cat Bowls & Feeders,Water Fountain,32.35,40.44,12.94,60,2603180718221639300,CJ Dropshipping,discontinued,1,32779,0,0,32779,32779,CN,false,,700,8,297,84,B1,false,,none-detected,0,0,0,0,13,5,2,0,4,7,8,7,5,3,4,58,UNRELIABLE_SUPPLIER|UNUSABLE_SHIPPING_PROMISE,1,ACCESSORY_CANDIDATE,"margin 60.0% (price 32.35, cost 12.94); stock us=0 eu=0 cn=32779 effective=32779; variant payload us=0 total=0; description 297 chars, quality_score=84; 8 gallery images + primary",no shipping window on record — conservative shipping score; differentiators: automatic
33c1685a-bda2-469b-9c6d-087f3034706b,wooden-tortoise-habitat-with-storage-shelf-tortoise-enclosure-with-clear-33c1,Tortoise Habitat – Wooden Reptile Enclosure with Storage & Clear Windows,active,true,unknown,Reptile Terrariums,Pet Supplies > Reptile Supplies > Habitats & Enclosures > Terrariums,173.99,219.99,116.15,33.2,2010537995652276226,CJ Dropshipping,unknown,1,19,19,0,0,19,US,true,,10000,11,3727,,C,true,wooden tortoise habitat with storage shelf tortoise enclosure with clear windows openable top lamp holder yellow,none-detected,35,0,0,0,5,12,10,0,1,4,8,7,5,3,3,58,UNUSABLE_SHIPPING_PROMISE|UNACCEPTABLE_MARGIN,1,LONGTAIL,"margin 33.2% (price 173.99, cost 116.15); stock us=19 eu=0 cn=0 effective=19; variant payload us=21 total=21; description 3727 chars, quality_score=n/a; 11 gallery images + primary",no shipping window on record — conservative shipping score; no quality/readiness score — spec confidence from copy length only
04eeba02-7eb4-4de7-8380-1cb4896d2f55,pearl-design-pet-sofa-for-medium-and-large-sized-dogs-pet-bed-with-cushion-and-solid-wood-legs-charc,Pearl Dog Sofa: Elevated Comfort for Medium to Large Breeds,active,true,dog,Dog Toys,,220.99,280.99,147.37,33.3,2003455081543671810,CJ Dropshipping,unknown,1,129,129,0,0,129,US,true,,10700,9,274,,A,true,pearl design pet sofa for medium and large sized dogs pet bed with cushion and solid wood legs charcoal gray,none-detected,25,0,0,0,5,15,10,0,1,2,8,7,5,3,2,58,UNUSABLE_SHIPPING_PROMISE|UNACCEPTABLE_MARGIN,1,LONGTAIL,"margin 33.3% (price 220.99, cost 147.37); stock us=129 eu=0 cn=0 effective=129; variant payload us=169 total=169; description 274 chars, quality_score=n/a; 9 gallery images + primary",no shipping window on record — conservative shipping score; no quality/readiness score — spec confidence from copy length only; inventory sync stale or never run
88a880ae-1616-46fc-86c7-4650429b9faf,2-tier-wooden-hamster-cage-small-animals-hutch-w-seesaw-tray," 2-Tier Wooden Hamster Cage, Small Animals Hutch, w/ Seesaw, Tray",active,true,unknown,Hamster Cages,Pet Supplies > Small Animal Supplies > Habitats & Cages > Hamster Cage,167.99,216.99,112,33.3,2003469098136563713,CJ Dropshipping,unknown,1,32,32,0,0,32,US,true,,9600,9,2651,,C,true,2tier wooden hamster cage small animals hutch w seesaw tray,none-detected,11,0,0,0,5,15,10,0,1,4,8,7,5,0,3,58,UNUSABLE_SHIPPING_PROMISE|UNACCEPTABLE_MARGIN,1,LONGTAIL,"margin 33.3% (price 167.99, cost 112); stock us=32 eu=0 cn=0 effective=32; variant payload us=150 total=150; description 2651 chars, quality_score=n/a; 9 gallery images + primary",no shipping window on record — conservative shipping score; no quality/readiness score — spec confidence from copy length only
d94e4ee5-6270-4161-9417-c214c006bb0e,led-pet-safety-halo-style-collar,LED Dog Collar – High Visibility Safety Halo Style for Dogs,active,true,dog,Dog Collars & Leashes,Pet Supplies > Dog Supplies > Collar & Leash Supplies > Collars,41.99,53.99,21.15,49.6,1893125261407649794,CJ Dropshipping,unknown,20,4600,4600,0,0,4600,US,true,,800,6,864,,B1,true,led pet safety halo style collar,none-detected,24,0,0,0,8,15,10,0,1,3,8,4,2,3,4,58,UNUSABLE_SHIPPING_PROMISE,0,LONGTAIL,"margin 49.6% (price 41.99, cost 21.15); stock us=4600 eu=0 cn=0 effective=4600; variant payload us=3158 total=3158; description 864 chars, quality_score=n/a; 6 gallery images + primary",no shipping window on record — conservative shipping score; no quality/readiness score — spec confidence from copy length only
e3dbfa41-a21d-433c-b8a7-b1b32f1167ac,41-cat-tree-for-indoor-cats-with-wooden-cat-scratching-posts-cat-condo-cat-beds-toy-balls-cream-whit," 41"" Cat Tree for Indoor Cats with Wooden Cat Scratching Posts, Cat Condo, Cat Beds & Toy Balls, Cream White",active,false,cat,Cat Trees & Condos,Pet Supplies > Cat Supplies > Furniture > Cat Tree,170.99,207.99,114.32,33.1,2003461197346414594,CJ Dropshipping,unknown,1,0,0,0,0,0,none,false,,11430,9,1244,76,C,true,41 cat tree for indoor cats with wooden cat scratching posts cat condo cat beds  toy balls cream white,none-detected,0,0,0,0,5,6,2,3,7,9,8,7,5,3,3,58,NO_REAL_STOCK|NO_US_DELIVERY_PATH|UNUSABLE_SHIPPING_PROMISE|UNACCEPTABLE_MARGIN,3,RETIRE_CANDIDATE,"margin 33.1% (price 170.99, cost 114.32); stock us=0 eu=0 cn=0 effective=0; variant payload us=111 total=111; description 1244 chars, quality_score=76; 9 gallery images + primary","column stock is 0 but CJ variant payload reports 111 US units — needs re-sync before trusting; no shipping window on record — conservative shipping score; problem signals: scratch; differentiators: multi-level, furniture"
d396f9fc-f181-4afd-854e-4e532b075433,77-flight-bird-cage-hexagon-covered-canopy-portable-aviary-with-storage," 77"" Flight Bird Cage Hexagon Covered Canopy Portable Aviary With Storage",active,true,unknown,Bird Cages,Pet Supplies > Bird Supplies > Bird Cages > Aviaries,498.99,605.99,332.95,33.3,2003458837022810114,CJ Dropshipping,available,1,193,193,0,0,193,US,true,,37640,8,1013,,C,true,77 flight bird cage hexagon covered canopy portable aviary with storage,none-detected,21,0,0,0,5,15,10,0,1,3,8,4,5,3,3,57,UNUSABLE_SHIPPING_PROMISE|UNACCEPTABLE_MARGIN,1,LONGTAIL,"margin 33.3% (price 498.99, cost 332.95); stock us=193 eu=0 cn=0 effective=193; variant payload us=82 total=82; description 1013 chars, quality_score=n/a; 8 gallery images + primary",no shipping window on record — conservative shipping score; no quality/readiness score — spec confidence from copy length only
ccc2baaa-5911-49ca-9a7c-525d2f57bf26,duck-coop-wooden-duck-house-with-openable-roof-double-doors-light-gray," Duck Coop, Wooden Duck House with Openable Roof & Double Doors, Light Gray",inactive,false,unknown,Rabbit Cages,,308.99,372.99,206.23,33.3,2003470511717675010,CJ Dropshipping,unknown,1,176,176,0,0,176,US,true,,19000,8,2350,,C,false,duck coop wooden duck house with openable roof  double doors light gray,confirmed,0,0,0,0,5,15,8,0,0,4,8,7,5,3,2,57,UNUSABLE_SHIPPING_PROMISE|UNACCEPTABLE_MARGIN|DUPLICATE,2,LONGTAIL,"margin 33.3% (price 308.99, cost 206.23); stock us=176 eu=0 cn=0 effective=176; variant payload us=0 total=0; description 2350 chars, quality_score=n/a; 8 gallery images + primary",no shipping window on record — conservative shipping score; no quality/readiness score — spec confidence from copy length only; inventory sync stale or never run
6a491f2a-3f93-4285-be2e-f93be87a8bd4,large-bird-cage-with-1-7-ft-width-for-wingspan-bird-aviary-indoor-with-multi-door-design-fit-for-a-c,Indoor Aviary for Conures with Multi-Door Design,active,true,unknown,Bird Cages,,230.99,284.99,153.88,33.4,2003459117714698242,CJ Dropshipping,available,1,210,210,0,0,210,US,true,,14000,9,978,,C,true,large bird cage with 17 ft width for wingspan bird aviary indoor with multidoor design fit for a canary finch conure 55 green,none-detected,16,0,0,0,5,15,10,0,1,3,8,4,5,3,3,57,UNUSABLE_SHIPPING_PROMISE|UNACCEPTABLE_MARGIN,1,LONGTAIL,"margin 33.4% (price 230.99, cost 153.88); stock us=210 eu=0 cn=0 effective=210; variant payload us=102 total=102; description 978 chars, quality_score=n/a; 9 gallery images + primary",no shipping window on record — conservative shipping score; no quality/readiness score — spec confidence from copy length only
6c5c4797-f99b-4850-abb9-b78eac19f8fe,large-folding-bike-trailer-for-dogs-120lb-capacity-all-terrain-pet-carrier-durable-steel-frame-for-c,Dog Carrier Trailer: Stable Hauling for Active Dogs,active,true,dog,Dog Carriers,Pet Supplies > Dog Supplies > Carrier Supplies > Bike Trailers,206.99,257.99,138.27,33.2,1915581081886912514,CJ Dropshipping,unknown,5,94,94,0,0,94,US,true,,11486,21,1014,,A,true,large folding bike trailer for dogs  120lb capacity allterrain pet carrier durable steel frame for cycling jogging camping  outdoor adventures,none-detected,27,0,0,0,5,15,10,0,1,3,8,4,5,3,3,57,UNUSABLE_SHIPPING_PROMISE|UNACCEPTABLE_MARGIN,1,LONGTAIL,"margin 33.2% (price 206.99, cost 138.27); stock us=94 eu=0 cn=0 effective=94; variant payload us=392 total=392; description 1014 chars, quality_score=n/a; 21 gallery images + primary",no shipping window on record — conservative shipping score; no quality/readiness score — spec confidence from copy length only
44d5d61b-9abf-4ee9-b38e-18c2ef569002,4-in-1-cat-steam-brush-anti-static-shedding-spray-comb-hair-removal-mist-indoor-44d5,Cat Steam Grooming Brush – 4-in-1 De-Shedding & Anti-Static Spray Comb for Cats,inactive,false,both,Cat Grooming,Pet Supplies > Cat Supplies > Grooming Supplies > Grooming Brushes,34.95,44.99,13.98,60,1947220879431790593,CJ Dropshipping,unavailable,1,0,0,0,0,0,none,false,,100,7,986,,A,false,4 in 1 cat steam brush anti static shedding spray comb hair removal mist indoor steamy grooming brush for dog water spritz defur cepillo spa steamer cloud para gatos,none-detected,0,0,0,0,13,6,2,6,4,3,8,4,5,3,3,57,NO_REAL_STOCK|NO_US_DELIVERY_PATH|UNUSABLE_SHIPPING_PROMISE,2,ACCESSORY_CANDIDATE,"margin 60.0% (price 34.95, cost 13.98); stock us=0 eu=0 cn=0 effective=0; variant payload us=68 total=68; description 986 chars, quality_score=n/a; 7 gallery images + primary","column stock is 0 but CJ variant payload reports 68 US units — needs re-sync before trusting; no shipping window on record — conservative shipping score; problem signals: hair, shed; differentiators: furniture; no quality/readiness score — spec confidence from copy length only"
14744ad7-7316-4297-8e0d-c01968b500c6,divided-breeder-bird-cage-with-rolling-stand-removable-metal-tray-storage-shelf-wood-perch-and-food-," Divided Breeder Bird Cage with Rolling Stand Removable Metal Tray, Storage Shelf, Wood Perch, and Food Container",inactive,false,unknown,Bird Cages,,268.99,346.99,179.35,33.3,2003458930606120962,CJ Dropshipping,unavailable,1,286,286,0,0,286,US,true,,19500,8,1001,,C,false,divided breeder bird cage with rolling stand removable metal tray storage shelf wood perch and food container,none-detected,0,0,0,0,5,15,8,0,1,3,8,7,5,3,2,57,UNUSABLE_SHIPPING_PROMISE|UNACCEPTABLE_MARGIN,1,LONGTAIL,"margin 33.3% (price 268.99, cost 179.35); stock us=286 eu=0 cn=0 effective=286; variant payload us=0 total=0; description 1001 chars, quality_score=n/a; 8 gallery images + primary",no shipping window on record — conservative shipping score; no quality/readiness score — spec confidence from copy length only; inventory sync stale or never run
4150c96c-b307-4c47-a413-294534ed582e,30-41-extra-wide-walk-through-dog-gate-w-cat-door-3-inch-5-5-inch-extension-kits-30-high," 30""-41"" Extra Wide Walk Through Dog Gate w/ Cat Door, 3-Inch & 5.5-Inch Extension Kits, 30"" High",inactive,false,both,Cat Toys,,126.99,152.99,72.61,42.8,2003456821272621057,CJ Dropshipping,unavailable,1,198,198,0,0,198,US,true,,6000,8,282,,C,false,3041 extra wide walk through dog gate w cat door 3inch  55inch extension kits 30 high,none-detected,0,0,0,0,8,15,8,0,1,2,8,4,5,3,3,57,UNUSABLE_SHIPPING_PROMISE,0,LONGTAIL,"margin 42.8% (price 126.99, cost 72.61); stock us=198 eu=0 cn=0 effective=198; variant payload us=88 total=88; description 282 chars, quality_score=n/a; 8 gallery images + primary",no shipping window on record — conservative shipping score; no quality/readiness score — spec confidence from copy length only
a2662320-b65d-4ae0-a08e-907d6d176f8f,snake-snuffle-toy-squeaky-dog-toys-boredom-stress-relief-game-dog-puzzle-plush-a266,Interactive Dog Puzzle Toy – Snake Snuffle Treat Dispenser for Enrichment,active,true,dog,Dog Toys,Pet Supplies > Dog Supplies > Dog Toys > Puzzle Toys,26.49,32.99,8.83,66.7,1517350979254505472,CJ Dropshipping,unknown,1,23428,0,0,23428,23428,CN,false,,101,6,982,85,C,true,snake snuffle toy squeaky dog toys boredom stress relief game dog puzzle plush toy iq training snuffle toys for dogs foraging instinct training dog chew toy treat dispenser,none-detected,24,0,0,0,13,5,2,6,1,8,8,4,5,3,2,57,UNUSABLE_SHIPPING_PROMISE,0,ACCESSORY_CANDIDATE,"margin 66.7% (price 26.49, cost 8.83); stock us=0 eu=0 cn=23428 effective=23428; variant payload us=0 total=0; description 982 chars, quality_score=85; 6 gallery images + primary","no shipping window on record — conservative shipping score; problem signals: hide, anxiety; inventory sync stale or never run"
47ce89f3-b502-44ec-a5f0-938172364cd0,wooden-mobile-rabbit-hutch-with-wheels-run-box-slide-out-tray-ramp,Mobile Rabbit Hutch – Wooden Enclosure with Wheels & Slide-Out Tray,active,true,unknown,Rabbit Cages,Pet Supplies > Small Animal Supplies > Housing Supplies > Hutches,407.99,507.99,272.05,33.3,2010904546441469954,CJ Dropshipping,unknown,1,11,11,0,0,11,US,true,,25300,14,1146,,C,true,wooden mobile rabbit hutch with wheels run box slideout tray ramp,none-detected,27,0,0,0,5,12,10,0,1,3,8,7,5,3,3,57,UNUSABLE_SHIPPING_PROMISE|UNACCEPTABLE_MARGIN,1,LONGTAIL,"margin 33.3% (price 407.99, cost 272.05); stock us=11 eu=0 cn=0 effective=11; variant payload us=28 total=28; description 1146 chars, quality_score=n/a; 14 gallery images + primary",no shipping window on record — conservative shipping score; no quality/readiness score — spec confidence from copy length only
6fcda0ab-2489-4c87-94ef-30ffe7bf7579,35-l-small-animal-cage-with-food-dish-water-bottle-hay-feeder-platform-ramp-for-chinchilla-black," 35""L Small Animal Cage with Food Dish, Water Bottle, Hay Feeder, Platform, Ramp for Chinchilla, Black",inactive,false,unknown,Hamster Cages,,127.99,157.99,72.93,43,2003467727512838146,CJ Dropshipping,unknown,1,35,35,0,0,35,US,true,,5000,8,993,,C,false,35l small animal cage with food dish water bottle hay feeder platform ramp for chinchilla black,none-detected,0,0,0,0,8,15,8,0,1,3,8,4,5,3,2,57,UNUSABLE_SHIPPING_PROMISE,0,LONGTAIL,"margin 43.0% (price 127.99, cost 72.93); stock us=35 eu=0 cn=0 effective=35; variant payload us=0 total=0; description 993 chars, quality_score=n/a; 8 gallery images + primary",no shipping window on record — conservative shipping score; no quality/readiness score — spec confidence from copy length only; inventory sync stale or never run
71fcd5bf-2d13-4749-9c66-a4c910087218,smart-interactive-dog-toys-automatic-moving-ball-with-lighting-modes-71fc,Interactive Dog Toy – Automatic Moving Ball with LED Lights for Enrichment,inactive,false,dog,Dog Toys,Pet Supplies > Dog Supplies > Toys > Automatic Moving Ball Toy,44.99,54.99,18.11,59.7,1947217459222831106,CJ Dropshipping,unavailable,2,0,0,0,0,0,none,false,,264,9,949,84,A,false,smart interactive dog toys automatic moving ball with lighting modes  interactive dog toys for dog enrichment  stimulation motion activated rolling toy for medium and large dogs,none-detected,0,0,0,0,11,6,2,3,4,8,8,4,5,3,3,57,NO_REAL_STOCK|NO_US_DELIVERY_PATH|UNUSABLE_SHIPPING_PROMISE,2,LONGTAIL,"margin 59.7% (price 44.99, cost 18.11); stock us=0 eu=0 cn=0 effective=0; variant payload us=108 total=108; description 949 chars, quality_score=84; 9 gallery images + primary",column stock is 0 but CJ variant payload reports 108 US units — needs re-sync before trusting; no shipping window on record — conservative shipping score; problem signals: anxiety; differentiators: automatic
9030e572-c1ee-4082-b1d4-8886aac6d567,gothic-cat-tree-halloween-cat-tower-cat-tree-with-spacious-cat-condo-brach-9030,Gothic Cat Tree Tower – Halloween Condo with Branch Scratch Post,active,false,cat,Cat Trees & Condos,Pet Supplies > Cat Supplies > Furniture > Cat Trees & Condos,133.99,167.99,76.34,43,1952976106533920769,CJ Dropshipping,unknown,1,0,0,0,0,0,unknown,false,,9400,15,876,86,C,true,gothic cat tree halloween cat tower cat tree with spacious cat condo brach shaped scratching post scratching ladder spider toy for indoor cats red  black,none-detected,0,0,0,0,8,6,2,3,4,8,8,7,5,3,3,57,NO_REAL_STOCK|NO_US_DELIVERY_PATH|UNUSABLE_SHIPPING_PROMISE,2,LONGTAIL,"margin 43.0% (price 133.99, cost 76.34); stock us=0 eu=0 cn=0 effective=0; variant payload us=142 total=142; description 876 chars, quality_score=86; 15 gallery images + primary",column stock is 0 but CJ variant payload reports 142 US units — needs re-sync before trusting; no shipping window on record — conservative shipping score; problem signals: scratch; differentiators: furniture
b094add4-4c14-4add-9697-0b85a5b9a8b2,rabbit-hutch-bunny-cage-guinea-pig-house-with-pull-out-tray-and-divided-board-b094,Indoor Rabbit Hutch – Enclosure with Pull-Out Tray for Rabbits & Guinea Pigs,active,true,unknown,Rabbit Cages,Pet Supplies > Small Animal Supplies > Habitats & Cages > Rabbit Hutches,261.99,335.99,174.82,33.3,2014978729548222466,CJ Dropshipping,unknown,1,80,80,0,0,80,US,true,,16000,11,569,86,C,true,rabbit hutch bunny cage guinea pig house with pullout tray and divided board for indoor white,none-detected,24,0,0,0,5,15,8,0,1,7,8,4,2,3,4,57,UNUSABLE_SHIPPING_PROMISE|UNACCEPTABLE_MARGIN,1,LONGTAIL,"margin 33.3% (price 261.99, cost 174.82); stock us=80 eu=0 cn=0 effective=80; variant payload us=7 total=7; description 569 chars, quality_score=86; 11 gallery images + primary",no shipping window on record — conservative shipping score
c08503a3-773a-4807-b59a-2b8c4f7cf7a1,ceramic-cat-water-fountain-2-1l-71oz-cupcake-pet-fountain-for-cats-dogs,Ceramic Cat Water Fountain 2.1L/71oz Cupcake Pet Fountain For Cats & Dogs,active,true,cat,Cat Bowls & Feeders,Pet Supplies > Multi-Pet Supplies > Feeding Supplies > Water Fountain,91.99,114.99,46.1,49.9,1992920358406504450,CJ Dropshipping,available,1,24,24,0,0,24,US,true,,2950,7,1134,,C,true,ceramic cat water fountain 21l71oz cupcake pet fountain for cats  dogs,none-detected,20,0,0,0,8,15,10,0,1,3,8,4,5,0,3,57,UNUSABLE_SHIPPING_PROMISE,0,LONGTAIL,"margin 49.9% (price 91.99, cost 46.1); stock us=24 eu=0 cn=0 effective=24; variant payload us=89 total=89; description 1134 chars, quality_score=n/a; 7 gallery images + primary",no shipping window on record — conservative shipping score; no quality/readiness score — spec confidence from copy length only
5dfa8f03-1111-4c7c-a717-72f19fd5b43b,extra-large-wooden-hamster-cage-with-pull-out-tray-seesaws-ladder," Extra Large Wooden Hamster Cage with Pull-out Tray, Seesaws, Ladder",active,true,unknown,Hamster Cages,,227.99,275.99,152.22,33.2,2003471188493115393,CJ Dropshipping,unknown,1,15,15,0,0,15,US,true,,14000,9,911,,C,true,extra large wooden hamster cage with pullout tray seesaws ladder,none-detected,20,0,0,0,5,12,10,0,4,3,8,4,5,3,3,57,UNUSABLE_SHIPPING_PROMISE|UNACCEPTABLE_MARGIN,1,LONGTAIL,"margin 33.2% (price 227.99, cost 152.22); stock us=15 eu=0 cn=0 effective=15; variant payload us=49 total=49; description 911 chars, quality_score=n/a; 9 gallery images + primary",no shipping window on record — conservative shipping score; differentiators: multi-level; no quality/readiness score — spec confidence from copy length only
0349b9ab-9e93-419f-a2f2-ec3fff9a224d,wooden-rabbit-hutch-with-wheels-run-slide-out-tray-for-small-animals-guinea-pig-blue,"Wooden Rabbit Hutch With Wheels, Run, Slide-out Tray For Small Animals, Guinea Pig, Blue",inactive,false,unknown,pet-supplies,,149.99,187.49,104.57,30.3,2019973214069612546,CJ Dropshipping,unknown,1,16,16,0,0,16,US,true,,,14,2765,,C,false,wooden rabbit hutch with wheels run slideout tray for small animals guinea pig blue,none-detected,0,0,0,0,5,12,8,0,1,4,8,7,5,4,2,56,UNUSABLE_SHIPPING_PROMISE|UNACCEPTABLE_MARGIN,1,LONGTAIL,"margin 30.3% (price 149.99, cost 104.57); stock us=16 eu=0 cn=0 effective=16; variant payload us=0 total=0; description 2765 chars, quality_score=n/a; 14 gallery images + primary",no shipping window on record — conservative shipping score; no quality/readiness score — spec confidence from copy length only; no weight on record — damage risk partly inferred; inventory sync stale or never run
3019dc01-9281-4d77-9383-af6453b93895,3-tier-cat-cage-enclosure-indoor-cat-cage-playpen-with-hammock-toy-ball-ladder-3019,Cat Playpen Enclosure – 3-Tier Indoor with Hammock & Toy Ball,active,false,unknown,Cat Trees & Condos,Pet Supplies > Cat Supplies > Furniture > Cat Trees & Condos,102.99,127.99,58.9,42.8,1990604523990343681,CJ Dropshipping,unavailable,1,0,0,0,0,0,none,false,,1000,6,275,,B1,true,3tier cat cage enclosure indoor cat cage playpen with hammock toy ball ladder diy iron wire cat house kennels crate for 12 cats ferret rabbit small animals,none-detected,14,0,0,0,8,6,10,0,4,2,8,7,5,3,3,56,NO_REAL_STOCK|NO_US_DELIVERY_PATH|UNUSABLE_SHIPPING_PROMISE,2,LONGTAIL,"margin 42.8% (price 102.99, cost 58.9); stock us=0 eu=0 cn=0 effective=0; variant payload us=460 total=460; description 275 chars, quality_score=n/a; 6 gallery images + primary",column stock is 0 but CJ variant payload reports 460 US units — needs re-sync before trusting; no shipping window on record — conservative shipping score; differentiators: furniture; no quality/readiness score — spec confidence from copy length only
edc1c750-7c8b-408f-9acc-8c54f9a1d957,mewoofun-enclosed-cat-bed-cave-washable-pet-bed-with-blanket-non-slip-base-for-cats-small-dogs-22-x-,"MEWOOFUN Enclosed Cat Bed Cave - Washable Pet Bed With Blanket & Non-Slip Base For Cats & Small Dogs 22'' X 22'', White",active,false,cat,Cat Beds,Pet Supplies > Cat Supplies > Bed Supplies > Beds,69.95,84.99,34.98,50,1917056943298945026,CJ Dropshipping,unavailable,1,0,0,0,0,0,none,false,,1850,7,1051,73,C,true,mewoofun enclosed cat bed cave  washable pet bed with blanket  nonslip base for cats  small dogs 22 x 22 white,none-detected,0,0,0,0,8,6,2,3,4,7,8,7,5,3,3,56,NO_REAL_STOCK|NO_US_DELIVERY_PATH|UNUSABLE_SHIPPING_PROMISE,2,LONGTAIL,"margin 50.0% (price 69.95, cost 34.98); stock us=0 eu=0 cn=0 effective=0; variant payload us=60 total=60; description 1051 chars, quality_score=73; 7 gallery images + primary",column stock is 0 but CJ variant payload reports 60 US units — needs re-sync before trusting; no shipping window on record — conservative shipping score; problem signals: non-slip; differentiators: enclosed
5a1c6f69-ef5d-4fb3-aee4-dd31dd569d58,removable-and-washable-extra-thick-all-season-dog-sofa-bed-with-a-plush-5a1c,Washable Dog Bed – Extra-Thick Plush Sofa for All Seasons,inactive,false,dog,Dog Beds,Pet Supplies > Dog Supplies > Dog Beds & Furniture > Dog Beds,65.95,83.99,32.89,50.1,2601160200281608500,CJ Dropshipping,discontinued,1,228565,0,0,228565,228565,CN,false,,2300,9,219,88,B1,false,removable and washable extrathick allseason dog sofa bed with a plush sleeping mat,none-detected,0,0,0,0,11,5,2,3,4,6,8,7,5,3,2,56,UNRELIABLE_SUPPLIER|UNUSABLE_SHIPPING_PROMISE|INSUFFICIENT_SPECS,2,LONGTAIL,"margin 50.1% (price 65.95, cost 32.89); stock us=0 eu=0 cn=228565 effective=228565; variant payload us=0 total=0; description 219 chars, quality_score=88; 9 gallery images + primary",no shipping window on record — conservative shipping score; problem signals: non-slip; differentiators: furniture; inventory sync stale or never run
35047525-52c8-4b97-a4ed-b5001569026a,1pc-large-foldable-human-size-dog-bed-with-pillow-blanket-flurry-plush-napping-human-sized-dog-bed-m,1Pc Large Foldable Human Size Dog Bed With Pillow Blanket Flurry Plush Napping Human-Sized Dog Bed Machine Washable Zipped Removable Cover For Pets Kids Adults Grey 71x45x10in,inactive,false,dog,Dog Beds,Pet Supplies > Dog Supplies > Beds & Furniture > Beds,214.99,272.99,143.15,33.4,1958065077844676610,CJ Dropshipping,unavailable,1,0,0,0,0,0,none,false,,8151,12,1166,62,C,false,1pc large foldable human size dog bed with pillow blanket flurry plush napping humansized dog bed machine washable zipped removable cover for pets kids adults grey 71x45x10in,none-detected,0,0,0,0,5,6,2,3,7,7,8,7,5,3,3,56,NO_REAL_STOCK|NO_US_DELIVERY_PATH|UNUSABLE_SHIPPING_PROMISE|UNACCEPTABLE_MARGIN,3,RETIRE_CANDIDATE,"margin 33.4% (price 214.99, cost 143.15); stock us=0 eu=0 cn=0 effective=0; variant payload us=14 total=14; description 1166 chars, quality_score=62; 12 gallery images + primary","column stock is 0 but CJ variant payload reports 14 US units — needs re-sync before trusting; no shipping window on record — conservative shipping score; problem signals: shed; differentiators: foldable, furniture"
2f472f5e-38ed-4b6b-9a8b-6c5c50f232fa,mewoofun-donut-cat-bed-for-indoor-cats-round-washable-plush-pet-bed-with-jacquard-shaggy-fabric-non-,"MEWOOFUN Donut Cat Bed For Indoor Cats - Round Washable Plush Pet Bed With Jacquard Shaggy Fabric & Non-Slip Bottom, Calming Small Dog Bed For Puppy & Kitten, 23 Inch Blue Check",inactive,false,both,Dog Beds,Pet Supplies > Multi-Pet Supplies > Beds > Pet Beds,79.95,100.99,39.99,50,1914209418205491201,CJ Dropshipping,unavailable,1,0,0,0,0,0,none,false,,1678,8,871,73,C,false,mewoofun donut cat bed for indoor cats  round washable plush pet bed with jacquard shaggy fabric  nonslip bottom calming small dog bed for puppy  kitten 23 inch blue check,none-detected,0,0,0,0,8,6,2,6,1,7,8,7,5,3,3,56,NO_REAL_STOCK|NO_US_DELIVERY_PATH|UNUSABLE_SHIPPING_PROMISE,2,LONGTAIL,"margin 50.0% (price 79.95, cost 39.99); stock us=0 eu=0 cn=0 effective=0; variant payload us=400 total=400; description 871 chars, quality_score=73; 8 gallery images + primary","column stock is 0 but CJ variant payload reports 400 US units — needs re-sync before trusting; no shipping window on record — conservative shipping score; problem signals: non-slip, calming"
51535fe1-4a8b-4ef8-a1c6-7361479f91f4,fully-enclosed-dog-house-tent-with-extra-thick-insulation-for-warmth-in-winter,Insulated Dog Bed – Fully Enclosed Tent for Winter Warmth,inactive,false,dog,Dog Beds,Pet Supplies > Dog Supplies > Beds & Furniture > Dog Beds,42.49,51.99,21.24,50,2601151053441623000,CJ Dropshipping,discontinued,0,49007,0,0,49007,49007,CN,false,,682,7,233,85,B1,false,fully enclosed dog house tent with extra thick insulation for warmth in winter,none-detected,0,0,0,0,11,5,2,0,7,6,8,7,5,3,2,56,UNRELIABLE_SUPPLIER|UNUSABLE_SHIPPING_PROMISE|INSUFFICIENT_SPECS,2,LONGTAIL,"margin 50.0% (price 42.49, cost 21.24); stock us=0 eu=0 cn=49007 effective=49007; variant payload us=0 total=0; description 233 chars, quality_score=85; 7 gallery images + primary","no shipping window on record — conservative shipping score; differentiators: enclosed, furniture; inventory sync stale or never run"
5987be63-0e09-4d07-a6d1-2380fda9325d,4l-cat-water-fountain-for-pet-dog-led-drinking-water-bowl-automatic-dispenser,Cat Water Fountain 4L – Stainless Steel Automatic Dispenser with LED Light,inactive,false,unknown,Cat Bowls & Feeders,Pet Supplies > Cat Supplies > Feeding Supplies > Water Fountains,56.1,70.13,22.44,60,2035183411994603522,CJ Dropshipping,discontinued,1,0,0,0,0,0,unknown,false,,750,13,1369,86,B1,false,,none-detected,0,0,0,0,13,0,2,3,4,9,8,7,5,3,2,56,UNRELIABLE_SUPPLIER|NO_REAL_STOCK|NO_US_DELIVERY_PATH|UNUSABLE_SHIPPING_PROMISE,3,RETIRE_CANDIDATE,"margin 60.0% (price 56.1, cost 22.44); stock us=0 eu=0 cn=0 effective=0; variant payload us=0 total=0; description 1369 chars, quality_score=86; 13 gallery images + primary",no shipping window on record — conservative shipping score; problem signals: hair; differentiators: automatic; inventory sync stale or never run
fe50f797-a8ce-4954-9c9c-a9699b0bbe13,rubber-carrot-dog-toy-for-chewing-dogs-for-training-and-cleaning-durable-fe50,Durable Dog Chew Toy – Rubber Carrot Enrichment for Puppies & Dogs,active,false,dog,Dog Toys,Pet Supplies > Dog Supplies > Toys > Chew Toy,36.99,46.99,14.82,59.9,1976161866454032386,CJ Dropshipping,unknown,1,0,0,0,0,0,unknown,false,,200,12,1465,92,B1,true,rubber carrot dog toy for chewing dogs for training and cleaning durable interactive toy for puppies and mediumsized dogs,none-detected,0,0,0,0,11,6,2,3,1,10,8,4,5,3,3,56,NO_REAL_STOCK|NO_US_DELIVERY_PATH|UNUSABLE_SHIPPING_PROMISE,2,ACCESSORY_CANDIDATE,"margin 59.9% (price 36.99, cost 14.82); stock us=0 eu=0 cn=0 effective=0; variant payload us=70 total=70; description 1465 chars, quality_score=92; 12 gallery images + primary",column stock is 0 but CJ variant payload reports 70 US units — needs re-sync before trusting; no shipping window on record — conservative shipping score; problem signals: dental
7a1057e0-4e39-44a8-aa99-dc9a3efd9793,dog-poop-trash-can-11-5-gallons-weather-resistant-dog-waste-bin-with-lid,Dog Poop Trash Can 11.5 Gallons Weather-Resistant Dog Waste Bin With Lid,active,true,dog,Dog Toys,Pet Supplies > Dog Supplies > Waste Management > Poop Trash Can,184.99,223.99,123.14,33.4,1992943278993731585,CJ Dropshipping,unknown,1,114,114,0,0,114,US,true,,9400,7,274,,C,true,dog poop trash can 115 gallons weatherresistant dog waste bin with lid,none-detected,21,0,0,0,5,15,10,0,1,2,8,4,5,3,3,56,UNUSABLE_SHIPPING_PROMISE|UNACCEPTABLE_MARGIN,1,LONGTAIL,"margin 33.4% (price 184.99, cost 123.14); stock us=114 eu=0 cn=0 effective=114; variant payload us=68 total=68; description 274 chars, quality_score=n/a; 7 gallery images + primary",no shipping window on record — conservative shipping score; no quality/readiness score — spec confidence from copy length only
9f7fe1d5-db57-4c0a-825a-648a7b3704a7,extra-wide-freestanding-pet-gate-with-adjustable-length-dog-cat-barrier-for-9f7f,Extra Wide Freestanding Dog Safety Gate – Adjustable Pet Barrier for Dogs & Cats,active,true,both,Dog Toys,Pet Supplies > Multi-Pet Supplies > Safety > Safety Gates,148.99,180.99,85.38,42.7,2006930001242001409,CJ Dropshipping,unknown,1,17,17,0,0,17,US,true,,4990,11,282,,C,true,extra wide freestanding pet gate with adjustable length dog cat barrier for house doorway hallway natural,none-detected,21,0,0,0,8,12,10,0,1,2,8,4,5,3,3,56,UNUSABLE_SHIPPING_PROMISE,0,LONGTAIL,"margin 42.7% (price 148.99, cost 85.38); stock us=17 eu=0 cn=0 effective=17; variant payload us=34 total=34; description 282 chars, quality_score=n/a; 11 gallery images + primary",no shipping window on record — conservative shipping score; no quality/readiness score — spec confidence from copy length only
daf9dbc5-7a31-41ed-8957-3aa317563a72,pet-canvas-shoulder-bag-cute-animal-shapedcat-carrier-canvas-bags-portable-pet-daf9,Pet Carrier Tote Bag – Animal Shaped Shoulder Bag for Dogs & Cats,active,false,dog,Dog Travel,Pet Supplies > Multi-Pet Supplies > Travel & Transport > Pet Carriers,31.95,38.99,12.79,60,1880142541836144642,CJ Dropshipping,unavailable,4,0,0,0,0,0,none,false,,200,8,257,89,A,true,pet canvas shoulder bag cute animal shapedcat carrier canvas bagsportable pet canvastote chest bag that can expose headoutdoortravel pet carrier for cats dogs pet supplies,none-detected,13,0,0,0,11,6,10,0,1,7,8,4,2,3,4,56,NO_REAL_STOCK|NO_US_DELIVERY_PATH|UNUSABLE_SHIPPING_PROMISE,2,ACCESSORY_CANDIDATE,"margin 60.0% (price 31.95, cost 12.79); stock us=0 eu=0 cn=0 effective=0; variant payload us=268 total=268; description 257 chars, quality_score=89; 8 gallery images + primary",column stock is 0 but CJ variant payload reports 268 US units — needs re-sync before trusting; no shipping window on record — conservative shipping score
035a85cb-f867-4f64-94e8-a6c71ab16b18,pawhut-cat-tree-for-indoor-cats-with-hammock-cat-tower-green,GetPawsy Cat Tree Tower – Indoor Hammock & Sisal Scratching Posts,active,false,cat,Cat Trees & Condos,Pet Supplies > Cat Supplies > Furniture > Cat Trees & Condos,136.99,166.99,78.23,42.9,2004372659058139138,CJ Dropshipping,unknown,1,0,0,0,0,0,unknown,false,,8160,10,203,,A,true,pawhut cat tree for indoor cats with hammock cat tower green,none-detected,0,0,0,0,8,6,2,3,10,1,8,7,5,3,3,56,NO_REAL_STOCK|NO_US_DELIVERY_PATH|UNUSABLE_SHIPPING_PROMISE|INSUFFICIENT_SPECS,3,RETIRE_CANDIDATE,"margin 42.9% (price 136.99, cost 78.23); stock us=0 eu=0 cn=0 effective=0; variant payload us=13 total=13; description 203 chars, quality_score=n/a; 10 gallery images + primary","column stock is 0 but CJ variant payload reports 13 US units — needs re-sync before trusting; no shipping window on record — conservative shipping score; problem signals: scratch; differentiators: enclosed, furniture, sisal; no quality/readiness score — spec confidence from copy length only"
c1ed0d36-7c73-4c9c-9e1f-17b770fb0fe1,cat-steam-brush-for-shedding-steamy-cat-brush-for-indoor-cats-cat-hair-steam-brush-for-massage-sprit,"Cat Steam Brush For Shedding - Steamy Cat Brush For Indoor Cats, Cat Hair Steam Brush For Massage, Spritz Defur Comb For Cats, Pet Steamer For Dogs",active,false,cat,Cat Grooming,Pet Supplies > Cat Supplies > Grooming > Brushes & Combs,38.49,49.99,15.46,59.8,1985616783544471553,CJ Dropshipping,unknown,2,0,0,0,0,0,none,false,,180,9,992,,C,true,cat steam brush for shedding  steamy cat brush for indoor cats cat hair steam brush for massage spritz defur comb for cats pet steamer for dogs,none-detected,0,0,0,0,11,6,2,6,4,3,8,4,5,3,4,56,NO_REAL_STOCK|NO_US_DELIVERY_PATH|UNUSABLE_SHIPPING_PROMISE,2,ACCESSORY_CANDIDATE,"margin 59.8% (price 38.49, cost 15.46); stock us=0 eu=0 cn=0 effective=0; variant payload us=3325 total=3325; description 992 chars, quality_score=n/a; 9 gallery images + primary","column stock is 0 but CJ variant payload reports 3325 US units — needs re-sync before trusting; no shipping window on record — conservative shipping score; problem signals: hair, shed; differentiators: furniture; no quality/readiness score — spec confidence from copy length only"
b0d7878d-d569-4386-9e85-a1082ff6c038,halloween-cat-tree-large-cat-tower-with-2-spacious-cat-condos-2-padded-perches-b0d7,Cat Tree – Multi-Level Halloween Tower with Condos & Perches for Large Cats,active,false,cat,Cat Trees & Condos,Pet Supplies > Cat Supplies > Furniture > Cat Tree,162.99,208.99,108.67,33.3,1953002419810443266,CJ Dropshipping,unknown,1,0,0,0,0,0,unknown,false,,16500,13,1051,,B1,true,halloween cat tree large cat tower with 2 spacious cat condos 2 padded perches 2 hammocks scratching posts hanging toy multilevel cat activities furniture for large cats orange  black,none-detected,0,0,0,0,5,6,2,3,10,3,8,7,5,3,4,56,NO_REAL_STOCK|NO_US_DELIVERY_PATH|UNUSABLE_SHIPPING_PROMISE|UNACCEPTABLE_MARGIN,3,RETIRE_CANDIDATE,"margin 33.3% (price 162.99, cost 108.67); stock us=0 eu=0 cn=0 effective=0; variant payload us=23 total=23; description 1051 chars, quality_score=n/a; 13 gallery images + primary","column stock is 0 but CJ variant payload reports 23 US units — needs re-sync before trusting; no shipping window on record — conservative shipping score; problem signals: scratch; differentiators: multi-level, furniture, sisal; no quality/readiness score — spec confidence from copy length only"
d2eeaafa-87b7-4173-b828-532411fa8d41,pet-diapers-for-growth-journals,Pet Diapers For Growth Journals,inactive,false,both,pet-supplies,,9.99,12.49,1.55,84.5,2602190800041613700,CJ Dropshipping,discontinued,1,30549,0,0,30549,30549,CN,false,,,7,1318,,C,false,,none-detected,0,0,0,0,15,5,2,0,1,4,8,7,5,4,4,55,UNRELIABLE_SUPPLIER|UNUSABLE_SHIPPING_PROMISE,1,ACCESSORY_CANDIDATE,"margin 84.5% (price 9.99, cost 1.55); stock us=0 eu=0 cn=30549 effective=30549; variant payload us=0 total=0; description 1318 chars, quality_score=n/a; 7 gallery images + primary",no shipping window on record — conservative shipping score; no quality/readiness score — spec confidence from copy length only; no weight on record — damage risk partly inferred
9f1ffd00-8355-44d9-a18c-2cd2b0ab2c6a,31-cat-tree-tower-with-scratching-posts,"31"" Cat Tree Tower with Scratching Posts",inactive,false,cat,Cat Trees & Condos,,162.99,195.99,93.23,42.8,1991250918279667713,CJ Dropshipping,unavailable,2,0,0,0,0,0,none,false,,8150,9,946,,C,false,31 cat tree tower with scratching posts,none-detected,0,0,0,0,8,6,2,3,7,3,8,7,5,3,3,55,NO_REAL_STOCK|NO_US_DELIVERY_PATH|UNUSABLE_SHIPPING_PROMISE,2,LONGTAIL,"margin 42.8% (price 162.99, cost 93.23); stock us=0 eu=0 cn=0 effective=0; variant payload us=198 total=198; description 946 chars, quality_score=n/a; 9 gallery images + primary","column stock is 0 but CJ variant payload reports 198 US units — needs re-sync before trusting; no shipping window on record — conservative shipping score; problem signals: scratch; differentiators: furniture, sisal; no quality/readiness score — spec confidence from copy length only"
733df0c9-af99-4d53-bb87-bd3269973a15,pet-foldable-canvas-rear-seat-carrier-bag,Pet Foldable Canvas Rear-Seat Carrier Bag,inactive,false,unknown,Dog Carriers,Pet Supplies > Multi-Pet Supplies > Carriers & Travel > Pet Carrier,51,63.75,20.4,60,2603260143261637200,CJ Dropshipping,discontinued,1,5139,0,0,5139,5139,CN,false,,,6,1173,76,C,false,,none-detected,0,0,0,0,13,5,2,0,4,8,8,4,5,4,2,55,UNRELIABLE_SUPPLIER|UNUSABLE_SHIPPING_PROMISE,1,LONGTAIL,"margin 60.0% (price 51, cost 20.4); stock us=0 eu=0 cn=5139 effective=5139; variant payload us=0 total=0; description 1173 chars, quality_score=76; 6 gallery images + primary",no shipping window on record — conservative shipping score; differentiators: foldable; no weight on record — damage risk partly inferred; inventory sync stale or never run
4b2647e2-6604-41fb-8bf8-631273c6d3f5,self-priming-pet-paw-hair-trimmer,Self-Priming Pet Paw Hair Trimmer,inactive,false,dog,Dog Grooming,Pet Supplies > Dog Supplies > Grooming Supplies > Dog Grooming Trimmer,47.49,57.99,18.99,60,2004127359188893698,CJ Dropshipping,unavailable,3,0,0,0,0,0,none,false,,150,11,1098,70,C,false,selfpriming pet paw hair trimmer,none-detected,0,0,0,0,13,6,2,3,1,7,8,4,5,3,3,55,NO_REAL_STOCK|NO_US_DELIVERY_PATH|UNUSABLE_SHIPPING_PROMISE,2,LONGTAIL,"margin 60.0% (price 47.49, cost 18.99); stock us=0 eu=0 cn=0 effective=0; variant payload us=198 total=198; description 1098 chars, quality_score=70; 11 gallery images + primary",column stock is 0 but CJ variant payload reports 198 US units — needs re-sync before trusting; no shipping window on record — conservative shipping score; problem signals: hair
35df9d09-a87f-483c-b5d7-261761ba865a,new-pet-cat-toy-jute-fish-for-self-entertainment-and-stress-relief-squeaky-durable-and-realistic-cat,Cat Fish Toy – Durable Jute Squeaky Toy for Indoor Cats,active,true,unknown,Cat Toys,Pet Supplies > Cat Supplies > Toys > Plush Toys,9.99,12.49,0.94,90.6,2603311155001628200,CJ Dropshipping,available,1,22326,0,0,22326,22326,CN,false,,,10,641,89,C,false,,none-detected,17,2,0,0,15,5,2,0,1,8,8,4,5,4,3,55,UNUSABLE_SHIPPING_PROMISE,0,ACCESSORY_CANDIDATE,"margin 90.6% (price 9.99, cost 0.94); stock us=0 eu=0 cn=22326 effective=22326; variant payload us=0 total=0; description 641 chars, quality_score=89; 10 gallery images + primary",no shipping window on record — conservative shipping score; no weight on record — damage risk partly inferred
08a62345-c1bc-438b-8169-8a49687c1289,cactus-cat-tree-scratching-post-solid-wood,GetPawsy Cactus Cat Tree – 2-in-1 Scratching Post with Solid Wood Base,inactive,false,cat,Cat Trees & Condos,Pet Supplies > Cat Supplies > Beds & Furniture > Cat Scratchers,59.99,79.99,32.86,45.2,1945676969873289217,CJ Dropshipping,discontinued,1,0,0,0,0,0,unknown,false,,1202,8,312,92,B1,false,cactus cat climbing tree 2in1  solid wood base natural sisal scratching pillar with hanging ball toy indoor cat multilevel activity center,none-detected,0,0,0,0,8,0,2,3,7,8,8,7,5,3,4,55,UNRELIABLE_SUPPLIER|NO_REAL_STOCK|NO_US_DELIVERY_PATH|UNUSABLE_SHIPPING_PROMISE,3,RETIRE_CANDIDATE,"margin 45.2% (price 59.99, cost 32.86); stock us=0 eu=0 cn=0 effective=0; variant payload us=0 total=0; description 312 chars, quality_score=92; 8 gallery images + primary","no shipping window on record — conservative shipping score; problem signals: scratch; differentiators: furniture, sisal"
edc32050-b154-4ad8-8d87-0cf446640875,cute-puffer-fish-shaped-cat-climbing-frame-three-tier-climbing-tower-with-base-edc3,Interactive Cat Tree – 3-Tier Puffer Fish Climbing Tower with Scratching Post,inactive,false,cat,Cat Toys,Pet Supplies > Cat Supplies > Furniture > Cat Trees,94.99,117.99,54.46,42.7,1954102540698353665,CJ Dropshipping,discontinued,1,0,0,0,0,0,unknown,false,,3197,9,1076,89,A,false,cute puffer fishshaped cat climbing frame threetier climbing tower with base indoor cat scratching post climbing frame with vertical claw interactive cat toy suitable for cats of all sizes,none-detected,0,0,0,0,8,0,2,3,7,8,8,7,5,3,4,55,UNRELIABLE_SUPPLIER|NO_REAL_STOCK|NO_US_DELIVERY_PATH|UNUSABLE_SHIPPING_PROMISE,3,RETIRE_CANDIDATE,"margin 42.7% (price 94.99, cost 54.46); stock us=0 eu=0 cn=0 effective=0; variant payload us=0 total=0; description 1076 chars, quality_score=89; 9 gallery images + primary","no shipping window on record — conservative shipping score; problem signals: scratch; differentiators: furniture, sisal"
c99e060c-0981-42c0-93eb-26537d202c0a,2-tier-hamster-cage-with-sand-bathroom-running-wheel-water-bottle-tubes-accessories-for-hamster-gray,"2-Tier Hamster Cage With Sand Bathroom, Running Wheel, Water Bottle, Tubes, Accessories, For Hamster, Gray",active,false,unknown,Hamster Cages,Pet Supplies > Small Animal Supplies > Cages & Habitats > Hamster Cages,113.99,136.99,65.27,42.7,2010558020127793153,CJ Dropshipping,unknown,1,0,0,0,0,0,unknown,false,,3000,11,1042,,C,true,2tier hamster cage with sand bathroom running wheel water bottle tubes accessories for hamster gray,none-detected,0,0,0,0,8,6,10,0,1,3,8,7,5,3,4,55,NO_REAL_STOCK|NO_US_DELIVERY_PATH|UNUSABLE_SHIPPING_PROMISE,2,LONGTAIL,"margin 42.7% (price 113.99, cost 65.27); stock us=0 eu=0 cn=0 effective=0; variant payload us=2 total=2; description 1042 chars, quality_score=n/a; 11 gallery images + primary",column stock is 0 but CJ variant payload reports 2 US units — needs re-sync before trusting; no shipping window on record — conservative shipping score; no quality/readiness score — spec confidence from copy length only
159624c7-0036-4e51-a355-68464d6cc1dc,youmile-probiotics-for-dogs-soft-chews-for-seasonal-allergies-gut-and-digestive-1596,Dog Probiotic Chews – Gut & Digestive Health Supplement for Dogs,active,false,dog,Dog Toys,Pet Supplies > Dog Supplies > Health Supplies > Probiotic Chews,47.95,61.99,23.98,50,2011331998064406529,CJ Dropshipping,unavailable,4,0,0,0,0,0,none,false,,480,12,443,85,A,true,youmile probiotics for dogs soft chews for seasonal allergies gut and digestive health vetreviewed premiumquality ingredients  supplements dog  vitamin hip  and  joint  supplement,none-detected,7,0,0,0,8,6,10,0,1,7,8,4,5,3,3,55,NO_REAL_STOCK|NO_US_DELIVERY_PATH|UNUSABLE_SHIPPING_PROMISE,2,LONGTAIL,"margin 50.0% (price 47.95, cost 23.98); stock us=0 eu=0 cn=0 effective=0; variant payload us=800 total=800; description 443 chars, quality_score=85; 12 gallery images + primary",column stock is 0 but CJ variant payload reports 800 US units — needs re-sync before trusting; no shipping window on record — conservative shipping score
0ea308d2-5e80-4a8e-9505-8c6cf7ca3aba,dog-potty-tray-stainless-steel-for-small-and-medium-dogs-dog-training-tray-for-0ea3,Dog Potty Training Tray – Stainless Steel Toilet for Small & Medium Dogs,active,false,dog,Dog Training,Pet Supplies > Dog Supplies > Training & Housebreaking > Potty Training Tray,131.99,160.99,75.42,42.9,2008730781989519362,CJ Dropshipping,unknown,1,0,0,0,0,0,unknown,false,,4090,10,3277,89,A,true,dog potty tray stainless steel for small and medium dogs dog training tray for porch bathroom balcony,none-detected,0,0,0,0,8,6,2,3,1,9,8,7,5,3,3,55,NO_REAL_STOCK|NO_US_DELIVERY_PATH|UNUSABLE_SHIPPING_PROMISE,2,LONGTAIL,"margin 42.9% (price 131.99, cost 75.42); stock us=0 eu=0 cn=0 effective=0; variant payload us=123 total=123; description 3277 chars, quality_score=89; 10 gallery images + primary",column stock is 0 but CJ variant payload reports 123 US units — needs re-sync before trusting; no shipping window on record — conservative shipping score; problem signals: litter
2a89050a-e339-4b6b-b831-e6c9136e49c8,vertical-money-tree-cat-scratching-pole-sisal-wear-resistant-cat-scratching-2a89,Durable Cat Scratcher – Sisal Money Tree with Interactive Spring Ball Toy,inactive,false,cat,Cat Toys,Pet Supplies > Cat Supplies > Toys > Scratcher Toy,77.99,95.99,39.1,49.9,1955141602700976130,CJ Dropshipping,discontinued,1,0,0,0,0,0,unknown,false,,1501,8,1065,92,A,false,vertical money tree cat scratching pole sisal wearresistant cat scratching column interactive ball track spring ball cat toy durable and cute sisal cat scratching pole,none-detected,0,0,0,0,8,0,2,3,7,9,8,7,5,3,2,54,UNRELIABLE_SUPPLIER|NO_REAL_STOCK|NO_US_DELIVERY_PATH|UNUSABLE_SHIPPING_PROMISE,3,RETIRE_CANDIDATE,"margin 49.9% (price 77.99, cost 39.1); stock us=0 eu=0 cn=0 effective=0; variant payload us=0 total=0; description 1065 chars, quality_score=92; 8 gallery images + primary","no shipping window on record — conservative shipping score; problem signals: scratch; differentiators: furniture, sisal; inventory sync stale or never run"
c9f29528-3728-43d0-bfc1-668b436c7622,rattan-cat-bed-with-washable-cushion-for-cats-puppies-light-brown," Rattan Cat Bed with Washable Cushion for Cats, Puppies, Light Brown",active,false,cat,Cat Beds,Pet Supplies > Cat Supplies > Beds > Cat Beds,126.99,160.99,72.42,43,2003461134448631809,CJ Dropshipping,unavailable,1,0,0,0,0,0,none,false,,4000,8,1054,74,A,true,rattan cat bed with washable cushion for cats puppies light brown,none-detected,1,0,0,0,8,6,2,3,1,7,8,7,5,3,4,54,NO_REAL_STOCK|NO_US_DELIVERY_PATH|UNUSABLE_SHIPPING_PROMISE,2,LONGTAIL,"margin 43.0% (price 126.99, cost 72.42); stock us=0 eu=0 cn=0 effective=0; variant payload us=29 total=29; description 1054 chars, quality_score=74; 8 gallery images + primary",column stock is 0 but CJ variant payload reports 29 US units — needs re-sync before trusting; no shipping window on record — conservative shipping score; problem signals: hair
f68b488e-0f3e-4124-b784-2809d210a41e,89-100-floor-to-ceiling-cat-tree-for-indoor-cats-activity-center-with-cat-perch-condo-gray," 89""-100"" Floor to Ceiling Cat Tree for Indoor Cats, Activity Center with Cat Perch & Condo, Gray",active,false,cat,Cat Trees & Condos,Pet Supplies > Cat Supplies > Cat Furniture > Cat Trees,253.99,312.99,169.58,33.2,2003461338115645442,CJ Dropshipping,unknown,1,0,0,0,0,0,none,false,,21700,9,2652,72,C,true,89100 floor to ceiling cat tree for indoor cats activity center with cat perch  condo gray,none-detected,0,0,0,0,5,6,2,3,4,8,8,7,5,3,3,54,NO_REAL_STOCK|NO_US_DELIVERY_PATH|UNUSABLE_SHIPPING_PROMISE|UNACCEPTABLE_MARGIN,3,RETIRE_CANDIDATE,"margin 33.2% (price 253.99, cost 169.58); stock us=0 eu=0 cn=0 effective=0; variant payload us=23 total=23; description 2652 chars, quality_score=72; 9 gallery images + primary",column stock is 0 but CJ variant payload reports 23 US units — needs re-sync before trusting; no shipping window on record — conservative shipping score; problem signals: scratch; differentiators: furniture
ab56a66b-dfaa-4caa-921a-de5bf544f9d8,dog-chew-toy-choke-proof-food-dispenser,Dog Chew Toy Choke-proof Food Dispenser,inactive,false,unknown,Dog Toys,Pet Supplies > Dog Supplies > Toys > Chew Toy,9.99,12.49,1.45,85.5,2603310612521636800,CJ Dropshipping,discontinued,1,29863,0,0,29863,29863,CN,false,,,9,668,84,C,false,,none-detected,0,0,0,0,15,5,2,0,1,8,8,4,5,4,2,54,UNRELIABLE_SUPPLIER|UNUSABLE_SHIPPING_PROMISE,1,ACCESSORY_CANDIDATE,"margin 85.5% (price 9.99, cost 1.45); stock us=0 eu=0 cn=29863 effective=29863; variant payload us=0 total=0; description 668 chars, quality_score=84; 9 gallery images + primary",no shipping window on record — conservative shipping score; no weight on record — damage risk partly inferred; inventory sync stale or never run
89531a44-c1ae-4c85-a7a1-65f539dbff2c,cat-climbing-tree-dual-use-solid-wood-hemp-rope,Cat Climbing Tree Dual-Use Solid Wood Hemp Rope,inactive,false,unknown,Cat Toys,,9.99,12.49,2.63,73.7,2603031116241639900,CJ Dropshipping,discontinued,1,19678,0,0,19678,19678,CN,false,,12,7,275,,C,false,,none-detected,0,0,0,0,15,5,2,0,4,2,8,7,5,4,2,54,UNRELIABLE_SUPPLIER|UNUSABLE_SHIPPING_PROMISE,1,ACCESSORY_CANDIDATE,"margin 73.7% (price 9.99, cost 2.63); stock us=0 eu=0 cn=19678 effective=19678; variant payload us=0 total=0; description 275 chars, quality_score=n/a; 7 gallery images + primary",no shipping window on record — conservative shipping score; differentiators: dual; no quality/readiness score — spec confidence from copy length only; inventory sync stale or never run
3fff3e97-15f6-4948-9ec0-8d569fe4a41d,5-tier-hamster-cage-mice-habitat-rat-habitat-with-openable-top-1,Hamster Habitat – 5-Tier Enclosure Cage with Openable Top for Mice & Rats,active,true,unknown,Hamster Cages,Pet Supplies > Small Animal Supplies > Habitats > Cages,167.99,210.99,137.92,17.9,2003010133904375809,CJ Dropshipping,unknown,1,112,112,0,0,112,US,true,,11500,10,449,85,C,true,5tier hamster cage mice habitat rat habitat with openable top,none-detected,13,0,0,0,0,15,8,0,4,7,8,4,2,3,3,54,UNUSABLE_SHIPPING_PROMISE|UNACCEPTABLE_MARGIN,1,LONGTAIL,"margin 17.9% (price 167.99, cost 137.92); stock us=112 eu=0 cn=0 effective=112; variant payload us=112 total=112; description 449 chars, quality_score=85; 10 gallery images + primary",no shipping window on record — conservative shipping score; differentiators: multi-level
af86afc6-dadb-48bf-89e8-ed8b3dfc5b14,pawhut-wooden-bunny-hutch-with-ramp-indoor-outdoor-brown,Rabbit Hutch – Wooden Indoor Outdoor Enclosure with Ramp for Small Animals,active,true,unknown,Rabbit Cages,Pet Supplies > Small Animal Supplies > Habitats > Rabbit Hutches,239.99,291.99,160.07,33.3,2010959406885019649,CJ Dropshipping,unknown,1,5,5,0,0,5,US,true,,18000,11,549,83,C,true,pawhut wooden bunny hutch with ramp indoor outdoor brown,none-detected,16,0,0,0,5,12,8,0,1,7,8,4,2,3,4,54,UNUSABLE_SHIPPING_PROMISE|UNACCEPTABLE_MARGIN,1,LONGTAIL,"margin 33.3% (price 239.99, cost 160.07); stock us=5 eu=0 cn=0 effective=5; variant payload us=50 total=50; description 549 chars, quality_score=83; 11 gallery images + primary",no shipping window on record — conservative shipping score
a6815340-7d14-4b6b-9200-23cb25a5a73b,replacement-silicone-mat-accessory-for-cat-litter-boxes,Silicone Cat Litter Box Mat – Replacement Accessory for Cats,inactive,false,cat,Cat Litter Boxes,Pet Supplies > Cat Supplies > Litter > Litter Box Mat,48.99,59.99,24.72,49.5,2601100141021613400,CJ Dropshipping,discontinued,1,6351,0,0,6351,6351,CN,false,,200,2,194,85,B1,false,replacement silicone mat accessory for cat litter boxes,none-detected,0,0,0,0,8,5,2,9,1,6,4,7,5,3,4,54,UNRELIABLE_SUPPLIER|UNUSABLE_SHIPPING_PROMISE|INSUFFICIENT_SPECS,2,LONGTAIL,"margin 49.5% (price 48.99, cost 24.72); stock us=0 eu=0 cn=6351 effective=6351; variant payload us=0 total=0; description 194 chars, quality_score=85; 2 gallery images + primary","no shipping window on record — conservative shipping score; problem signals: litter, non-slip, waterproof"
020ae8e8-bbaa-460d-a1f3-b5dd2653e6c6,plush-little-mouse-cat-turntable-automatic-electric-pet-toy-for-cats,Automatic Cat Toy – Electric Plush Mouse Turntable for Cats,inactive,false,cat,Cat Toys,Pet Supplies > Cat Supplies > Cat Toys > Interactive Cat Toys,36.99,45.99,14.96,59.6,2601150832201627800,CJ Dropshipping,discontinued,1,6564,0,0,6564,6564,CN,false,,705,6,899,85,A,false,plush little mouse cat turntable automatic electric pet toy for cats,none-detected,0,0,0,0,11,5,2,0,4,8,8,4,5,3,4,54,UNRELIABLE_SUPPLIER|UNUSABLE_SHIPPING_PROMISE,1,ACCESSORY_CANDIDATE,"margin 59.6% (price 36.99, cost 14.96); stock us=0 eu=0 cn=6564 effective=6564; variant payload us=0 total=0; description 899 chars, quality_score=85; 6 gallery images + primary",no shipping window on record — conservative shipping score; differentiators: automatic
6555456c-cb10-44c3-9a3c-0703bef6bc10,iq-puzzle-health-dog-bowl-mat-slow-feeding-training-blanket,Dog Puzzle Bowl – Slow Feeding Enrichment Mat for Mental Stimulation,inactive,false,dog,Dog Toys,Pet Supplies > Dog Supplies > Feeding Supplies > Puzzle Bowl,9.99,12.49,1.62,83.8,2602130743331617800,CJ Dropshipping,discontinued,1,22882,0,0,22882,22882,CN,false,,350,8,277,83,B1,false,,none-detected,0,0,0,0,15,5,2,0,1,7,8,4,5,3,4,54,UNRELIABLE_SUPPLIER|UNUSABLE_SHIPPING_PROMISE,1,ACCESSORY_CANDIDATE,"margin 83.8% (price 9.99, cost 1.62); stock us=0 eu=0 cn=22882 effective=22882; variant payload us=0 total=0; description 277 chars, quality_score=83; 8 gallery images + primary",no shipping window on record — conservative shipping score
33f1a1f7-4daa-415c-b62a-5dd66fa5d8cf,4-levels-cat-toy-tower-turntable-roller-balls-toys-interactive-intelligence-33f1,Interactive Cat Puzzle Toy – 4-Level Tower Roller Ball for Enrichment,inactive,false,cat,Cat Toys,Pet Supplies > Cat Supplies > Toys > Puzzle Toy,21.99,28.99,7.44,66.2,1796447834934353920,CJ Dropshipping,discontinued,0,327355,0,0,327355,327355,CN,false,,350,22,941,85,A,false,4 levels cat toy tower turntable roller balls toys interactive intelligence pets toys training track puzzle funny games accessories pet products,none-detected,0,0,0,0,13,5,2,0,1,8,8,7,5,3,2,54,UNRELIABLE_SUPPLIER|UNUSABLE_SHIPPING_PROMISE,1,ACCESSORY_CANDIDATE,"margin 66.2% (price 21.99, cost 7.44); stock us=0 eu=0 cn=327355 effective=327355; variant payload us=0 total=0; description 941 chars, quality_score=85; 22 gallery images + primary",no shipping window on record — conservative shipping score; inventory sync stale or never run
1a38a935-637a-4a1f-8084-7e944ff4d298,small-animal-cage-with-food-dish-water-bottle-hay-feeder-platform-ramp-for-1a38,"Hamster Cage – Small Animal Habitat with Food Dish, Water Bottle & Ramp",active,false,unknown,Hamster Cages,Pet Supplies > Small Animal Supplies > Habitats > Cages,121.99,155.99,69.93,42.7,2016338947792347137,CJ Dropshipping,unavailable,1,0,0,0,0,0,none,false,,4000,11,924,,C,true,small animal cage with food dish water bottle hay feeder platform ramp for chinchilla black,none-detected,5,0,0,0,8,6,10,0,4,3,8,4,5,3,3,54,NO_REAL_STOCK|NO_US_DELIVERY_PATH|UNUSABLE_SHIPPING_PROMISE,2,LONGTAIL,"margin 42.7% (price 121.99, cost 69.93); stock us=0 eu=0 cn=0 effective=0; variant payload us=55 total=55; description 924 chars, quality_score=n/a; 11 gallery images + primary",column stock is 0 but CJ variant payload reports 55 US units — needs re-sync before trusting; no shipping window on record — conservative shipping score; differentiators: multi-level; no quality/readiness score — spec confidence from copy length only
ca1da661-c5c5-4f6f-92c4-81cc3743913d,pet-dog-cat-harness-pet-harness-with-leashset-adjustable-puppy-harness-ca1d,No-Pull Pet Harness & Leash Set – Reflective Training for Dogs & Cats,active,false,both,Dog Collars & Leashes,Pet Supplies > Multi-Pet Supplies > Collar & Leash Supplies > Harnesses,29.95,36.99,11.89,60.3,1879363199833100290,CJ Dropshipping,unavailable,1,0,0,0,0,0,none,false,,100,12,278,,C,true,pet dog cat harness pet harness with leashset adjustable puppy harness comfortablereflective easy control dog with leather leashnopull no choke pet harness for trainingwalking,none-detected,15,0,0,0,13,6,10,0,1,2,8,4,5,3,2,54,NO_REAL_STOCK|NO_US_DELIVERY_PATH|UNUSABLE_SHIPPING_PROMISE,2,ACCESSORY_CANDIDATE,"margin 60.3% (price 29.95, cost 11.89); stock us=0 eu=0 cn=0 effective=0; variant payload us=2 total=2; description 278 chars, quality_score=n/a; 12 gallery images + primary",column stock is 0 but CJ variant payload reports 2 US units — needs re-sync before trusting; no shipping window on record — conservative shipping score; no quality/readiness score — spec confidence from copy length only; inventory sync stale or never run
216114b5-1faa-4c15-89e9-610ad43adf6d,pawhut-wooden-pet-gate-6-panel-folding-dog-safety-barrier-with-support-feet-for-2161,Folding Wooden Dog Gate – 6-Panel Barrier for Small & Medium Dogs,active,true,dog,Dog Toys,Pet Supplies > Dog Supplies > Safety > Safety Gates,200.99,250.99,133.77,33.4,2008058996666830850,CJ Dropshipping,unknown,1,46,46,0,0,46,US,true,,11500,11,282,,C,true,pawhut wooden pet gate 6panel folding dog safety barrier with support feet for small  medium dogs natural wood,none-detected,7,0,0,0,5,15,8,0,1,2,8,4,5,3,3,54,UNUSABLE_SHIPPING_PROMISE|UNACCEPTABLE_MARGIN,1,LONGTAIL,"margin 33.4% (price 200.99, cost 133.77); stock us=46 eu=0 cn=0 effective=46; variant payload us=40 total=40; description 282 chars, quality_score=n/a; 11 gallery images + primary",no shipping window on record — conservative shipping score; no quality/readiness score — spec confidence from copy length only
1c6ec0e8-a703-4f00-acbc-c5b2908593ef,solar-bird-feeder-for-outdoors-hanging-metal-wild-bird-feeder-for-cardinals-1c6e,Bird Feeder – Solar Powered Hanging Garden Lantern for Wild Birds,inactive,false,unknown,Bird Bowls & Feeders,Pet Supplies > Bird Supplies > Feeding Supplies > Bird Feeder,41.99,53.99,21.07,49.8,1942489434670989314,CJ Dropshipping,unavailable,1,0,0,0,0,0,none,false,,439,5,2162,81,B1,false,solar bird feeder for outdoors hanging metal wild bird feeder for cardinals solar garden lantern with s hook as gift for bird lovers,none-detected,0,0,0,0,8,6,2,3,4,9,6,4,5,3,3,53,NO_REAL_STOCK|NO_US_DELIVERY_PATH|UNUSABLE_SHIPPING_PROMISE,2,LONGTAIL,"margin 49.8% (price 41.99, cost 21.07); stock us=0 eu=0 cn=0 effective=0; variant payload us=30 total=30; description 2162 chars, quality_score=81; 5 gallery images + primary",column stock is 0 but CJ variant payload reports 30 US units — needs re-sync before trusting; no shipping window on record — conservative shipping score; problem signals: waterproof; differentiators: automatic
17c1494b-b677-4868-a3f9-bc7280755f5b,extra-thick-indoor-cat-scratching-post-with-hanging-ball-toy-durable-fiberboard-claw-friendly-surfac,"Extra Thick Indoor Cat Scratching Post With Hanging Ball Toy - Durable Fiberboard Claw-Friendly Surface For Cats, Sturdy & Safe Design For Play And Relaxation, Cat Scratcher",inactive,false,cat,Cat Scratching Posts,,65.95,81.99,32.99,50,1970379370966331394,CJ Dropshipping,unavailable,3,0,0,0,0,0,none,false,,2170,6,1565,,C,false,extra thick indoor cat scratching post with hanging ball toy  durable fiberboard clawfriendly surface for cats sturdy  safe design for play and relaxation cat scratcher,none-detected,0,0,0,0,8,6,2,3,4,4,8,7,5,3,3,53,NO_REAL_STOCK|NO_US_DELIVERY_PATH|UNUSABLE_SHIPPING_PROMISE,2,LONGTAIL,"margin 50.0% (price 65.95, cost 32.99); stock us=0 eu=0 cn=0 effective=0; variant payload us=88 total=88; description 1565 chars, quality_score=n/a; 6 gallery images + primary",column stock is 0 but CJ variant payload reports 88 US units — needs re-sync before trusting; no shipping window on record — conservative shipping score; problem signals: scratch; differentiators: furniture; no quality/readiness score — spec confidence from copy length only
fb8c30fa-e063-40d0-aec5-d11281e50f87,wooden-dog-agility-seesaw-for-training-and-exercise-gray," Wooden Dog Agility Seesaw for Training and Exercise, Gray",inactive,false,dog,Dog Training,,137.99,167.99,78.93,42.8,2003454359616548865,CJ Dropshipping,unknown,1,577,577,0,0,577,US,true,,7000,8,651,,C,false,wooden dog agility seesaw for training and exercise gray,confirmed,0,0,0,0,8,15,8,0,0,3,8,4,2,3,2,53,UNUSABLE_SHIPPING_PROMISE|DUPLICATE,1,LONGTAIL,"margin 42.8% (price 137.99, cost 78.93); stock us=577 eu=0 cn=0 effective=577; variant payload us=0 total=0; description 651 chars, quality_score=n/a; 8 gallery images + primary",no shipping window on record — conservative shipping score; no quality/readiness score — spec confidence from copy length only; inventory sync stale or never run
d53e38e5-2863-475f-b1fe-5466e8b9de8f,pet-drying-moisturizing-and-soothing-cleansing-wipes,Pet Drying Moisturizing And Soothing Cleansing Wipes,inactive,false,both,pet-supplies,,12.5,15.63,5,60,2602070914271603400,CJ Dropshipping,discontinued,0,7060,0,0,7060,7060,CN,false,,,6,1117,,C,false,pet-drying-moisturizing-and-soothing-cleansing-wipes,none-detected,0,0,0,0,13,5,2,6,1,3,8,4,5,4,2,53,UNRELIABLE_SUPPLIER|UNUSABLE_SHIPPING_PROMISE,1,ACCESSORY_CANDIDATE,"margin 60.0% (price 12.5, cost 5); stock us=0 eu=0 cn=7060 effective=7060; variant payload us=0 total=0; description 1117 chars, quality_score=n/a; 6 gallery images + primary","no shipping window on record — conservative shipping score; problem signals: odor, shed; no quality/readiness score — spec confidence from copy length only; no weight on record — damage risk partly inferred; inventory sync stale or never run"
63e9c522-6d2a-4cda-8a0f-e636c5a354cd,wicker-dog-house-elevated-raised-rattan-bed-with-removable-cushion-lounge-charcoal-gray," Wicker Dog House Elevated Raised Rattan Bed with Removable Cushion Lounge, Charcoal Gray",inactive,false,dog,Dog Beds,Pet Supplies > Dog Supplies > Beds & Furniture > Beds,174.99,224.99,116.66,33.3,2003451552668954626,CJ Dropshipping,unavailable,1,0,0,0,0,0,none,false,,10700,8,994,89,C,false,wicker dog house elevated raised rattan bed with removable cushion lounge charcoal gray,none-detected,0,0,0,0,5,6,2,3,4,8,8,7,5,3,2,53,NO_REAL_STOCK|NO_US_DELIVERY_PATH|UNUSABLE_SHIPPING_PROMISE|UNACCEPTABLE_MARGIN,3,RETIRE_CANDIDATE,"margin 33.3% (price 174.99, cost 116.66); stock us=0 eu=0 cn=0 effective=0; variant payload us=11 total=11; description 994 chars, quality_score=89; 8 gallery images + primary",column stock is 0 but CJ variant payload reports 11 US units — needs re-sync before trusting; no shipping window on record — conservative shipping score; problem signals: orthopedic; differentiators: furniture; inventory sync stale or never run
a1c89f7f-a1d1-4607-a72a-d4f9da8b4ceb,new-fashion-transparent-pet-bag-cat-and-dog-travel-backpack-bags,Dog & Cat Travel Backpack – Transparent Pet Carrier for Small Dogs & Cats,inactive,false,both,Dog Travel,Pet Supplies > Multi-Pet Supplies > Carriers > Travel Backpacks,94.49,116.99,47.24,50,2010244582387523586,CJ Dropshipping,unavailable,5,0,0,0,0,0,none,false,,998,8,259,89,A,false,new fashion transparent pet bag  cat and dog travel backpack bags,none-detected,0,0,0,0,11,6,2,0,4,7,8,7,2,3,3,53,NO_REAL_STOCK|NO_US_DELIVERY_PATH|UNUSABLE_SHIPPING_PROMISE,2,LONGTAIL,"margin 50.0% (price 94.49, cost 47.24); stock us=0 eu=0 cn=0 effective=0; variant payload us=8 total=8; description 259 chars, quality_score=89; 8 gallery images + primary",column stock is 0 but CJ variant payload reports 8 US units — needs re-sync before trusting; no shipping window on record — conservative shipping score; differentiators: transparent
51a1bb0f-4fb4-4470-877c-5a9e04242689,wizard-hat-cat-scratching-post-with-spring-ball-toy-for-indoor-cats-halloween-spooky-cat-scratcher-p,"Wizard Hat Cat Scratching Post With Spring Ball Toy For Indoor Cats, Halloween Spooky Cat Scratcher, Purple",active,false,cat,Cat Scratching Posts,Pet Supplies > Cat Supplies > Furniture > Scratching Posts,69.49,88.99,34.79,49.9,1969337642851778562,CJ Dropshipping,unknown,1,0,0,0,0,0,unknown,false,,2800,11,1439,,A,true,wizard hat cat scratching post with spring ball toy for indoor cats halloween spooky cat scratcher purple,none-detected,0,0,0,0,8,6,2,3,7,4,8,4,5,3,3,53,NO_REAL_STOCK|NO_US_DELIVERY_PATH|UNUSABLE_SHIPPING_PROMISE,2,LONGTAIL,"margin 49.9% (price 69.49, cost 34.79); stock us=0 eu=0 cn=0 effective=0; variant payload us=456 total=456; description 1439 chars, quality_score=n/a; 11 gallery images + primary","column stock is 0 but CJ variant payload reports 456 US units — needs re-sync before trusting; no shipping window on record — conservative shipping score; problem signals: scratch; differentiators: furniture, sisal; no quality/readiness score — spec confidence from copy length only"
ee4a814d-479c-448f-9170-ce74fade3a7b,cat-teaser-wand-with-a-long-pole-and-a-bell,Interactive Cat Teaser Wand – Long Pole with Bell for Cats,active,true,cat,Cat Toys,Pet Supplies > Cat Supplies > Cat Toys > Teaser Wands,15.99,19.99,4.59,71.3,2601150530191600700,CJ Dropshipping,unknown,1,42339,0,0,42339,42339,CN,false,,16,6,979,85,B1,true,cat teaser wand with a long pole and a bell,none-detected,41,0,0,0,15,5,2,0,1,8,8,4,5,3,2,53,UNUSABLE_SHIPPING_PROMISE,0,ACCESSORY_CANDIDATE,"margin 71.3% (price 15.99, cost 4.59); stock us=0 eu=0 cn=42339 effective=42339; variant payload us=0 total=0; description 979 chars, quality_score=85; 6 gallery images + primary",no shipping window on record — conservative shipping score; inventory sync stale or never run
5a5756d8-0ba2-40a3-bc69-ee5646dd566b,84-6-in-light-gray-cat-tree-tower-with-wide-base-3-large-hinding-condo-11-sisal-5a57,Cat Tree Tower – Multi-Level Condo with Sisal Posts & Hammocks for Cats,active,false,cat,Cat Trees & Condos,Pet Supplies > Cat Supplies > Furniture > Cat Tree Tower,201.99,398.99,134.61,33.4,1996833883874787330,CJ Dropshipping,unknown,1,0,0,0,0,0,none,false,,1000,6,216,,A,true,846 in light gray cat tree tower with wide base 3 large hinding condo 11 sisal scratching post sisal scratching ladder 2 hammocks large top platform many landing perch and interactive toy,none-detected,0,0,0,0,5,6,2,3,10,1,8,7,5,3,3,53,NO_REAL_STOCK|NO_US_DELIVERY_PATH|UNUSABLE_SHIPPING_PROMISE|INSUFFICIENT_SPECS|UNACCEPTABLE_MARGIN,4,RETIRE_CANDIDATE,"margin 33.4% (price 201.99, cost 134.61); stock us=0 eu=0 cn=0 effective=0; variant payload us=230 total=230; description 216 chars, quality_score=n/a; 6 gallery images + primary","column stock is 0 but CJ variant payload reports 230 US units — needs re-sync before trusting; no shipping window on record — conservative shipping score; problem signals: scratch; differentiators: multi-level, enclosed, furniture, sisal; no quality/readiness score — spec confidence from copy length only"
ba5771b4-10d2-4866-97f4-4176c1e210f1,dog-liquid-lick-bow-dog-slow-feeding-plate-non-slip-spherical-pet-licking-bowl,Dog Slow Feeder Bowl – Non-Slip Licking Plate for Enrichment & Anxiety Relief,inactive,false,unknown,Dog Bowls & Feeders,Pet Supplies > Dog Supplies > Feeding Supplies > Slow Feeder Bowls,9.99,12.49,3.67,63.3,2603201004391630100,CJ Dropshipping,discontinued,1,24052,0,0,24052,24052,CN,false,,300,8,155,,B1,false,,none-detected,0,0,0,0,13,5,2,9,1,1,8,4,5,3,2,53,UNRELIABLE_SUPPLIER|UNUSABLE_SHIPPING_PROMISE|INSUFFICIENT_SPECS,2,ACCESSORY_CANDIDATE,"margin 63.3% (price 9.99, cost 3.67); stock us=0 eu=0 cn=24052 effective=24052; variant payload us=0 total=0; description 155 chars, quality_score=n/a; 8 gallery images + primary","no shipping window on record — conservative shipping score; problem signals: non-slip, anxiety, slow feeder; no quality/readiness score — spec confidence from copy length only; inventory sync stale or never run"
60f46506-1d5b-4b09-a61f-43c0a5221b00,smart-bird-feeder-with-solar-powered-camera-1080p-hd-ai-identify-pir-motion-60f4,Smart Bird Feeder – Solar Powered Camera with AI & WiFi for Birds,inactive,false,unknown,Bird Bowls & Feeders,Pet Supplies > Bird Supplies > Feeding > Smart Bird Feeder,162.99,209.99,93.38,42.7,1990607682028085250,CJ Dropshipping,unknown,1,230,230,0,0,230,US,true,,1000,6,0,,C,false,smart bird feeder with solar powered camera 1080p hd ai identify pir motion auto capture video cloud card storage wifi connection app control ip65 waterproof,confirmed,0,0,0,0,8,15,8,0,0,0,8,4,5,3,2,53,UNUSABLE_SHIPPING_PROMISE|INSUFFICIENT_SPECS|DUPLICATE,2,LONGTAIL,"margin 42.7% (price 162.99, cost 93.38); stock us=230 eu=0 cn=0 effective=230; variant payload us=0 total=0; description 0 chars, quality_score=n/a; 6 gallery images + primary",no shipping window on record — conservative shipping score; no quality/readiness score — spec confidence from copy length only; inventory sync stale or never run
eba31c66-a543-43e3-955e-9f5dfb84fc2a,cat-toy-with-bells-accordion-style-scratching-post-for-cats,Cat Toy With Bells Accordion-style Scratching Post For Cats,inactive,false,cat,Cat Scratching Posts,,9.99,12.49,2.28,77.2,2602190402021636800,CJ Dropshipping,discontinued,1,26522,0,0,26522,26522,CN,false,,,6,286,,C,false,,none-detected,0,0,0,0,15,5,2,3,1,2,8,4,5,4,4,53,UNRELIABLE_SUPPLIER|UNUSABLE_SHIPPING_PROMISE,1,ACCESSORY_CANDIDATE,"margin 77.2% (price 9.99, cost 2.28); stock us=0 eu=0 cn=26522 effective=26522; variant payload us=0 total=0; description 286 chars, quality_score=n/a; 6 gallery images + primary",no shipping window on record — conservative shipping score; problem signals: scratch; no quality/readiness score — spec confidence from copy length only; no weight on record — damage risk partly inferred
751a5548-c309-4dc8-8500-0fe820ea6c09,pet-bowl-oblique-mouth-cat-bowl-food-bowl-dog-bowl-method-bucket-food-bowl,Tilted Pet Food Bowl – Oblique Mouth Feeder for Dogs & Cats,inactive,false,both,Dog Food & Treats,Pet Supplies > Multi-Pet Supplies > Feeding Supplies > Pet Bowls,42.99,55.99,17.37,59.6,8FDAF06D-C5E3-4623-A96D-697A46D48574,CJ Dropshipping,discontinued,0,150000,0,0,150000,150000,CN,false,,1100,5,968,85,C,false,pet bowl oblique mouth cat bowl food bowl dog bowl method bucket food bowl,none-detected,0,0,0,0,11,5,2,3,1,8,6,7,5,3,2,53,UNRELIABLE_SUPPLIER|UNUSABLE_SHIPPING_PROMISE,1,LONGTAIL,"margin 59.6% (price 42.99, cost 17.37); stock us=0 eu=0 cn=150000 effective=150000; variant payload us=0 total=0; description 968 chars, quality_score=85; 5 gallery images + primary",no shipping window on record — conservative shipping score; problem signals: non-slip; inventory sync stale or never run
2d25aa9d-ba6e-45a8-a93e-0cdf085f2842,wall-mounted-cat-house-cat-wall-furniture-cat-wall-shelf-with-washable-cushion-natural,"Wall Mounted Cat House, Cat Wall Furniture, Cat Wall Shelf with Washable Cushion, Natural",active,false,cat,Cat Houses,Pet Supplies > Cat Supplies > Beds & Furniture > Cat Houses,79.99,113.99,53.97,32.5,1991251003025580033,CJ Dropshipping,unavailable,1,0,0,0,0,0,none,false,,1900,8,276,,C,true,wall mounted cat house cat wall furniture cat wall shelf with washable cushion natural,none-detected,13,0,0,0,5,6,10,0,4,2,8,7,5,3,3,53,NO_REAL_STOCK|NO_US_DELIVERY_PATH|UNUSABLE_SHIPPING_PROMISE|UNACCEPTABLE_MARGIN,3,RETIRE_CANDIDATE,"margin 32.5% (price 79.99, cost 53.97); stock us=0 eu=0 cn=0 effective=0; variant payload us=36 total=36; description 276 chars, quality_score=n/a; 8 gallery images + primary",column stock is 0 but CJ variant payload reports 36 US units — needs re-sync before trusting; no shipping window on record — conservative shipping score; differentiators: furniture; no quality/readiness score — spec confidence from copy length only
c0502467-6d81-4a0a-9d7f-c6c0f52f9330,wooden-cat-run-with-weather-protection-connecting-inside-and-outside,Outdoor Cat Enclosure – Weather Protection Cage for Cats,active,false,cat,Cat Toys,Pet Supplies > Cat Supplies > Cat Furniture > Cat Enclosures,206.99,251.99,137.73,33.5,2009907292721160193,CJ Dropshipping,unknown,1,0,0,0,0,0,unknown,false,,9700,11,3332,85,A,true,wooden cat run with weather protection connecting inside and outside,none-detected,0,0,0,0,5,6,2,0,4,9,8,7,5,3,4,53,NO_REAL_STOCK|NO_US_DELIVERY_PATH|UNUSABLE_SHIPPING_PROMISE|UNACCEPTABLE_MARGIN,3,RETIRE_CANDIDATE,"margin 33.5% (price 206.99, cost 137.73); stock us=0 eu=0 cn=0 effective=0; variant payload us=107 total=107; description 3332 chars, quality_score=85; 11 gallery images + primary",column stock is 0 but CJ variant payload reports 107 US units — needs re-sync before trusting; no shipping window on record — conservative shipping score; differentiators: furniture
3fd13716-2e5b-4817-890b-ae218388fda0,pet-sunglasses-dog-cat-windproof-glasses-accessories-goggles-small-medium-dog-3fd1,UV Protection Pet Sunglasses – Windproof Eye Goggles for Dogs & Cats,active,true,both,Dog Grooming,Pet Supplies > Multi-Pet Supplies > Grooming Supplies > Eye Protection,37.49,48.99,14.99,60,1953339880991121410,CJ Dropshipping,unknown,1,44,44,0,0,44,US,true,,50,2,832,,B1,true,pet sunglasses dog cat windproof glasses accessories goggles small medium dog sun visor eye wear glasses uv dust fog protection with adjustable strap,none-detected,19,0,0,0,13,15,10,0,1,3,4,2,2,0,2,52,UNUSABLE_SHIPPING_PROMISE,0,ACCESSORY_CANDIDATE,"margin 60.0% (price 37.49, cost 14.99); stock us=44 eu=0 cn=0 effective=44; variant payload us=44 total=44; description 832 chars, quality_score=n/a; 2 gallery images + primary",no shipping window on record — conservative shipping score; no quality/readiness score — spec confidence from copy length only; inventory sync stale or never run
4d7c420b-1665-4692-9f4c-15868a386323,pawhut-pearl-design-pet-sofa-for-medium-and-large-sized-dogs-pet-bed-with-4d7c,Elevated Dog Bed – Solid Wood Leg Sofa Pet Cushion for Medium & Large Dogs,active,false,dog,Dog Beds,Pet Supplies > Dog Supplies > Beds & Furniture > Dog Beds,215.99,268.99,144.18,33.2,2008724966728523778,CJ Dropshipping,unknown,1,0,0,0,0,0,unknown,false,,8000,11,3462,86,A,true,pawhut pearl design pet sofa for medium and large sized dogs pet bed with cushion and solid wood legs dark blue,none-detected,0,0,0,0,5,6,2,0,4,9,8,7,5,3,3,52,NO_REAL_STOCK|NO_US_DELIVERY_PATH|UNUSABLE_SHIPPING_PROMISE|UNACCEPTABLE_MARGIN,3,RETIRE_CANDIDATE,"margin 33.2% (price 215.99, cost 144.18); stock us=0 eu=0 cn=0 effective=0; variant payload us=24 total=24; description 3462 chars, quality_score=86; 11 gallery images + primary",column stock is 0 but CJ variant payload reports 24 US units — needs re-sync before trusting; no shipping window on record — conservative shipping score; differentiators: furniture
1cb0c3a0-a373-4276-994d-24dbce8b97fc,cat-bed-with-washable-cushion-for-cats,Cat Bed with Washable Cushion for Cats,inactive,false,cat,Cat Beds,Pet Supplies > Cat Supplies > Beds > Cushioned Beds,126.99,163.99,72.42,43,1991250839688175618,CJ Dropshipping,unavailable,2,0,0,0,0,0,none,false,,4000,9,1014,69,C,false,cat bed with washable cushion for cats,none-detected,0,0,0,0,8,6,2,3,1,7,8,7,5,3,2,52,NO_REAL_STOCK|NO_US_DELIVERY_PATH|UNUSABLE_SHIPPING_PROMISE,2,LONGTAIL,"margin 43.0% (price 126.99, cost 72.42); stock us=0 eu=0 cn=0 effective=0; variant payload us=237 total=237; description 1014 chars, quality_score=69; 9 gallery images + primary",column stock is 0 but CJ variant payload reports 237 US units — needs re-sync before trusting; no shipping window on record — conservative shipping score; problem signals: odor; inventory sync stale or never run
5c1feb07-c164-464f-a4c8-8d70bbaa7bad,only-self-pickup-stainless-steel-cat-litter-box-msp001,Only Self Pickup---Stainless Steel Cat Litter Box - MSP001,inactive,false,unknown,Pet Furniture Tools,,79.99,98.99,40.41,49.5,2062459156969988098,CJ Dropshipping,unknown,1,0,0,0,0,0,none,false,,4500,9,277,,C,false,,none-detected,0,0,0,0,8,0,10,3,4,2,8,7,5,3,2,52,NO_REAL_STOCK|NO_US_DELIVERY_PATH|UNUSABLE_SHIPPING_PROMISE|INVENTORY_BLOCKED,3,RETIRE_CANDIDATE,"margin 49.5% (price 79.99, cost 40.41); stock us=0 eu=0 cn=0 effective=0; variant payload us=0 total=0; description 277 chars, quality_score=n/a; 9 gallery images + primary",no shipping window on record — conservative shipping score; problem signals: litter; differentiators: furniture; no quality/readiness score — spec confidence from copy length only; inventory sync stale or never run
c75e6aea-754e-4edb-b157-38862765c419,only-self-pickup-galaxy-stainless-steel-cat-litter-box,Only Self Pickup---Galaxy Stainless Steel Cat Litter Box,inactive,false,unknown,Pet Furniture Tools,,55.49,69.99,27.76,50,2062453145369767937,CJ Dropshipping,unknown,4,0,0,0,0,0,none,false,,2100,18,277,,C,false,,none-detected,0,0,0,0,8,0,10,3,4,2,8,7,5,3,2,52,NO_REAL_STOCK|NO_US_DELIVERY_PATH|UNUSABLE_SHIPPING_PROMISE|INVENTORY_BLOCKED,3,RETIRE_CANDIDATE,"margin 50.0% (price 55.49, cost 27.76); stock us=0 eu=0 cn=0 effective=0; variant payload us=0 total=0; description 277 chars, quality_score=n/a; 18 gallery images + primary",no shipping window on record — conservative shipping score; problem signals: litter; differentiators: furniture; no quality/readiness score — spec confidence from copy length only; inventory sync stale or never run
9ce41cfa-7d97-418f-bd89-c630da6b225d,stylish-and-spacious-foldable-soft-pet-carrier-for-dogs-and-cats,Foldable Pet Carrier – Soft Travel Bag for Dogs & Cats,inactive,false,both,Dog Houses,Pet Supplies > Multi-Pet Supplies > Carriers > Travel Bag,89.95,110.99,44.99,50,1996064726721794050,CJ Dropshipping,unavailable,2,0,0,0,0,0,none,false,,1696,16,1046,,C,false,stylish and spacious foldable soft pet carrier for dogs and cats,none-detected,0,0,0,0,8,6,2,3,4,3,8,7,5,3,3,52,NO_REAL_STOCK|NO_US_DELIVERY_PATH|UNUSABLE_SHIPPING_PROMISE,2,LONGTAIL,"margin 50.0% (price 89.95, cost 44.99); stock us=0 eu=0 cn=0 effective=0; variant payload us=8 total=8; description 1046 chars, quality_score=n/a; 16 gallery images + primary",column stock is 0 but CJ variant payload reports 8 US units — needs re-sync before trusting; no shipping window on record — conservative shipping score; problem signals: anxiety; differentiators: foldable; no quality/readiness score — spec confidence from copy length only
77eb686e-40c4-4458-902e-da1ce88831f1,handwoven-elevated-cat-bed-with-soft-cushion-egg-chair-shape,Handwoven Elevated Cat Bed with Soft Cushion & Egg Chair Shape,inactive,false,cat,Cat Beds,,116.99,143.99,67.12,42.6,1991249902657638402,CJ Dropshipping,unavailable,6,0,0,0,0,0,none,false,,4200,10,972,,C,false,handwoven elevated cat bed with soft cushion  egg chair shape,none-detected,0,0,0,0,8,6,2,6,1,3,8,7,5,3,3,52,NO_REAL_STOCK|NO_US_DELIVERY_PATH|UNUSABLE_SHIPPING_PROMISE,2,LONGTAIL,"margin 42.6% (price 116.99, cost 67.12); stock us=0 eu=0 cn=0 effective=0; variant payload us=542 total=542; description 972 chars, quality_score=n/a; 10 gallery images + primary","column stock is 0 but CJ variant payload reports 542 US units — needs re-sync before trusting; no shipping window on record — conservative shipping score; problem signals: hair, hide; no quality/readiness score — spec confidence from copy length only"
2bf9d939-bf2c-4382-a8e2-3c60c6795b72,explosion-proof-dog-collar-with-stimulation-chain,Durable Dog Training Collar – Anti-Explosion Chain with Stimulation,inactive,false,dog,Dog Training,Pet Supplies > Dog Supplies > Training Supplies > Training Collars,9.99,12.49,2.93,70.7,2602140408561602000,CJ Dropshipping,available,1,84106,0,0,84106,84106,CN,false,,,5,938,83,B1,false,,none-detected,0,0,0,0,15,5,2,0,1,8,6,4,5,4,2,52,UNUSABLE_SHIPPING_PROMISE|ADMIN_REVIEW:Supplier images dead (404) — auto-retired by image rehost guard,0,ACCESSORY_CANDIDATE,"margin 70.7% (price 9.99, cost 2.93); stock us=0 eu=0 cn=84106 effective=84106; variant payload us=0 total=0; description 938 chars, quality_score=83; 5 gallery images + primary",no shipping window on record — conservative shipping score; no weight on record — damage risk partly inferred; inventory sync stale or never run
10ba8425-750b-44b7-90e3-167c6736bdac,enclosed-sleeping-bag-pet-bed-for-winter-warmth,Enclosed Pet Bed – Warm Sleeping Bag for Cats & Small Dogs,active,true,unknown,Cat Beds,Pet Supplies > Multi-Pet Supplies > Beds > Sleeping Bags,9.99,12.49,3.34,66.6,2603040454581617300,CJ Dropshipping,available,1,27987,0,0,27987,27987,CN,false,,600,7,329,,B1,true,,none-detected,22,0,0,0,13,5,2,0,4,2,8,7,5,3,3,52,UNUSABLE_SHIPPING_PROMISE,0,ACCESSORY_CANDIDATE,"margin 66.6% (price 9.99, cost 3.34); stock us=0 eu=0 cn=27987 effective=27987; variant payload us=0 total=0; description 329 chars, quality_score=n/a; 7 gallery images + primary",no shipping window on record — conservative shipping score; differentiators: enclosed; no quality/readiness score — spec confidence from copy length only
be675a88-73bb-49da-af39-f04b86c2e925,gradient-color-portable-foldable-pet-water-bottle,Gradient Color Portable Foldable Pet Water Bottle,inactive,false,unknown,pet-supplies,,13.75,17.19,5.5,60,2603240237161601300,CJ Dropshipping,discontinued,1,44065,0,0,44065,44065,CN,false,,,6,842,,C,false,,none-detected,0,0,0,0,13,5,2,0,4,3,8,4,5,4,4,52,UNRELIABLE_SUPPLIER|UNUSABLE_SHIPPING_PROMISE,1,ACCESSORY_CANDIDATE,"margin 60.0% (price 13.75, cost 5.5); stock us=0 eu=0 cn=44065 effective=44065; variant payload us=0 total=0; description 842 chars, quality_score=n/a; 6 gallery images + primary",no shipping window on record — conservative shipping score; differentiators: foldable; no quality/readiness score — spec confidence from copy length only; no weight on record — damage risk partly inferred
a4586e4a-0b45-4bd8-b5f8-f470020fd9b8,only-self-pickup-stainless-steel-cat-litter-box-a15,Only Self Pickup---Stainless Steel Cat Litter Box - A15,inactive,false,unknown,Pet Furniture Tools,,79.99,100.99,40.41,49.5,2062458351469916161,CJ Dropshipping,unknown,1,0,0,0,0,0,none,false,,4500,12,277,,C,false,,none-detected,0,0,0,0,8,0,10,3,4,2,8,7,5,3,2,52,NO_REAL_STOCK|NO_US_DELIVERY_PATH|UNUSABLE_SHIPPING_PROMISE|INVENTORY_BLOCKED,3,RETIRE_CANDIDATE,"margin 49.5% (price 79.99, cost 40.41); stock us=0 eu=0 cn=0 effective=0; variant payload us=0 total=0; description 277 chars, quality_score=n/a; 12 gallery images + primary",no shipping window on record — conservative shipping score; problem signals: litter; differentiators: furniture; no quality/readiness score — spec confidence from copy length only; inventory sync stale or never run
9a35d525-170d-4b2d-a11a-2ca5dcf41f3f,muttco-pet-collar-bow-traction-set,Cat Collar & Leash Set – Stylish Bow Traction Set for Cats,inactive,false,cat,Cat Collars & Accessories,Pet Supplies > Cat Supplies > Collars & Leashes > Cat Collar & Leash Set,19.99,25.99,6.7,66.5,A2C5EBD4-E1B4-4118-A9C1-9102D4E77C90,CJ Dropshipping,discontinued,1,906978,0,0,906978,906978,CN,false,,200,7,278,88,B1,false,muttco pet collar bow traction set,none-detected,0,0,0,0,13,5,2,0,1,7,8,4,5,3,4,52,UNRELIABLE_SUPPLIER|UNUSABLE_SHIPPING_PROMISE,1,ACCESSORY_CANDIDATE,"margin 66.5% (price 19.99, cost 6.7); stock us=0 eu=0 cn=906978 effective=906978; variant payload us=0 total=0; description 278 chars, quality_score=88; 7 gallery images + primary",no shipping window on record — conservative shipping score
e2c6bdb6-6400-4dec-8605-c318eb9c7ca6,extra-large-red-umbrella-mushroom-cat-bed-scratch-resistant-and-wear-resistant-removable-and-washabl,"Extra Large Red Umbrella Mushroom Cat Bed, Scratch-resistant And Wear-resistant, Removable And Washable, Universal Pet Seat Bed For All Seasons, Pet Cat Bed, High-looking Mushroom Cat House",inactive,false,cat,Cat Beds,Pet Supplies > Cat Supplies > Beds & Furniture > Pet Beds,98.49,127.99,49.26,50,1949031393026400257,CJ Dropshipping,discontinued,1,0,0,0,0,0,unknown,false,,4000,6,1030,65,A,false,extra large red umbrella mushroom cat bed scratchresistant and wearresistant removable and washable universal pet seat bed for all seasons pet cat bed highlooking mushroom cat house,none-detected,0,0,0,0,8,0,2,6,4,7,8,7,5,3,2,52,UNRELIABLE_SUPPLIER|NO_REAL_STOCK|NO_US_DELIVERY_PATH|UNUSABLE_SHIPPING_PROMISE,3,RETIRE_CANDIDATE,"margin 50.0% (price 98.49, cost 49.26); stock us=0 eu=0 cn=0 effective=0; variant payload us=0 total=0; description 1030 chars, quality_score=65; 6 gallery images + primary","no shipping window on record — conservative shipping score; problem signals: scratch, hide; differentiators: furniture; inventory sync stale or never run"
1338e81b-5de4-4e47-8f95-ad6bb69c3b4c,cat-teaser-wand-toy-with-shiny-reflective-plastic-pieces,Interactive Cat Teaser Wand – Reflective Feather Toy for Indoor Play,inactive,false,cat,Cat Toys,Pet Supplies > Cat Supplies > Toys > Teaser Wand,9.99,12.49,0.62,93.8,2602010832321613500,CJ Dropshipping,unknown,1,37426,0,0,37426,37426,CN,false,,80,11,254,86,B1,false,cat teaser wand toy with shiny reflective plastic pieces,none-detected,0,0,0,0,15,5,2,0,1,7,8,4,5,3,2,52,UNUSABLE_SHIPPING_PROMISE,0,ACCESSORY_CANDIDATE,"margin 93.8% (price 9.99, cost 0.62); stock us=0 eu=0 cn=37426 effective=37426; variant payload us=0 total=0; description 254 chars, quality_score=86; 11 gallery images + primary",no shipping window on record — conservative shipping score; inventory sync stale or never run
bb9194db-1285-4cec-9d8c-d8a41c4435af,oxford-fabric-waterproof-dog-bed-color-block-dog-mat-all-season-pet-nest-cool-square-dog-sleeping-pa,Oxford Fabric Waterproof Dog Bed Color-block Dog Mat All-season Pet Nest Cool Square Dog Sleeping Pad,inactive,false,dog,Dog Beds,,9.99,12.49,3.99,60.1,2602040343061607700,CJ Dropshipping,discontinued,0,141199,0,0,141199,141199,CN,false,,,6,274,,C,false,oxford fabric waterproof dog bed colorblock dog mat allseason pet nest cool square dog sleeping pad,none-detected,0,0,0,0,13,5,2,3,1,2,8,7,5,4,2,52,UNRELIABLE_SUPPLIER|UNUSABLE_SHIPPING_PROMISE,1,ACCESSORY_CANDIDATE,"margin 60.1% (price 9.99, cost 3.99); stock us=0 eu=0 cn=141199 effective=141199; variant payload us=0 total=0; description 274 chars, quality_score=n/a; 6 gallery images + primary",no shipping window on record — conservative shipping score; problem signals: waterproof; no quality/readiness score — spec confidence from copy length only; no weight on record — damage risk partly inferred; inventory sync stale or never run
7e82ed3c-ff3e-48c7-b273-962a507b3814,pawhut-wooden-dog-crate-end-table-dog-crate-furniture-with-triple-doors-puppy-crate-for-small-dogs-i,"PawHut Wooden Dog Crate End Table, Dog Crate Furniture With Triple Doors, Puppy Crate For Small Dogs Indoor Use, Dark Gray",active,false,dog,Dog Houses,Pet Supplies > Dog Supplies > Housing & Habitat > Dog Houses,220.99,280.99,147.43,33.3,2008057131824746498,CJ Dropshipping,unknown,1,0,0,0,0,0,unknown,false,,15400,10,3407,81,C,true,pawhut wooden dog crate end table dog crate furniture with triple doors puppy crate for small dogs indoor use dark gray,none-detected,0,0,0,0,5,6,2,0,4,9,8,7,5,3,3,52,NO_REAL_STOCK|NO_US_DELIVERY_PATH|UNUSABLE_SHIPPING_PROMISE|UNACCEPTABLE_MARGIN,3,RETIRE_CANDIDATE,"margin 33.3% (price 220.99, cost 147.43); stock us=0 eu=0 cn=0 effective=0; variant payload us=12 total=12; description 3407 chars, quality_score=81; 10 gallery images + primary",column stock is 0 but CJ variant payload reports 12 US units — needs re-sync before trusting; no shipping window on record — conservative shipping score; differentiators: furniture
e6a4387a-478e-44fe-b054-10fc716db377,3-in-1-pet-stroller-with-detachable-carrier-foldable-dog-stroller-with-storage-e6a4,Dog Carrier Stroller – 3-in-1 Foldable & Detachable Stroller for Small Dogs,active,false,dog,Dog Carriers,Pet Supplies > Dog Supplies > Carriers > Carrier Stroller,164.99,212.99,116.38,29.5,1969221845395230722,CJ Dropshipping,unknown,1,0,0,0,0,0,none,false,,7194,6,2019,83,A,true,3 in 1 pet stroller with detachable carrier foldable dog stroller with storage basket cupholder for mini dogs gray,none-detected,0,0,0,0,2,6,2,0,7,9,8,7,5,3,3,52,NO_REAL_STOCK|NO_US_DELIVERY_PATH|UNUSABLE_SHIPPING_PROMISE|UNACCEPTABLE_MARGIN,3,RETIRE_CANDIDATE,"margin 29.5% (price 164.99, cost 116.38); stock us=0 eu=0 cn=0 effective=0; variant payload us=230 total=230; description 2019 chars, quality_score=83; 6 gallery images + primary","column stock is 0 but CJ variant payload reports 230 US units — needs re-sync before trusting; no shipping window on record — conservative shipping score; differentiators: dual, foldable"
dd370d50-f6a9-4d8f-b44c-06295cb7cd1a,dog-training-collar-for-2-dogs-black-and-red,Dog Training Collar – Dual Remote Control for Two Dogs,active,true,dog,Dog Training,Pet Supplies > Dog Supplies > Training & Obedience > Training Collar,46.49,60.99,18.59,60,1572843054778822656,CJ Dropshipping,unknown,1,22684,0,0,22684,22684,CN,false,,330,3,278,86,A,true,dog training collar for 2 dogs black and red,none-detected,20,0,0,0,13,5,2,0,4,7,4,7,5,3,2,52,UNUSABLE_SHIPPING_PROMISE,0,LONGTAIL,"margin 60.0% (price 46.49, cost 18.59); stock us=0 eu=0 cn=22684 effective=22684; variant payload us=0 total=0; description 278 chars, quality_score=86; 3 gallery images + primary",no shipping window on record — conservative shipping score; differentiators: dual; inventory sync stale or never run
f5e91024-1a87-47b1-bd5d-ac9547640e06,double-sided-all-season-dog-bed-mat-made-of-chew-resistant-leather-for-pets,Double-sided All-Season Dog Bed Mat Made Of Chew-Resistant Leather For Pets,active,true,dog,Dog Beds,Pet Supplies > Dog Supplies > Beds & Furniture > Dog Bed Mats,21.53,26.91,8.61,60,2602200733101612000,CJ Dropshipping,available,1,53277,0,0,53277,53277,CN,false,,,6,274,,C,true,,none-detected,29,0,0,0,13,5,2,0,4,2,8,7,5,4,2,52,UNUSABLE_SHIPPING_PROMISE,0,ACCESSORY_CANDIDATE,"margin 60.0% (price 21.53, cost 8.61); stock us=0 eu=0 cn=53277 effective=53277; variant payload us=0 total=0; description 274 chars, quality_score=n/a; 6 gallery images + primary",no shipping window on record — conservative shipping score; differentiators: furniture; no quality/readiness score — spec confidence from copy length only; no weight on record — damage risk partly inferred; inventory sync stale or never run
ca8c7749-1f61-4660-8e55-60bb8be599eb,69-wooden-hexagonal-outdoor-aviary-flight-bird-cage-with-covered-roof-brown," 69"" Wooden Hexagonal Outdoor Aviary Flight Bird Cage With Covered Roof, Brown",inactive,false,unknown,Bird Cages,,468.99,596.99,329.58,29.7,2003458870501744641,CJ Dropshipping,unknown,1,83,83,0,0,83,US,true,,19500,8,1029,,C,false,69 wooden hexagonal outdoor aviary flight bird cage with covered roof brown,none-detected,0,0,0,0,2,15,8,0,1,3,8,4,5,3,2,51,UNUSABLE_SHIPPING_PROMISE|UNACCEPTABLE_MARGIN,1,LONGTAIL,"margin 29.7% (price 468.99, cost 329.58); stock us=83 eu=0 cn=0 effective=83; variant payload us=0 total=0; description 1029 chars, quality_score=n/a; 8 gallery images + primary",no shipping window on record — conservative shipping score; no quality/readiness score — spec confidence from copy length only; inventory sync stale or never run
9977601c-9de8-4beb-8aee-71cdd23b8814,mushroom-cat-climbing-frame-sisal-cat-climbing-post-interesting-red-and-white-mushroom-design-with-f,"Mushroom Cat Climbing Frame, Sisal Cat Climbing Post, Interesting Red And White Mushroom Design With Fluffy Base, Cat Scratching Claw Toy, Cat Tree, Wear-resistant Cat Scratching Ball, Cat Supplies",inactive,false,cat,Cat Trees & Condos,,59.99,84.99,34.85,41.9,1975854797114810370,CJ Dropshipping,unavailable,1,0,0,0,0,0,none,false,,1750,7,275,,C,false,mushroom cat climbing frame sisal cat climbing post interesting red and white mushroom design with fluffy base cat scratching claw toy cat tree wearresistant cat scratching ball cat supplies,none-detected,0,0,0,0,8,6,2,3,4,2,8,7,5,3,3,51,NO_REAL_STOCK|NO_US_DELIVERY_PATH|UNUSABLE_SHIPPING_PROMISE,2,LONGTAIL,"margin 41.9% (price 59.99, cost 34.85); stock us=0 eu=0 cn=0 effective=0; variant payload us=249 total=249; description 275 chars, quality_score=n/a; 7 gallery images + primary",column stock is 0 but CJ variant payload reports 249 US units — needs re-sync before trusting; no shipping window on record — conservative shipping score; problem signals: scratch; differentiators: sisal; no quality/readiness score — spec confidence from copy length only
32e50b79-e2bc-4895-a7c2-5534dd9095a0,spaceship-top-entry-fully-enclosed-cat-litter-box-with-free-litter-mat-anti-32e5,Enclosed Cat Litter Box – Top Entry Spaceship Design with Odor Locking,inactive,false,cat,Cat Litter Boxes,Pet Supplies > Cat Supplies > Litter Supplies > Litter Box,113.6,142,45.44,60,2022183322730651650,CJ Dropshipping,discontinued,0,0,0,0,0,0,unknown,false,,2800,9,195,,B1,false,,none-detected,0,0,0,0,13,0,2,6,4,1,8,7,5,3,2,51,UNRELIABLE_SUPPLIER|NO_REAL_STOCK|NO_US_DELIVERY_PATH|UNUSABLE_SHIPPING_PROMISE|INSUFFICIENT_SPECS,4,RETIRE_CANDIDATE,"margin 60.0% (price 113.6, cost 45.44); stock us=0 eu=0 cn=0 effective=0; variant payload us=0 total=0; description 195 chars, quality_score=n/a; 9 gallery images + primary","no shipping window on record — conservative shipping score; problem signals: odor, litter; differentiators: enclosed; no quality/readiness score — spec confidence from copy length only; inventory sync stale or never run"
c572e0e4-0df9-45e4-8d37-f5a821dcdef1,thickened-warm-plaid-pp-cotton-dog-bed,Dog Bed – Warm Plaid Cushion with PP Cotton Fill for Medium & Large Dogs,inactive,false,unknown,Dog Beds,Pet Supplies > Dog Supplies > Beds & Furniture > Dog Beds,11.38,14.23,4.55,60,2603240602131638400,CJ Dropshipping,discontinued,0,91325,0,0,91325,91325,CN,false,,1200,6,271,,C,false,,none-detected,0,0,0,0,13,5,2,0,4,2,8,7,5,3,2,51,UNRELIABLE_SUPPLIER|UNUSABLE_SHIPPING_PROMISE,1,ACCESSORY_CANDIDATE,"margin 60.0% (price 11.38, cost 4.55); stock us=0 eu=0 cn=91325 effective=91325; variant payload us=0 total=0; description 271 chars, quality_score=n/a; 6 gallery images + primary",no shipping window on record — conservative shipping score; differentiators: furniture; no quality/readiness score — spec confidence from copy length only; inventory sync stale or never run
630e20a1-b550-4ed9-8834-e7718fba56c7,hooded-cat-litter-box-large-kitty-litter-pan-with-lid-scoop-leaking-sand-pedal-top-handle-light-pink," Hooded Cat Litter Box, Large Kitty Litter Pan with Lid, Scoop, Leaking Sand Pedal, Top Handle, Light Pink",inactive,false,cat,Cat Litter Boxes,,105.99,132.99,60.8,42.6,2003462344491511809,CJ Dropshipping,unavailable,1,0,0,0,0,0,none,false,,3600,8,1016,,C,false,hooded cat litter box large kitty litter pan with lid scoop leaking sand pedal top handle light pink,confirmed,0,0,0,0,8,6,2,6,0,3,8,7,5,3,3,51,NO_REAL_STOCK|NO_US_DELIVERY_PATH|UNUSABLE_SHIPPING_PROMISE|DUPLICATE,3,RETIRE_CANDIDATE,"margin 42.6% (price 105.99, cost 60.8); stock us=0 eu=0 cn=0 effective=0; variant payload us=10 total=10; description 1016 chars, quality_score=n/a; 8 gallery images + primary","column stock is 0 but CJ variant payload reports 10 US units — needs re-sync before trusting; no shipping window on record — conservative shipping score; problem signals: odor, litter; no quality/readiness score — spec confidence from copy length only"
823a3f90-486f-4f7a-aa35-e4fdd3ede96b,gloves-with-double-sided-bristles-for-effectively-removing-cat-and-dog-hair-pet-hair-remover,Gloves With Double-sided Bristles For Effectively Removing Cat And Dog Hair Pet Hair Remover,inactive,false,unknown,Cat Toys,,9.99,12.49,1.18,88.2,2603020328441632600,CJ Dropshipping,discontinued,1,48421,0,0,48421,48421,CN,false,,,8,274,,C,false,,none-detected,0,0,0,0,15,5,2,3,1,2,8,4,5,4,2,51,UNRELIABLE_SUPPLIER|UNUSABLE_SHIPPING_PROMISE,1,ACCESSORY_CANDIDATE,"margin 88.2% (price 9.99, cost 1.18); stock us=0 eu=0 cn=48421 effective=48421; variant payload us=0 total=0; description 274 chars, quality_score=n/a; 8 gallery images + primary",no shipping window on record — conservative shipping score; problem signals: hair; no quality/readiness score — spec confidence from copy length only; no weight on record — damage risk partly inferred; inventory sync stale or never run
11ad4a14-5d71-483c-a6db-9df9d7c48b86,smart-digital-display-fast-aldehyde-removal-household-pet-odor-eliminator-11ad,Smart Digital Display Fast Aldehyde Removal Household Pet Odor Eliminator Negative Ion Formaldehyde Purifier,inactive,false,unknown,Small Pet Accessories,Pet Supplies > Multi-Pet Supplies > Air Quality Control > Pet Odor Eliminator,149.99,187.49,136.19,9.2,2603071010201611100,CJ Dropshipping,discontinued,1,59432,0,0,59432,59432,CN,false,,,5,653,87,B1,false,,none-detected,0,0,0,0,0,5,2,9,1,8,6,7,5,4,4,51,UNRELIABLE_SUPPLIER|UNUSABLE_SHIPPING_PROMISE|UNACCEPTABLE_MARGIN,2,LONGTAIL,"margin 9.2% (price 149.99, cost 136.19); stock us=0 eu=0 cn=59432 effective=59432; variant payload us=0 total=0; description 653 chars, quality_score=87; 5 gallery images + primary","no shipping window on record — conservative shipping score; problem signals: odor, smell, litter; no weight on record — damage risk partly inferred"
c5d624fa-eec3-4240-878c-60e422faaac6,pet-ear-cleanersuitable-for-both-cats-and-dogs,Pet Ear Cleanersuitable For Both Cats And Dogs,inactive,false,both,pet-supplies,,9.99,12.49,1,90,2602200308271621500,CJ Dropshipping,discontinued,1,5362,0,0,5362,5362,CN,false,,,5,1673,,C,false,,none-detected,0,0,0,0,15,5,2,0,1,4,6,7,5,4,2,51,UNRELIABLE_SUPPLIER|UNUSABLE_SHIPPING_PROMISE,1,ACCESSORY_CANDIDATE,"margin 90.0% (price 9.99, cost 1); stock us=0 eu=0 cn=5362 effective=5362; variant payload us=0 total=0; description 1673 chars, quality_score=n/a; 5 gallery images + primary",no shipping window on record — conservative shipping score; no quality/readiness score — spec confidence from copy length only; no weight on record — damage risk partly inferred; inventory sync stale or never run
539df59c-f25d-45aa-8257-634a3e4a5743,pet-feeding-station-pet-dish-bowl-set-with-storage-2-elevated-dog-bowls-for-539d,Elevated Dog Bowl Set – Dual Dish Feeding Station with Storage for Large Dogs,inactive,false,dog,Dog Bowls & Feeders,Pet Supplies > Dog Supplies > Feeding Supplies > Elevated Dog Bowl Set,141.07,176.34,56.43,60,2027199063913680897,CJ Dropshipping,available,1,0,0,0,0,0,unknown,false,,,11,2534,88,C,false,,none-detected,0,0,0,0,11,0,2,0,4,9,8,4,5,4,4,51,NO_REAL_STOCK|NO_US_DELIVERY_PATH|UNUSABLE_SHIPPING_PROMISE,2,RETIRE_CANDIDATE,"margin 60.0% (price 141.07, cost 56.43); stock us=0 eu=0 cn=0 effective=0; variant payload us=0 total=0; description 2534 chars, quality_score=88; 11 gallery images + primary",no shipping window on record — conservative shipping score; differentiators: dual; no weight on record — damage risk partly inferred
1d2d5bb1-36d5-4c76-a426-298abf0755d6,pet-creative-toilet-water-dispenser,Automatic Pet Water Fountain – Drinking Dispenser for Cats & Dogs,inactive,false,unknown,Cat Bowls & Feeders,Pet Supplies > General Pet Supplies > Feeding Supplies > Water Dispensers,9.99,12.49,1.55,84.5,2603030738061615400,CJ Dropshipping,discontinued,1,21420,0,0,21420,21420,CN,false,,400,6,203,,B1,false,,none-detected,0,0,0,0,15,5,2,0,4,1,8,4,5,3,4,51,UNRELIABLE_SUPPLIER|UNUSABLE_SHIPPING_PROMISE|INSUFFICIENT_SPECS,2,ACCESSORY_CANDIDATE,"margin 84.5% (price 9.99, cost 1.55); stock us=0 eu=0 cn=21420 effective=21420; variant payload us=0 total=0; description 203 chars, quality_score=n/a; 6 gallery images + primary",no shipping window on record — conservative shipping score; differentiators: automatic; no quality/readiness score — spec confidence from copy length only
780a5941-9b20-4e4c-8b9d-58b17f6a722f,parrot-toy-birdcage-swing-perch-rod,Parrot Toy Birdcage Swing Perch Rod,inactive,false,unknown,Bird Toys,,23.99,31.99,8.15,66,2601170246291620100,CJ Dropshipping,discontinued,1,9213,0,0,9213,9213,CN,false,,210,6,898,,C,false,parrot toy birdcage swing perch rod,none-detected,0,0,0,0,13,5,2,0,1,3,8,7,5,3,4,51,UNRELIABLE_SUPPLIER|UNUSABLE_SHIPPING_PROMISE,1,ACCESSORY_CANDIDATE,"margin 66.0% (price 23.99, cost 8.15); stock us=0 eu=0 cn=9213 effective=9213; variant payload us=0 total=0; description 898 chars, quality_score=n/a; 6 gallery images + primary",no shipping window on record — conservative shipping score; no quality/readiness score — spec confidence from copy length only
12a3f51c-5872-4544-a690-43cbbc8fb5f0,dog-and-cat-grooming-trimmer-professional-pet-salon-tool-for-trimming-dog-fur-12a3,GetPawsy Pet Grooming Trimmer – Rechargeable Clipper for Dogs & Cats,inactive,false,unknown,Pet Grooming,Pet Supplies > Dog Supplies > Grooming > Pet Clippers & Trimmers,15.75,19.69,6.3,60,2603191009051609900,CJ Dropshipping,discontinued,1,26654,0,0,26654,26654,CN,false,,200,8,199,81,B1,false,,none-detected,0,0,0,0,13,5,2,3,1,6,8,4,2,3,4,51,UNRELIABLE_SUPPLIER|UNUSABLE_SHIPPING_PROMISE|INSUFFICIENT_SPECS,2,ACCESSORY_CANDIDATE,"margin 60.0% (price 15.75, cost 6.3); stock us=0 eu=0 cn=26654 effective=26654; variant payload us=0 total=0; description 199 chars, quality_score=81; 8 gallery images + primary",no shipping window on record — conservative shipping score; problem signals: hair
4a959ea8-9872-4b92-906b-c94b108a5f67,dog-cot-cooling-pet-bed-2,Cooling Dog Bed – Elevated Mesh Outdoor Pet Cot for Dogs,inactive,false,dog,Dog Beds,Pet Supplies > Dog Supplies > Dog Beds > Pet Cot,147.99,178.99,84.45,42.9,2013829224850014210,CJ Dropshipping,unknown,1,0,0,0,0,0,none,false,,1000,6,897,84,C,false,dog cot cooling pet bed,confirmed,0,0,0,0,8,6,2,0,0,8,8,7,5,3,3,50,NO_REAL_STOCK|NO_US_DELIVERY_PATH|UNUSABLE_SHIPPING_PROMISE|DUPLICATE,3,RETIRE_CANDIDATE,"margin 42.9% (price 147.99, cost 84.45); stock us=0 eu=0 cn=0 effective=0; variant payload us=230 total=230; description 897 chars, quality_score=84; 6 gallery images + primary",column stock is 0 but CJ variant payload reports 230 US units — needs re-sync before trusting; no shipping window on record — conservative shipping score
51c901f4-cd73-4a51-98ce-41f8f3759bf5,pawhut-two-rooms-design-dog-whelping-box-with-washable-pee-pad-adjustable-door-51c9,Dog Whelping Box – Two-Room Design with Washable Pee Pad for Large Dogs,active,false,dog,Dog Toys,Pet Supplies > Dog Supplies > Beds & Furniture > Whelping Boxes,424.99,546.99,283.48,33.3,2008444895146065921,CJ Dropshipping,unknown,1,0,0,0,0,0,unknown,false,,24000,11,274,85,A,true,pawhut two rooms design dog whelping box with washable pee pad adjustable door for large breed dogs,none-detected,0,0,0,0,5,6,2,0,4,7,8,7,5,3,3,50,NO_REAL_STOCK|NO_US_DELIVERY_PATH|UNUSABLE_SHIPPING_PROMISE|UNACCEPTABLE_MARGIN,3,RETIRE_CANDIDATE,"margin 33.3% (price 424.99, cost 283.48); stock us=0 eu=0 cn=0 effective=0; variant payload us=27 total=27; description 274 chars, quality_score=85; 11 gallery images + primary",column stock is 0 but CJ variant payload reports 27 US units — needs re-sync before trusting; no shipping window on record — conservative shipping score; differentiators: furniture
6b8923c6-41ee-4a52-8fb1-9d85e432f928,large-hamster-cage-small-animal-exercise-play-house-3-tier-with-tray,Large Hamster Cage Small Animal Exercise Play House 3 Tier with Tray,inactive,false,unknown,Hamster Cages,,191.99,239.99,128.28,33.2,1991252831240183809,CJ Dropshipping,unavailable,1,0,0,0,0,0,none,false,,11000,8,4000,,C,false,large hamster cage small animal exercise play house 3 tier with tray,none-detected,0,0,0,0,5,6,2,3,4,4,8,7,5,3,3,50,NO_REAL_STOCK|NO_US_DELIVERY_PATH|UNUSABLE_SHIPPING_PROMISE|UNACCEPTABLE_MARGIN,3,RETIRE_CANDIDATE,"margin 33.2% (price 191.99, cost 128.28); stock us=0 eu=0 cn=0 effective=0; variant payload us=197 total=197; description 4000 chars, quality_score=n/a; 8 gallery images + primary",column stock is 0 but CJ variant payload reports 197 US units — needs re-sync before trusting; no shipping window on record — conservative shipping score; problem signals: hide; differentiators: transparent; no quality/readiness score — spec confidence from copy length only
0e50022f-759e-4830-9d87-968729d736dd,1-pair-pet-grooming-cat-dog-rabbits-horse-gloves-pet-brush-glove-premium-de-0e50,GetPawsy De-Shedding Grooming Glove – Brush for Dogs & Cats,inactive,false,unknown,Dog Grooming,Pet Supplies > Multi-Pet Supplies > Grooming > Grooming Gloves,35.99,43.99,14.49,59.7,2001567158079119361,CJ Dropshipping,unavailable,1,0,0,0,0,0,none,false,,200,11,181,,B1,false,1 pair pet grooming cat dog rabbits horse gloves pet brush glove premium deshedding glove,none-detected,0,0,0,0,11,6,2,6,1,1,8,4,5,3,3,50,NO_REAL_STOCK|NO_US_DELIVERY_PATH|UNUSABLE_SHIPPING_PROMISE|INSUFFICIENT_SPECS,3,RETIRE_CANDIDATE,"margin 59.7% (price 35.99, cost 14.49); stock us=0 eu=0 cn=0 effective=0; variant payload us=38 total=38; description 181 chars, quality_score=n/a; 11 gallery images + primary","column stock is 0 but CJ variant payload reports 38 US units — needs re-sync before trusting; no shipping window on record — conservative shipping score; problem signals: hair, shed; no quality/readiness score — spec confidence from copy length only"
10b4e6a0-1bf8-4f28-944f-5626e227d461,4pc-dog-agility-training-equipment-set-with-spray-water-tube-white," 4pc Dog Agility Training Equipment Set with Spray Water Tube, White",inactive,false,dog,Dog Beds,Pet Supplies > Dog Supplies > Training & Obedience > Agility Equipment,146.99,191.99,84.23,42.7,2003457426842038273,CJ Dropshipping,unavailable,1,0,0,0,0,0,none,false,,5500,8,1195,74,C,false,4pc dog agility training equipment set with spray water tube white,none-detected,0,0,0,0,8,6,2,0,1,7,8,7,5,3,3,50,NO_REAL_STOCK|NO_US_DELIVERY_PATH|UNUSABLE_SHIPPING_PROMISE,2,LONGTAIL,"margin 42.7% (price 146.99, cost 84.23); stock us=0 eu=0 cn=0 effective=0; variant payload us=63 total=63; description 1195 chars, quality_score=74; 8 gallery images + primary",column stock is 0 but CJ variant payload reports 63 US units — needs re-sync before trusting; no shipping window on record — conservative shipping score
a57a224e-72c3-41ac-aee0-89141bd7e6d1,hamster-cage-habitat-with-acrylic-window-openable-top-for-dwarf-hamster,Hamster Cage Habitat with Acrylic Window & Openable Top for Dwarf Hamster,inactive,false,unknown,Hamster Cages,,320.99,395.99,214.02,33.3,1991255443937878017,CJ Dropshipping,unavailable,1,0,0,0,0,0,none,false,,17300,8,3566,,C,false,hamster cage habitat with acrylic window  openable top for dwarf hamster,none-detected,0,0,0,0,5,6,2,3,4,4,8,7,5,3,3,50,NO_REAL_STOCK|NO_US_DELIVERY_PATH|UNUSABLE_SHIPPING_PROMISE|UNACCEPTABLE_MARGIN,3,RETIRE_CANDIDATE,"margin 33.3% (price 320.99, cost 214.02); stock us=0 eu=0 cn=0 effective=0; variant payload us=221 total=221; description 3566 chars, quality_score=n/a; 8 gallery images + primary",column stock is 0 but CJ variant payload reports 221 US units — needs re-sync before trusting; no shipping window on record — conservative shipping score; problem signals: odor; differentiators: transparent; no quality/readiness score — spec confidence from copy length only
979f7056-bc3b-46a4-b311-eee588b0812d,indoor-outdoor-dog-playpen-premium-pet-puppy-fence-with-gate-portable-cage,"Indoor Outdoor Dog Playpen, Premium Pet Puppy Fence With Gate, Portable Cage",active,true,unknown,Pet Guardrails,Pet Supplies > Dog Supplies > Containment & Training > Dog Playpens,165.99,202.99,110.66,33.3,2065640954382569474,CJ Dropshipping,unknown,1,345,345,0,0,345,US,true,,14410,3,282,,C,true,,none-detected,26,0,0,0,5,15,10,0,1,2,4,2,5,3,3,50,UNUSABLE_SHIPPING_PROMISE|UNACCEPTABLE_MARGIN,1,LONGTAIL,"margin 33.3% (price 165.99, cost 110.66); stock us=345 eu=0 cn=0 effective=345; variant payload us=618 total=618; description 282 chars, quality_score=n/a; 3 gallery images + primary",no shipping window on record — conservative shipping score; no quality/readiness score — spec confidence from copy length only
3940390c-8ccc-4f9a-8f59-535cbf446d00,69-hexagonal-outdoor-aviary-flight-bird-cage-with-covered-roof,"69"" Hexagonal Outdoor Aviary Flight Bird Cage With Covered Roof",inactive,false,unknown,Bird Cages,,232.99,281.99,155.22,33.4,1991249217406885889,CJ Dropshipping,unavailable,1,0,0,0,0,0,none,false,,15000,8,4000,,C,false,69 hexagonal outdoor aviary flight bird cage with covered roof,none-detected,0,0,0,0,5,6,2,3,4,4,8,7,5,3,3,50,NO_REAL_STOCK|NO_US_DELIVERY_PATH|UNUSABLE_SHIPPING_PROMISE|UNACCEPTABLE_MARGIN,3,RETIRE_CANDIDATE,"margin 33.4% (price 232.99, cost 155.22); stock us=0 eu=0 cn=0 effective=0; variant payload us=119 total=119; description 4000 chars, quality_score=n/a; 8 gallery images + primary",column stock is 0 but CJ variant payload reports 119 US units — needs re-sync before trusting; no shipping window on record — conservative shipping score; problem signals: waterproof; differentiators: dual; no quality/readiness score — spec confidence from copy length only
d4409d93-93ca-4368-a96a-ac5ac361f8c8,17-double-stainless-heavy-duty-dog-food-bowl-elevated-pet-feeding-station,"17"" Double Stainless Heavy Duty Dog Food Bowl Elevated Pet Feeding Station",active,false,dog,Dog Food & Treats,Pet Supplies > Dog Supplies > Feeding & Watering Supplies > Elevated Dog Bowls,96.99,120.99,48.67,49.8,1991248718479790081,CJ Dropshipping,unknown,1,0,0,0,0,0,none,false,,2200,9,1030,,C,true,17 double stainless heavy duty dog food bowl elevated pet feeding station,none-detected,0,0,0,0,8,6,2,3,1,3,8,7,5,3,4,50,NO_REAL_STOCK|NO_US_DELIVERY_PATH|UNUSABLE_SHIPPING_PROMISE,2,LONGTAIL,"margin 49.8% (price 96.99, cost 48.67); stock us=0 eu=0 cn=0 effective=0; variant payload us=103 total=103; description 1030 chars, quality_score=n/a; 9 gallery images + primary",column stock is 0 but CJ variant payload reports 103 US units — needs re-sync before trusting; no shipping window on record — conservative shipping score; problem signals: joint; no quality/readiness score — spec confidence from copy length only
8130a517-c525-47dc-b298-b0fb7696d6a7,cat-tree-for-indoor-cats-with-wooden-cat-scratching-posts-cat-condo-cat-beds-8130,"Cat Tree Condo – Wooden Furniture with Scratching Posts, Beds & Balls for Cats",inactive,false,cat,Cat Trees & Condos,Pet Supplies > Cat Supplies > Cat Furniture > Cat Tree Condo,161.99,197.99,108.32,33.1,2013541655659524097,CJ Dropshipping,discontinued,1,0,0,0,0,0,none,false,,9850,11,840,89,A,false,cat tree for indoor cats with wooden cat scratching posts cat condo cat beds  toy balls cream white,none-detected,0,0,0,0,5,0,2,3,7,8,8,7,5,3,2,50,UNRELIABLE_SUPPLIER|NO_REAL_STOCK|NO_US_DELIVERY_PATH|UNUSABLE_SHIPPING_PROMISE|UNACCEPTABLE_MARGIN,4,RETIRE_CANDIDATE,"margin 33.1% (price 161.99, cost 108.32); stock us=0 eu=0 cn=0 effective=0; variant payload us=0 total=0; description 840 chars, quality_score=89; 11 gallery images + primary","no shipping window on record — conservative shipping score; problem signals: scratch; differentiators: multi-level, furniture; inventory sync stale or never run"
8fc44b92-ccec-4f8a-9177-f3caa1cc2483,nala-pet-dog-collar-traction-rope,Durable Dog Collar & Leash Set – Traction Rope for Dogs,inactive,false,dog,Dog Collars & Leashes,Pet Supplies > Dog Supplies > Collars & Leashes > Leashes,19.99,25.99,6.7,66.5,961FA92A-3464-4C50-AF1B-2D85C3FBDE3B,CJ Dropshipping,discontinued,0,918891,0,0,918891,918891,CN,false,,200,7,278,83,A,false,nala pet dog collar traction rope,none-detected,0,0,0,0,13,5,2,0,1,7,8,4,5,3,2,50,UNRELIABLE_SUPPLIER|UNUSABLE_SHIPPING_PROMISE,1,ACCESSORY_CANDIDATE,"margin 66.5% (price 19.99, cost 6.7); stock us=0 eu=0 cn=918891 effective=918891; variant payload us=0 total=0; description 278 chars, quality_score=83; 7 gallery images + primary",no shipping window on record — conservative shipping score; inventory sync stale or never run
e08f6c35-b3b1-4f2d-b78e-37fc107f4357,indoor-wooden-cat-climbing-frame-cat-tower-cat-house-with-cat-scratching-board-e08f,Cat Tree Condo – Wooden Indoor Climbing Tower with Scratching Board for Cats,active,false,cat,Cat Trees & Condos,Pet Supplies > Cat Supplies > Furniture > Cat Tree Condo,171.99,213.99,98.04,43,1954095622978240514,CJ Dropshipping,unknown,1,0,0,0,0,0,unknown,false,,11380,12,198,,A,true,indoor wooden cat climbing frame cat tower cat house with cat scratching board ramp suitable for large cats and kittens,none-detected,0,0,0,0,8,6,2,3,4,1,8,7,5,3,3,50,NO_REAL_STOCK|NO_US_DELIVERY_PATH|UNUSABLE_SHIPPING_PROMISE|INSUFFICIENT_SPECS,3,RETIRE_CANDIDATE,"margin 43.0% (price 171.99, cost 98.04); stock us=0 eu=0 cn=0 effective=0; variant payload us=29 total=29; description 198 chars, quality_score=n/a; 12 gallery images + primary",column stock is 0 but CJ variant payload reports 29 US units — needs re-sync before trusting; no shipping window on record — conservative shipping score; problem signals: scratch; differentiators: furniture; no quality/readiness score — spec confidence from copy length only
4e73ea2d-7634-4f61-8cab-e6618c7978be,cat-repellent-spray,Cat Repellent Spray – Indoor & Outdoor Deterrent for Cats,inactive,false,cat,Cat Toys,Pet Supplies > Cat Supplies > Training & Behavior Aids > Cat Repellents,18.99,24.99,6.35,66.6,2601130953481610100,CJ Dropshipping,unknown,1,6296,0,0,6296,6296,CN,false,,177,6,274,88,A,false,cat repellent spray,none-detected,0,0,0,0,13,5,2,0,1,7,8,4,5,3,2,50,UNUSABLE_SHIPPING_PROMISE|ADMIN_REVIEW:Supplier images dead (404) — auto-retired by image rehost guard,0,ACCESSORY_CANDIDATE,"margin 66.6% (price 18.99, cost 6.35); stock us=0 eu=0 cn=6296 effective=6296; variant payload us=0 total=0; description 274 chars, quality_score=88; 6 gallery images + primary",no shipping window on record — conservative shipping score; inventory sync stale or never run
a0949cfe-40c4-43aa-b2a0-155835430abc,dog-collar-traction-rope,Dog Collar & Leash Set – Durable Traction Leash for Dogs,inactive,false,dog,Dog Collars & Leashes,"Pet Supplies > Dog Supplies > Collars, Leashes & Harnesses > Dog Collar & Leash Set",19.99,25.99,6.7,66.5,4F8F0A9F-FD81-4916-8196-FF6A74890EDA,CJ Dropshipping,discontinued,1,1281783,0,0,1281783,1281783,CN,false,,150,9,146,88,A,false,dog collar traction rope,none-detected,0,0,0,0,13,5,2,0,1,6,8,4,5,3,2,49,UNRELIABLE_SUPPLIER|UNUSABLE_SHIPPING_PROMISE|INSUFFICIENT_SPECS,2,ACCESSORY_CANDIDATE,"margin 66.5% (price 19.99, cost 6.7); stock us=0 eu=0 cn=1281783 effective=1281783; variant payload us=0 total=0; description 146 chars, quality_score=88; 9 gallery images + primary",no shipping window on record — conservative shipping score; inventory sync stale or never run
39bb08f6-dfa6-40ec-8b5a-d929d6270842,aluminum-transport-case-aluminum-car-carrier-travel-carrier-suitable-for-cats-39bb,Durable Dog Carrier – Aluminum Travel Transport Case for Dogs,active,false,dog,Dog Travel,Pet Supplies > Dog Supplies > Carriers > Travel Carrier,238.99,295.99,159.22,33.4,1986670344244088834,CJ Dropshipping,unavailable,1,0,0,0,0,0,none,false,,15249,6,348,91,A,true,aluminum transport case  aluminum car carrier travel carrier suitable for cats and dogs black and silver,none-detected,8,0,0,0,5,6,10,0,1,7,8,4,2,3,3,49,NO_REAL_STOCK|NO_US_DELIVERY_PATH|UNUSABLE_SHIPPING_PROMISE|UNACCEPTABLE_MARGIN,3,RETIRE_CANDIDATE,"margin 33.4% (price 238.99, cost 159.22); stock us=0 eu=0 cn=0 effective=0; variant payload us=20 total=20; description 348 chars, quality_score=91; 6 gallery images + primary",column stock is 0 but CJ variant payload reports 20 US units — needs re-sync before trusting; no shipping window on record — conservative shipping score
a1a3a9a2-2f03-4339-8b53-45893753c26e,mewoofun-donut-cat-bed-for-indoor-cats-23-inch-round-washable-pet-bed-with-non-slip-bottom-plush-flu,"MEWOOFUN Donut Cat Bed For Indoor Cats - 23 Inch Round Washable Pet Bed With Non-Slip Bottom, Plush Fluffy Small Dog Bed For Puppies & Kittens, Black Dot",inactive,false,both,Dog Beds,,79.95,98.99,39.99,50,1914521822286491649,CJ Dropshipping,unavailable,1,0,0,0,0,0,none,false,,1730,8,989,,C,false,mewoofun donut cat bed for indoor cats  23 inch round washable pet bed with nonslip bottom plush fluffy small dog bed for puppies  kittens black dot,none-detected,0,0,0,0,8,6,2,3,1,3,8,7,5,3,3,49,NO_REAL_STOCK|NO_US_DELIVERY_PATH|UNUSABLE_SHIPPING_PROMISE,2,LONGTAIL,"margin 50.0% (price 79.95, cost 39.99); stock us=0 eu=0 cn=0 effective=0; variant payload us=200 total=200; description 989 chars, quality_score=n/a; 8 gallery images + primary",column stock is 0 but CJ variant payload reports 200 US units — needs re-sync before trusting; no shipping window on record — conservative shipping score; problem signals: non-slip; no quality/readiness score — spec confidence from copy length only
a7ee6fb7-885a-4a5f-9dc9-df2231f9504b,durian-shape-cat-scratching-bed-cat-house-comfortable-sisal-rope-scratching-a7ee,Cat Scratching Bed – 3-in-1 Durian Shape Sisal Rope Scratcher for Cats,inactive,false,cat,Cat Trees & Condos,Pet Supplies > Cat Supplies > Cat Furniture > Cat Scratching Posts,155.99,191.99,89.35,42.7,2006968402615898113,CJ Dropshipping,discontinued,1,0,0,0,0,0,unknown,false,,7497,7,275,,A,false,durian shape cat scratching bed cat house  comfortable sisal rope scratching board with pvc plastic combination 3 in 1 cat resting bed  suitable for cat claw care cute and sturdy assembled pet fur,none-detected,0,0,0,0,8,0,2,3,7,2,8,7,5,3,4,49,UNRELIABLE_SUPPLIER|NO_REAL_STOCK|NO_US_DELIVERY_PATH|UNUSABLE_SHIPPING_PROMISE,3,RETIRE_CANDIDATE,"margin 42.7% (price 155.99, cost 89.35); stock us=0 eu=0 cn=0 effective=0; variant payload us=0 total=0; description 275 chars, quality_score=n/a; 7 gallery images + primary","no shipping window on record — conservative shipping score; problem signals: scratch; differentiators: furniture, sisal; no quality/readiness score — spec confidence from copy length only"
621046ab-729c-4cd2-b7c6-6260b0593ef6,the-two-piece-dog-leash-set-is-made-of-wear-resistant-and-skin-friendly-6210,Durable Dog Leash Set – Two-Piece Wear-Resistant for Dogs,inactive,false,dog,Dog Collars & Leashes,Pet Supplies > Dog Supplies > Collars & Leashes > Leash Set,39.99,48.99,16.19,59.5,1887779771720527874,CJ Dropshipping,unavailable,1,0,0,0,0,0,none,false,,170,7,1359,86,A,false,the two  piece dog leash set is made of wear  resistant and skin  friendly materials with excellent quality it meets various travel needs of dogs,none-detected,0,0,0,0,11,6,2,0,1,9,8,4,2,3,3,49,NO_REAL_STOCK|NO_US_DELIVERY_PATH|UNUSABLE_SHIPPING_PROMISE,2,ACCESSORY_CANDIDATE,"margin 59.5% (price 39.99, cost 16.19); stock us=0 eu=0 cn=0 effective=0; variant payload us=53 total=53; description 1359 chars, quality_score=86; 7 gallery images + primary",column stock is 0 but CJ variant payload reports 53 US units — needs re-sync before trusting; no shipping window on record — conservative shipping score
f2853418-0209-4720-b2ed-ecd8d9dfffaa,bow-pet-collar-large-and-small-pet-traction-collar-dog-chain,Durable Dog Collar & Leash Set – Adjustable Traction Chain for Dogs,inactive,false,dog,Dog Collars & Leashes,Pet Supplies > Dog Supplies > Collars & Leashes > Collar & Leash Sets,19.99,25.99,6.7,66.5,DE7649DD-63F7-454B-8B05-4688F305E1DB,CJ Dropshipping,discontinued,1,1161015,0,0,1161015,1161015,CN,false,,200,7,96,88,B1,false,bow pet collar large and small pet traction collar dog chain,none-detected,0,0,0,0,13,5,2,0,1,6,8,4,5,3,2,49,UNRELIABLE_SUPPLIER|UNUSABLE_SHIPPING_PROMISE|INSUFFICIENT_SPECS,2,ACCESSORY_CANDIDATE,"margin 66.5% (price 19.99, cost 6.7); stock us=0 eu=0 cn=1161015 effective=1161015; variant payload us=0 total=0; description 96 chars, quality_score=88; 7 gallery images + primary",no shipping window on record — conservative shipping score; inventory sync stale or never run
82096e25-3213-4ea0-8180-865cfed3db02,pet-bed-cat-house-dog-houseuniversal-for-all-seasons-including-summer-and-detachable,Pet Bed  Cat House   Dog Houseuniversal For All Seasons  Including Summer  And Detachable,inactive,false,both,Cat Houses,,20.33,25.41,8.13,60,2602030229541623200,CJ Dropshipping,discontinued,1,30890,0,0,30890,30890,CN,false,,,5,274,,C,false,pet bed  cat house   dog houseuniversal for all seasons  including summer  and detachable,none-detected,0,0,0,0,13,5,2,0,1,2,6,7,5,4,4,49,UNRELIABLE_SUPPLIER|UNUSABLE_SHIPPING_PROMISE,1,ACCESSORY_CANDIDATE,"margin 60.0% (price 20.33, cost 8.13); stock us=0 eu=0 cn=30890 effective=30890; variant payload us=0 total=0; description 274 chars, quality_score=n/a; 5 gallery images + primary",no shipping window on record — conservative shipping score; no quality/readiness score — spec confidence from copy length only; no weight on record — damage risk partly inferred
534cfdbe-cb9a-4587-954b-6619b5a038d8,pet-stainless-steel-double-bowl-dog-feeder-in-macaron-colors,Stainless Steel Pet Bowl – Double Macaron Feeder Dish for Pets,inactive,false,dog,Cat Bowls & Feeders,Pet Supplies > Dog Supplies > Feeding Supplies > Pet Bowls,9.99,12.49,1.62,83.8,2602050615151600100,CJ Dropshipping,discontinued,1,22775,0,0,22775,22775,CN,false,,700,7,340,,B1,false,pet stainless steel double bowl dog feeder in macaron colors,none-detected,0,0,0,0,15,5,2,0,1,2,8,4,5,3,4,49,UNRELIABLE_SUPPLIER|UNUSABLE_SHIPPING_PROMISE,1,ACCESSORY_CANDIDATE,"margin 83.8% (price 9.99, cost 1.62); stock us=0 eu=0 cn=22775 effective=22775; variant payload us=0 total=0; description 340 chars, quality_score=n/a; 7 gallery images + primary",no shipping window on record — conservative shipping score; no quality/readiness score — spec confidence from copy length only
e55628d7-d4bf-47a4-b047-69c26b1e1a4e,dog-agility-equipment-dog-weave-pole-set-agility-starter-kit-pet-outdoor-exercise-training-set,Dog Agility Equipment Dog Weave Pole Set Agility Starter Kit Pet Outdoor Exercise Training Set,active,false,dog,Dog Training,Pet Supplies > Dog Supplies > Training Supplies > Agility Equipment,94.99,120.99,54.48,42.6,2008452558114308097,CJ Dropshipping,unknown,1,0,0,0,0,0,unknown,false,,2400,12,3478,75,C,true,dog agility equipment dog weave pole set agility starter kit pet outdoor exercise training set,none-detected,0,0,0,0,8,6,2,0,1,9,8,4,5,3,3,49,NO_REAL_STOCK|NO_US_DELIVERY_PATH|UNUSABLE_SHIPPING_PROMISE,2,LONGTAIL,"margin 42.6% (price 94.99, cost 54.48); stock us=0 eu=0 cn=0 effective=0; variant payload us=9 total=9; description 3478 chars, quality_score=75; 12 gallery images + primary",column stock is 0 but CJ variant payload reports 9 US units — needs re-sync before trusting; no shipping window on record — conservative shipping score
d5629014-78fc-437d-a4a2-b0e9daf2cf71,new-rabbit-fleece-pet-dog-comfort-and-warmth-scarf,New Rabbit-fleece Pet Dog Comfort And Warmth Scarf,inactive,false,unknown,Dog Toys,,9.99,12.49,1.47,85.3,2601280847431607700,CJ Dropshipping,discontinued,1,88608,0,0,88608,88608,CN,false,,,8,274,,C,false,new rabbitfleece pet dog comfort and warmth scarf,none-detected,0,0,0,0,15,5,2,0,1,2,8,4,5,4,2,48,UNRELIABLE_SUPPLIER|UNUSABLE_SHIPPING_PROMISE,1,ACCESSORY_CANDIDATE,"margin 85.3% (price 9.99, cost 1.47); stock us=0 eu=0 cn=88608 effective=88608; variant payload us=0 total=0; description 274 chars, quality_score=n/a; 8 gallery images + primary",no shipping window on record — conservative shipping score; no quality/readiness score — spec confidence from copy length only; no weight on record — damage risk partly inferred; inventory sync stale or never run
5a20cc25-fab4-4ccd-93c7-f3b7d20b8e3c,electric-orange-mouse,Electric Orange Mouse,inactive,false,cat,Cat Toys,,49.95,64.99,19.98,60,1965959227586281474,CJ Dropshipping,unavailable,2,0,0,0,0,0,none,false,,120,8,979,,A,false,electric orange mouse,none-detected,0,0,0,0,13,6,2,0,1,3,8,4,5,3,3,48,NO_REAL_STOCK|NO_US_DELIVERY_PATH|UNUSABLE_SHIPPING_PROMISE,2,LONGTAIL,"margin 60.0% (price 49.95, cost 19.98); stock us=0 eu=0 cn=0 effective=0; variant payload us=60 total=60; description 979 chars, quality_score=n/a; 8 gallery images + primary",column stock is 0 but CJ variant payload reports 60 US units — needs re-sync before trusting; no shipping window on record — conservative shipping score; no quality/readiness score — spec confidence from copy length only
6e9dd10c-3b5d-4bd7-a037-0ac29fb039eb,cat-nail-clippers-dog-nail-clippers-trimmers-for-large-medium-small-dogs-cats-6e9d,Rechargeable Pet Nail Clippers – USB LED Light & Safety Guard for Dogs & Cats,inactive,false,both,Dog Grooming,Pet Supplies > Multi-Pet Supplies > Grooming > Nail Clippers,42.95,52.99,17.11,60.2,1947228268113522689,CJ Dropshipping,unavailable,1,0,0,0,0,0,none,false,,236,7,1004,,C,false,cat nail clippers  dog nail clippers trimmers for large medium small dogs cats claw trimmer quick sensor and safety guard usb rechargeable with led lights dogs nail trimmer,none-detected,0,0,0,0,13,6,2,0,4,3,8,4,2,3,3,48,NO_REAL_STOCK|NO_US_DELIVERY_PATH|UNUSABLE_SHIPPING_PROMISE,2,LONGTAIL,"margin 60.2% (price 42.95, cost 17.11); stock us=0 eu=0 cn=0 effective=0; variant payload us=28 total=28; description 1004 chars, quality_score=n/a; 7 gallery images + primary",column stock is 0 but CJ variant payload reports 28 US units — needs re-sync before trusting; no shipping window on record — conservative shipping score; differentiators: sensor; no quality/readiness score — spec confidence from copy length only
74c34d5c-62d3-4689-8da9-4e7c13e8462c,lightweight-comfortable-four-season-pet-shoes-for-outdoor-wear,Lightweight Comfortable Four-season Pet Shoes For Outdoor Wear,inactive,false,both,pet-supplies,,9.99,12.49,3.69,63.1,2601300948171614700,CJ Dropshipping,discontinued,1,71045,0,0,71045,71045,CN,false,,,6,3962,,C,false,lightweight comfortable fourseason pet shoes for outdoor wear,none-detected,0,0,0,0,13,5,2,0,1,4,8,4,5,4,2,48,UNRELIABLE_SUPPLIER|UNUSABLE_SHIPPING_PROMISE,1,ACCESSORY_CANDIDATE,"margin 63.1% (price 9.99, cost 3.69); stock us=0 eu=0 cn=71045 effective=71045; variant payload us=0 total=0; description 3962 chars, quality_score=n/a; 6 gallery images + primary",no shipping window on record — conservative shipping score; no quality/readiness score — spec confidence from copy length only; no weight on record — damage risk partly inferred; inventory sync stale or never run
eaa8ad7b-1676-4a3b-adfd-c303ff6088d8,dog-polyester-clothing-for-fall-and-winter-pets,Dog Polyester Clothing For Fall And Winter Pets,inactive,false,dog,Dog Toys,,9.99,12.49,2.63,73.7,2602190546141608800,CJ Dropshipping,discontinued,1,48677,0,0,48677,48677,CN,false,,,6,274,,C,false,,none-detected,0,0,0,0,15,5,2,0,1,2,8,4,5,4,2,48,UNRELIABLE_SUPPLIER|UNUSABLE_SHIPPING_PROMISE,1,ACCESSORY_CANDIDATE,"margin 73.7% (price 9.99, cost 2.63); stock us=0 eu=0 cn=48677 effective=48677; variant payload us=0 total=0; description 274 chars, quality_score=n/a; 6 gallery images + primary",no shipping window on record — conservative shipping score; no quality/readiness score — spec confidence from copy length only; no weight on record — damage risk partly inferred; inventory sync stale or never run
aa4c8e6e-7620-41e4-a98f-82f5d3cb785b,84-6-in-light-gray-cat-tree-tower-with-wide-base-3-large-hinding-condo-11-sisal-scratching-post-sisa-1,"84.6 In Light Gray Cat Tree Tower With Wide Base, 3 Large Hinding Condo, 11 Sisal Scratching Post, Sisal Scratching Ladder, 2 Hammocks, Large Top Platform, Many Landing Perch And Interactive Toy",inactive,false,cat,Cat Trees & Condos,,307.99,398.99,205.26,33.4,1993529399758573569,CJ Dropshipping,unknown,0,0,0,0,0,0,unknown,false,,27840,6,1019,,C,false,846 in light gray cat tree tower with wide base 3 large hinding condo 11 sisal scratching post sisal scratching ladder 2 hammocks large top platform many landing perch and interactive toy,confirmed,0,0,0,0,5,0,2,3,9,3,8,7,5,3,3,48,NO_REAL_STOCK|NO_US_DELIVERY_PATH|UNUSABLE_SHIPPING_PROMISE|UNACCEPTABLE_MARGIN|DUPLICATE,4,RETIRE_CANDIDATE,"margin 33.4% (price 307.99, cost 205.26); stock us=0 eu=0 cn=0 effective=0; variant payload us=0 total=0; description 1019 chars, quality_score=n/a; 6 gallery images + primary","no shipping window on record — conservative shipping score; problem signals: scratch; differentiators: multi-level, furniture, sisal; no quality/readiness score — spec confidence from copy length only"
287e6282-0c3a-410a-84e0-e37d9536e3a8,wicker-dog-house-outdoor-with-canopy-rattan-dog-bed-with-water-resistant-287e,Outdoor Dog Bed – Raised Wicker Rattan Canopy for Small & Medium Dogs,inactive,false,dog,Dog Beds,Pet Supplies > Dog Supplies > Beds > Raised Dog Bed,175.99,226.99,117.49,33.2,2003451517789122562,CJ Dropshipping,unavailable,1,0,0,0,0,0,none,false,,10700,8,893,89,C,false,wicker dog house outdoor with canopy rattan dog bed with waterresistant cushion raised pet bed for small medium breeds up to 66 lbs 20 in length brown wicker blue cushion,none-detected,0,0,0,0,5,6,2,0,1,8,8,7,5,3,3,48,NO_REAL_STOCK|NO_US_DELIVERY_PATH|UNUSABLE_SHIPPING_PROMISE|UNACCEPTABLE_MARGIN,3,RETIRE_CANDIDATE,"margin 33.2% (price 175.99, cost 117.49); stock us=0 eu=0 cn=0 effective=0; variant payload us=45 total=45; description 893 chars, quality_score=89; 8 gallery images + primary",column stock is 0 but CJ variant payload reports 45 US units — needs re-sync before trusting; no shipping window on record — conservative shipping score
3381ca64-6290-466c-b2ea-4739795f11d9,dog-sun-proof-sun-proof-uv-proof-goggles,UV-Proof Dog Goggles – Sun Protection Dog Eyewear,inactive,false,dog,Dog Grooming,Pet Supplies > Dog Supplies > Apparel & Accessories > Dog Eyewear,19.99,25.99,6.8,66,1722460109260992512,CJ Dropshipping,discontinued,1,49335,0,0,49335,49335,CN,false,,38,16,1095,89,B1,false,dog sunproof sunproof uvproof goggles,none-detected,0,0,0,0,13,5,2,0,1,8,8,4,5,0,2,48,UNRELIABLE_SUPPLIER|UNUSABLE_SHIPPING_PROMISE,1,ACCESSORY_CANDIDATE,"margin 66.0% (price 19.99, cost 6.8); stock us=0 eu=0 cn=49335 effective=49335; variant payload us=0 total=0; description 1095 chars, quality_score=89; 16 gallery images + primary",no shipping window on record — conservative shipping score; inventory sync stale or never run
d28c3521-f841-4862-bc08-3472a25e2eb4,pet-cat-crazy-ball-disk-interactive-toys-amusement-plate-trilaminar-funny-toy,Pet Cat Crazy Ball Disk Interactive Toys Amusement Plate Trilaminar Funny Toy,active,false,cat,Cat Toys,Pet Supplies > Cat Supplies > Toys > Interactive Toys,46.95,56.99,18.77,60,1580414679502442496,CJ Dropshipping,unknown,2,0,0,0,0,0,none,false,,200,10,274,,C,true,pet cat crazy ball disk interactive toys amusement plate trilaminar funny toy,none-detected,0,0,0,0,13,6,2,0,1,2,8,4,5,3,4,48,NO_REAL_STOCK|NO_US_DELIVERY_PATH|UNUSABLE_SHIPPING_PROMISE,2,LONGTAIL,"margin 60.0% (price 46.95, cost 18.77); stock us=0 eu=0 cn=0 effective=0; variant payload us=394 total=394; description 274 chars, quality_score=n/a; 10 gallery images + primary",column stock is 0 but CJ variant payload reports 394 US units — needs re-sync before trusting; no shipping window on record — conservative shipping score; no quality/readiness score — spec confidence from copy length only
52b04c49-287f-478a-8d35-b7b048d9a844,wicker-dog-house-outdoor-with-canopy-rattan-dog-bed-with-water-resistant-52b0,Outdoor Dog Bed – Raised Wicker Rattan Canopy for Small & Medium Dogs,inactive,false,dog,Dog Beds,Pet Supplies > Dog Supplies > Beds > Raised Dog Bed,172.99,216.99,115,33.5,2003451756969308162,CJ Dropshipping,unavailable,1,0,0,0,0,0,none,false,,10700,8,905,89,B1,false,wicker dog house outdoor with canopy rattan dog bed with waterresistant cushion raised pet bed for small medium breeds up to 66 lbs 20 in length silver wicker white cushion,none-detected,0,0,0,0,5,6,2,0,1,8,8,7,5,3,3,48,NO_REAL_STOCK|NO_US_DELIVERY_PATH|UNUSABLE_SHIPPING_PROMISE|UNACCEPTABLE_MARGIN,3,RETIRE_CANDIDATE,"margin 33.5% (price 172.99, cost 115); stock us=0 eu=0 cn=0 effective=0; variant payload us=63 total=63; description 905 chars, quality_score=89; 8 gallery images + primary",column stock is 0 but CJ variant payload reports 63 US units — needs re-sync before trusting; no shipping window on record — conservative shipping score
aa35d98e-b42a-40cb-8b7a-ea73bdf71043,dog-bathing-brush-soft-foaming-massage-brush-for-cats,Dog Bathing Brush Soft Foaming Massage Brush For Cats,inactive,false,dog,Dog Toys,,9.99,12.49,0.62,93.8,2601300516581623900,CJ Dropshipping,unknown,1,31205,0,0,31205,31205,CN,false,,,6,274,,C,false,dog bathing brush soft foaming massage brush for cats,none-detected,0,0,0,0,15,5,2,0,1,2,8,4,5,4,2,48,UNUSABLE_SHIPPING_PROMISE,0,ACCESSORY_CANDIDATE,"margin 93.8% (price 9.99, cost 0.62); stock us=0 eu=0 cn=31205 effective=31205; variant payload us=0 total=0; description 274 chars, quality_score=n/a; 6 gallery images + primary",no shipping window on record — conservative shipping score; no quality/readiness score — spec confidence from copy length only; no weight on record — damage risk partly inferred; inventory sync stale or never run
b28d96c5-aeec-4691-9451-65480bb73b51,pawhut-dog-crate-furniture-with-360-rotatable-removable-dog-bowls-dog-kennel-b28d,Rotatable Dog Crate Bowls – Removable Food & Water Bowls for Medium Dogs,active,false,dog,Dog Toys,Pet Supplies > Dog Supplies > Feeding Supplies > Bowls,300.99,367.99,200.48,33.4,2005819930520453121,CJ Dropshipping,unknown,1,0,0,0,0,0,unknown,false,,23130,11,276,87,A,true,pawhut dog crate furniture with 360 rotatable removable dog bowls dog kennel furniture for medium dogs white,none-detected,0,0,0,0,5,6,2,0,4,7,8,4,5,3,4,48,NO_REAL_STOCK|NO_US_DELIVERY_PATH|UNUSABLE_SHIPPING_PROMISE|UNACCEPTABLE_MARGIN,3,RETIRE_CANDIDATE,"margin 33.4% (price 300.99, cost 200.48); stock us=0 eu=0 cn=0 effective=0; variant payload us=33 total=33; description 276 chars, quality_score=87; 11 gallery images + primary",column stock is 0 but CJ variant payload reports 33 US units — needs re-sync before trusting; no shipping window on record — conservative shipping score; differentiators: rotat
afeb943b-8421-458f-8081-bcd12a297b99,dog-extendable-teaser-wand-pet-flirt-stick-pole-puppy-chasing-tail-interactive-afeb,Interactive Dog Training Flirt Pole – Extendable Teaser for Exercise & Play,active,false,dog,Dog Training,Pet Supplies > Dog Supplies > Training & Behavior > Training Tools,59.99,81.99,32.97,45,1980585780350070786,CJ Dropshipping,unknown,2,0,0,0,0,0,none,false,,380,7,277,83,C,true,dog extendable teaser wand pet flirt stick pole puppy chasing tail interactive toy for small medium large dogs training playing exercise,none-detected,0,0,0,0,8,6,2,0,1,7,8,4,5,3,4,48,NO_REAL_STOCK|NO_US_DELIVERY_PATH|UNUSABLE_SHIPPING_PROMISE,2,LONGTAIL,"margin 45.0% (price 59.99, cost 32.97); stock us=0 eu=0 cn=0 effective=0; variant payload us=20 total=20; description 277 chars, quality_score=83; 7 gallery images + primary",column stock is 0 but CJ variant payload reports 20 US units — needs re-sync before trusting; no shipping window on record — conservative shipping score
9be6a15f-81e8-4cdb-9274-1098da55a482,2026-new-glowing-dog-shoes-4pcs-led-light-up-anti-slip-paw-protector-for-small-9be6,LED Dog Shoes – Anti-Slip Paw Protector for Night Safety,inactive,false,dog,Dog Clothing,Pet Supplies > Dog Supplies > Clothing > Dog Shoes,57.95,69.99,28.98,50,2013899263485825026,CJ Dropshipping,unavailable,18,0,0,0,0,0,none,false,,400,13,1540,,B1,false,2026 new glowing dog shoes 4pcs led lightup antislip paw protector for small medium dogs night safety visibility outdoor shoes,none-detected,0,0,0,0,8,6,2,3,4,4,8,4,2,3,3,47,NO_REAL_STOCK|NO_US_DELIVERY_PATH|UNUSABLE_SHIPPING_PROMISE,2,LONGTAIL,"margin 50.0% (price 57.95, cost 28.98); stock us=0 eu=0 cn=0 effective=0; variant payload us=1799 total=1799; description 1540 chars, quality_score=n/a; 13 gallery images + primary",column stock is 0 but CJ variant payload reports 1799 US units — needs re-sync before trusting; no shipping window on record — conservative shipping score; problem signals: anti-slip; differentiators: rotat; no quality/readiness score — spec confidence from copy length only
fe6903d5-da9d-465d-9b8b-4abc33fd252e,cat-toy-with-bell-durable-and-bite-resistant-cat-teaser-pet-supplies,Cat Toy With Bell  Durable And Bite-resistant Cat Teaser Pet Supplies,inactive,false,unknown,Cat Toys,,9.99,12.49,0.6,94,2603020304121636800,CJ Dropshipping,available,1,7272,0,0,7272,7272,CN,false,,,5,769,,C,false,,none-detected,0,0,0,0,15,5,2,0,1,3,6,4,5,4,2,47,UNUSABLE_SHIPPING_PROMISE,0,LONGTAIL,"margin 94.0% (price 9.99, cost 0.6); stock us=0 eu=0 cn=7272 effective=7272; variant payload us=0 total=0; description 769 chars, quality_score=n/a; 5 gallery images + primary",no shipping window on record — conservative shipping score; no quality/readiness score — spec confidence from copy length only; no weight on record — damage risk partly inferred; inventory sync stale or never run
1454395a-9a13-4c93-94a5-4264cb44434d,flower-cat-tree-no-shipments-on-weekends-1,GetPawsy Flower Cat Tree Condo – Multi-Level Scratching Post for Cats,inactive,false,cat,Cat Trees & Condos,Pet Supplies > Cat Supplies > Cat Furniture > Cat Trees & Condos,604.99,747.99,403.5,33.3,2013828297939070978,CJ Dropshipping,unknown,1,0,0,0,0,0,none,false,,1000,6,218,91,C,false,flower cat treeno shipments on weekends,confirmed,0,0,0,0,5,0,2,3,6,6,8,7,5,3,2,47,NO_REAL_STOCK|NO_US_DELIVERY_PATH|UNUSABLE_SHIPPING_PROMISE|INSUFFICIENT_SPECS|UNACCEPTABLE_MARGIN|DUPLICATE,5,RETIRE_CANDIDATE,"margin 33.3% (price 604.99, cost 403.5); stock us=0 eu=0 cn=0 effective=0; variant payload us=0 total=0; description 218 chars, quality_score=91; 6 gallery images + primary","no shipping window on record — conservative shipping score; problem signals: scratch; differentiators: multi-level, furniture; inventory sync stale or never run"
5183cd99-f966-414a-8d18-34bc9b0152e3,pet-wash-pad-artificial-grass-pad-thats-breathable-and-highly-absorbent,Washable Dog Training Pad – Artificial Grass Potty Mat for Dogs,inactive,false,both,Dog Training,Pet Supplies > Dog Supplies > Dog Training & Behavior Aids > Training Pads & Potties,9.99,12.49,2.25,77.5,2602060805111624600,CJ Dropshipping,discontinued,1,22091,0,0,22091,22091,CN,false,,500,6,252,,B1,false,pet wash pad artificial grass pad thats breathable and highly absorbent,none-detected,0,0,0,0,15,5,2,0,1,2,8,4,5,3,2,47,UNRELIABLE_SUPPLIER|UNUSABLE_SHIPPING_PROMISE,1,LONGTAIL,"margin 77.5% (price 9.99, cost 2.25); stock us=0 eu=0 cn=22091 effective=22091; variant payload us=0 total=0; description 252 chars, quality_score=n/a; 6 gallery images + primary",no shipping window on record — conservative shipping score; no quality/readiness score — spec confidence from copy length only; inventory sync stale or never run
2b61b25d-75a2-4fec-a1fd-8b7de3b916cb,portable-squeeze-style-dog-water-bowl-and-cat-drinking-fountain,Portable Dog Water Bottle – Squeeze Dispenser for Travel & Walks,inactive,false,both,Dog Toys,Pet Supplies > Multi-Pet Supplies > Feeding > Water Bottle,9.99,12.49,2.28,77.2,2602060525401606600,CJ Dropshipping,discontinued,0,50209,0,0,50209,50209,CN,false,,250,7,274,,B1,false,portable squeezestyle dog water bowl and cat drinking fountain,none-detected,0,0,0,0,15,5,2,0,1,2,8,4,5,3,2,47,UNRELIABLE_SUPPLIER|UNUSABLE_SHIPPING_PROMISE,1,LONGTAIL,"margin 77.2% (price 9.99, cost 2.28); stock us=0 eu=0 cn=50209 effective=50209; variant payload us=0 total=0; description 274 chars, quality_score=n/a; 7 gallery images + primary",no shipping window on record — conservative shipping score; no quality/readiness score — spec confidence from copy length only; inventory sync stale or never run
64b2bb00-2064-4992-9c06-bdc263421dc3,dog-and-cat-plaid-double-layer-thickened-pet-bib-for-dogs,Dog & Cat Bandana Collar – Double Layer Plaid Bib Style Collar,active,true,both,Cat Toys,Pet Supplies > Multi-Pet Supplies > Clothing > Bandana Collar,9.99,12.49,2.95,70.5,2601280510481638900,CJ Dropshipping,unknown,1,208075,0,0,208075,208075,CN,false,,50,16,278,,A,true,dog and cat plaid doublelayer thickened pet bib for dogs,none-detected,25,0,0,0,15,5,2,0,1,2,8,4,5,3,2,47,UNUSABLE_SHIPPING_PROMISE,0,LONGTAIL,"margin 70.5% (price 9.99, cost 2.95); stock us=0 eu=0 cn=208075 effective=208075; variant payload us=0 total=0; description 278 chars, quality_score=n/a; 16 gallery images + primary",no shipping window on record — conservative shipping score; no quality/readiness score — spec confidence from copy length only; inventory sync stale or never run
c88917b5-e050-4976-85b6-42e70ee17f16,2pc-dog-agility-training-equipment-set-with-spray-water-tube-white," 2pc Dog Agility Training Equipment Set with Spray Water Tube, White",active,false,dog,Dog Training,Pet Supplies > Dog Supplies > Training & Behavior > Agility Equipment,116.99,143.99,67.12,42.6,2003457460937535490,CJ Dropshipping,unknown,1,0,0,0,0,0,none,false,,4500,9,890,,C,true,2pc dog agility training equipment set with spray water tube white,none-detected,0,0,0,0,8,6,2,0,1,3,8,7,5,3,4,47,NO_REAL_STOCK|NO_US_DELIVERY_PATH|UNUSABLE_SHIPPING_PROMISE,2,LONGTAIL,"margin 42.6% (price 116.99, cost 67.12); stock us=0 eu=0 cn=0 effective=0; variant payload us=55 total=55; description 890 chars, quality_score=n/a; 9 gallery images + primary",column stock is 0 but CJ variant payload reports 55 US units — needs re-sync before trusting; no shipping window on record — conservative shipping score; no quality/readiness score — spec confidence from copy length only
63533f5d-461e-45c8-98da-de3f43ecf80f,pet-wipes-for-dogs-cats-unscented-alcohol-free-gentle-grooming-wipes-for-paws-body-bum-quick-cleanin,"Pet Wipes For Dogs,Cats-Unscented,Alcohol-Free Gentle Grooming Wipes For Paws, Body,Bum-Quick Cleaning For Fresher, Healthier Pet-100 Sheets",inactive,false,dog,Dog Grooming,,49.49,63.99,19.81,60,1985989188353392641,CJ Dropshipping,unavailable,1,0,0,0,0,0,none,false,,400,5,919,,C,false,pet wipes for dogscatsunscentedalcoholfree gentle grooming wipes for paws bodybumquick cleaning for fresher healthier pet100 sheets,none-detected,0,0,0,0,11,6,2,3,1,3,6,7,2,3,3,47,NO_REAL_STOCK|NO_US_DELIVERY_PATH|UNUSABLE_SHIPPING_PROMISE,2,LONGTAIL,"margin 60.0% (price 49.49, cost 19.81); stock us=0 eu=0 cn=0 effective=0; variant payload us=40 total=40; description 919 chars, quality_score=n/a; 5 gallery images + primary",column stock is 0 but CJ variant payload reports 40 US units — needs re-sync before trusting; no shipping window on record — conservative shipping score; problem signals: odor; no quality/readiness score — spec confidence from copy length only
88a9b8db-91ef-444a-8533-b29c6aeb1a5f,inverted-stand-pet-toy-mint-ball-with-bell-self-amusement-toy-to-relieve-boredom-and-entertain-cats,Inverted-stand Pet Toy - Mint Ball With Bell - Self-amusement Toy To Relieve Boredom And Entertain Cats,inactive,false,cat,Cat Toys,,27.99,35.99,9.49,66.1,2011679052480147458,CJ Dropshipping,discontinued,1,0,0,0,0,0,none,false,,140,15,1026,,C,false,invertedstand pet toy  mint ball with bell  selfamusement toy to relieve boredom and entertain cats,none-detected,0,0,0,0,13,0,2,3,4,3,8,4,5,3,2,47,UNRELIABLE_SUPPLIER|NO_REAL_STOCK|NO_US_DELIVERY_PATH|UNUSABLE_SHIPPING_PROMISE,3,RETIRE_CANDIDATE,"margin 66.1% (price 27.99, cost 9.49); stock us=0 eu=0 cn=0 effective=0; variant payload us=0 total=0; description 1026 chars, quality_score=n/a; 15 gallery images + primary",no shipping window on record — conservative shipping score; problem signals: anxiety; differentiators: furniture; no quality/readiness score — spec confidence from copy length only; inventory sync stale or never run
b8ec9283-b617-4b61-9dfa-40558c14508d,3-tier-hamster-cage-mice-and-rat-cage-small-animals-hutch-with-openable-top,3-Tier Hamster Cage Mice and Rat Cage Small Animals Hutch with Openable Top,inactive,false,unknown,Hamster Cages,,167.99,207.99,95.72,43,1991252659028398081,CJ Dropshipping,unknown,1,0,0,0,0,0,none,false,,9000,8,998,,C,false,3tier hamster cage mice and rat cage small animals hutch with openable top,none-detected,0,0,0,0,8,6,2,0,4,3,8,4,5,3,4,47,NO_REAL_STOCK|NO_US_DELIVERY_PATH|UNUSABLE_SHIPPING_PROMISE,2,LONGTAIL,"margin 43.0% (price 167.99, cost 95.72); stock us=0 eu=0 cn=0 effective=0; variant payload us=117 total=117; description 998 chars, quality_score=n/a; 8 gallery images + primary",column stock is 0 but CJ variant payload reports 117 US units — needs re-sync before trusting; no shipping window on record — conservative shipping score; differentiators: multi-level; no quality/readiness score — spec confidence from copy length only
294c6051-b66d-4c83-a2c9-e2720b64694e,dog-bowls-with-stand-adjustable-height-double-bowl-feeder-with-slow-feeding-294c,Raised Dog Bowl Stand – Adjustable Double Feeder with Slow Eating Design,inactive,false,unknown,Dog Bowls & Feeders,Pet Supplies > Dog Supplies > Feeding > Raised Dog Bowls,36.95,46.19,14.78,60,2029024913114300418,CJ Dropshipping,discontinued,1,0,0,0,0,0,unknown,false,,800,7,242,83,C,false,,none-detected,0,0,0,0,13,0,2,3,1,6,8,4,5,3,2,47,UNRELIABLE_SUPPLIER|NO_REAL_STOCK|NO_US_DELIVERY_PATH|UNUSABLE_SHIPPING_PROMISE|INSUFFICIENT_SPECS,4,RETIRE_CANDIDATE,"margin 60.0% (price 36.95, cost 14.78); stock us=0 eu=0 cn=0 effective=0; variant payload us=0 total=0; description 242 chars, quality_score=83; 7 gallery images + primary",no shipping window on record — conservative shipping score; problem signals: slow feeder; inventory sync stale or never run
6598f55b-30fe-4481-8a42-4fc1baac109b,new-pet-flea-and-tick-collar,Dog Flea & Tick Collar – Adjustable Prevention Collar for Dogs,inactive,false,unknown,Dog Toys,Pet Supplies > Dog Supplies > Flea & Tick Supplies > Flea Collars,9.99,12.49,0.9,91,2603240653551638800,CJ Dropshipping,available,1,31748,0,0,31748,31748,CN,false,,80,8,278,,C,false,,none-detected,0,0,0,0,15,5,2,0,1,2,8,4,5,3,2,47,UNUSABLE_SHIPPING_PROMISE,0,LONGTAIL,"margin 91.0% (price 9.99, cost 0.9); stock us=0 eu=0 cn=31748 effective=31748; variant payload us=0 total=0; description 278 chars, quality_score=n/a; 8 gallery images + primary",no shipping window on record — conservative shipping score; no quality/readiness score — spec confidence from copy length only; inventory sync stale or never run
c9230ee8-6298-482c-aabe-e6b722ef3c5e,small-dog-pet-cotton-padded-jacket,Dog Winter Jacket – Cotton Padded Pet Coat for Small Dogs,inactive,false,dog,Dog Clothing,Pet Supplies > Dog Supplies > Apparel & Accessories > Coats & Jackets,44.99,54.99,18.09,59.8,2601150623021634900,CJ Dropshipping,discontinued,0,34733,0,0,34733,34733,CN,false,,102,5,971,88,A,false,small dog pet cottonpadded jacket,none-detected,0,0,0,0,11,5,2,0,1,8,6,4,5,3,2,47,UNRELIABLE_SUPPLIER|UNUSABLE_SHIPPING_PROMISE,1,LONGTAIL,"margin 59.8% (price 44.99, cost 18.09); stock us=0 eu=0 cn=34733 effective=34733; variant payload us=0 total=0; description 971 chars, quality_score=88; 5 gallery images + primary",no shipping window on record — conservative shipping score; inventory sync stale or never run
020d9b4a-3ad2-4ed5-b1c0-d5183b93f425,portable-outdoor-cat-carrier-large-capacity-trolley-bag-with-shoulder-straps,Cat Carrier – Portable Outdoor Trolley Bag with Shoulder Straps,inactive,false,cat,Cat Carriers,Pet Supplies > Cat Supplies > Cat Carriers > Cat Carrier,33.99,43.99,13.78,59.5,2601191349231615200,CJ Dropshipping,discontinued,0,36440,0,0,36440,36440,CN,false,,700,7,223,85,A,false,portable outdoor cat carrier largecapacity trolley bag with shoulder straps,none-detected,0,0,0,0,11,5,2,0,4,6,8,4,2,3,2,47,UNRELIABLE_SUPPLIER|UNUSABLE_SHIPPING_PROMISE|INSUFFICIENT_SPECS,2,LONGTAIL,"margin 59.5% (price 33.99, cost 13.78); stock us=0 eu=0 cn=36440 effective=36440; variant payload us=0 total=0; description 223 chars, quality_score=85; 7 gallery images + primary",no shipping window on record — conservative shipping score; differentiators: enclosed; inventory sync stale or never run
d50dfc15-e696-40e1-b31b-477771b24662,fully-automatic-2in1-cat-food-dispenser-integrated-water-and-food-feeding-system-cute-water-dispense,Fully Automatic 2in1 Cat Food Dispenser - Integrated Water And Food Feeding System - Cute Water Dispenser,active,false,cat,Cat Bowls & Feeders,Pet Supplies > Cat Supplies > Feeding > Feeders & Waterers,41.99,52.99,21.12,49.7,1985629408568934402,CJ Dropshipping,unavailable,1,0,0,0,0,0,none,false,,600,7,1020,,A,true,fully automatic 2in1 cat food dispenser  integrated water and food feeding system  cute water dispenser,none-detected,0,0,0,0,8,6,2,0,4,3,8,4,5,3,4,47,NO_REAL_STOCK|NO_US_DELIVERY_PATH|UNUSABLE_SHIPPING_PROMISE,2,LONGTAIL,"margin 49.7% (price 41.99, cost 21.12); stock us=0 eu=0 cn=0 effective=0; variant payload us=456 total=456; description 1020 chars, quality_score=n/a; 7 gallery images + primary",column stock is 0 but CJ variant payload reports 456 US units — needs re-sync before trusting; no shipping window on record — conservative shipping score; differentiators: automatic; no quality/readiness score — spec confidence from copy length only
f0709dee-adf7-4307-9f78-d32f2fe28ce6,1-pet-jogging-stroller-for-small-dogs-and-cats-with-detachable-carrier,1 Pet Jogging Stroller for Small Dogs and Cats with Detachable Carrier,active,false,dog,Dog Toys,Pet Supplies > Dog Supplies > Carriers & Travel > Pet Strollers,298.99,376.99,199.02,33.4,1991245165589729282,CJ Dropshipping,unknown,1,0,0,0,0,0,none,false,,12300,9,1156,74,C,true,1 pet jogging stroller for small dogs and cats with detachable carrier,none-detected,0,0,0,0,5,6,2,0,1,7,8,7,5,3,3,47,NO_REAL_STOCK|NO_US_DELIVERY_PATH|UNUSABLE_SHIPPING_PROMISE|UNACCEPTABLE_MARGIN,3,RETIRE_CANDIDATE,"margin 33.4% (price 298.99, cost 199.02); stock us=0 eu=0 cn=0 effective=0; variant payload us=70 total=70; description 1156 chars, quality_score=74; 9 gallery images + primary",column stock is 0 but CJ variant payload reports 70 US units — needs re-sync before trusting; no shipping window on record — conservative shipping score
a74f7490-0d43-4816-8000-a0461b893b55,awhut-wooden-rabbit-hutch-bunny-cage-for-small-pet-w-slide-out-tray-openable-a74f,Rabbit Hutch – Wooden Bunny Habitat with Slide-Out Tray & Openable Roof,active,false,unknown,Rabbit Cages,Pet Supplies > Small Animal Supplies > Habitats > Rabbit Hutches,159.99,199.99,91.57,42.8,2008020258545119233,CJ Dropshipping,unknown,1,0,0,0,0,0,unknown,false,,9000,13,4000,,C,true,awhut wooden rabbit hutch bunny cage for small pet w slideout tray openable roof,none-detected,0,0,0,0,8,6,2,0,1,4,8,7,5,3,3,47,NO_REAL_STOCK|NO_US_DELIVERY_PATH|UNUSABLE_SHIPPING_PROMISE,2,LONGTAIL,"margin 42.8% (price 159.99, cost 91.57); stock us=0 eu=0 cn=0 effective=0; variant payload us=143 total=143; description 4000 chars, quality_score=n/a; 13 gallery images + primary",column stock is 0 but CJ variant payload reports 143 US units — needs re-sync before trusting; no shipping window on record — conservative shipping score; no quality/readiness score — spec confidence from copy length only
c23f5c47-731e-4e24-8fe6-71df2baf5117,summer-cartoon-pet-ice-bib-for-cats-and-dogs,Summer Cartoon Pet Ice Bib For Cats And Dogs,inactive,false,unknown,Dog Clothing,Pet Supplies > Dog Supplies > Dog Apparel & Accessories > Dog Clothing,9.99,12.49,0.66,93.4,2603120253241628400,CJ Dropshipping,available,1,43512,0,0,43512,43512,CN,false,,500,11,227,,B1,false,,none-detected,0,0,0,0,15,5,2,0,1,1,8,4,5,3,2,46,UNUSABLE_SHIPPING_PROMISE|INSUFFICIENT_SPECS,1,LONGTAIL,"margin 93.4% (price 9.99, cost 0.66); stock us=0 eu=0 cn=43512 effective=43512; variant payload us=0 total=0; description 227 chars, quality_score=n/a; 11 gallery images + primary",no shipping window on record — conservative shipping score; no quality/readiness score — spec confidence from copy length only; inventory sync stale or never run
e361b40b-e8ed-4b04-93b7-c4ca083a4187,dog-clothes-keep-warm-in-autumn-and-winter,Warm Dog Sweater – Autumn Winter Apparel for Dogs,inactive,false,dog,Dog Clothing,Pet Supplies > Dog Supplies > Dog Apparel & Accessories > Dog Clothing,46.95,57.99,18.75,60.1,2601150635291624200,CJ Dropshipping,discontinued,1,83045,0,0,83045,83045,CN,false,,85,6,967,,B1,false,dog clothes keep warm in autumn and winter,none-detected,0,0,0,0,13,5,2,0,1,3,8,4,5,3,2,46,UNRELIABLE_SUPPLIER|UNUSABLE_SHIPPING_PROMISE,1,LONGTAIL,"margin 60.1% (price 46.95, cost 18.75); stock us=0 eu=0 cn=83045 effective=83045; variant payload us=0 total=0; description 967 chars, quality_score=n/a; 6 gallery images + primary",no shipping window on record — conservative shipping score; no quality/readiness score — spec confidence from copy length only; inventory sync stale or never run
e70dcada-05db-4b02-8eb6-9c277831af7c,pet-oral-care-powder-dog-teeth-cleaning-powder,Pet Oral Care Powder Dog Teeth-Cleaning Powder,inactive,false,dog,Dog Toys,,9.99,12.49,2.46,75.4,2601291101311613800,CJ Dropshipping,discontinued,1,6604,0,0,6604,6604,CN,false,,,5,274,,C,false,pet oral care powder dog teethcleaning powder,none-detected,0,0,0,0,15,5,2,0,1,2,6,4,5,4,2,46,UNRELIABLE_SUPPLIER|UNUSABLE_SHIPPING_PROMISE,1,LONGTAIL,"margin 75.4% (price 9.99, cost 2.46); stock us=0 eu=0 cn=6604 effective=6604; variant payload us=0 total=0; description 274 chars, quality_score=n/a; 5 gallery images + primary",no shipping window on record — conservative shipping score; no quality/readiness score — spec confidence from copy length only; no weight on record — damage risk partly inferred; inventory sync stale or never run
769e0f97-93a2-4be6-ab73-680fab6d6b23,69-wooden-hexagonal-outdoor-aviary-flight-bird-cage-with-covered-roof-light-gray," 69"" Wooden Hexagonal Outdoor Aviary Flight Bird Cage With Covered Roof, Light Gray",inactive,false,unknown,Bird Cages,,468.99,596.99,312.98,33.3,2003458896149913602,CJ Dropshipping,unknown,1,0,0,0,0,0,none,false,,19500,8,2269,,C,false,69 wooden hexagonal outdoor aviary flight bird cage with covered roof light gray,confirmed,0,0,0,0,5,6,2,0,3,4,8,7,5,3,3,46,NO_REAL_STOCK|NO_US_DELIVERY_PATH|UNUSABLE_SHIPPING_PROMISE|UNACCEPTABLE_MARGIN|DUPLICATE,4,RETIRE_CANDIDATE,"margin 33.3% (price 468.99, cost 312.98); stock us=0 eu=0 cn=0 effective=0; variant payload us=19 total=19; description 2269 chars, quality_score=n/a; 8 gallery images + primary",column stock is 0 but CJ variant payload reports 19 US units — needs re-sync before trusting; no shipping window on record — conservative shipping score; differentiators: dual; no quality/readiness score — spec confidence from copy length only
fac277da-1db4-430c-a04e-d22ad1d73e31,large-size-cat-scratching-board-23-6-inch-l-shape-cat-scratching-pad-wall-fac2,Cat Scratching Post – Wall Mounted L-Shape Board with Ball Toy,inactive,false,cat,Cat Scratching Posts,Pet Supplies > Cat Supplies > Cat Furniture > Cat Scratching Boards,79.99,98.99,41.18,48.5,1950472689544617985,CJ Dropshipping,discontinued,1,0,0,0,0,0,unknown,false,,2000,6,286,88,B1,false,large size cat scratching board 236 inch l shape cat scratching pad wall mounted cat scratching board with ball toy for indoor cats to play,none-detected,0,0,0,0,8,0,2,3,4,7,8,4,5,3,2,46,UNRELIABLE_SUPPLIER|NO_REAL_STOCK|NO_US_DELIVERY_PATH|UNUSABLE_SHIPPING_PROMISE,3,RETIRE_CANDIDATE,"margin 48.5% (price 79.99, cost 41.18); stock us=0 eu=0 cn=0 effective=0; variant payload us=0 total=0; description 286 chars, quality_score=88; 6 gallery images + primary",no shipping window on record — conservative shipping score; problem signals: scratch; differentiators: furniture; inventory sync stale or never run
8c6c521d-7e42-45cb-ab55-a8c245b74018,raised-pet-food-elevated-feeder-with-2-stainless-bowls,Raised Pet Food Elevated Feeder with 2 Stainless Bowls,inactive,false,dog,Dog Food & Treats,,153.99,189.99,87.93,42.9,1991248814751649793,CJ Dropshipping,unavailable,2,0,0,0,0,0,none,false,,9300,9,953,,C,false,raised pet food elevated feeder with 2 stainless bowls,none-detected,0,0,0,0,8,6,2,3,1,3,8,4,5,3,3,46,NO_REAL_STOCK|NO_US_DELIVERY_PATH|UNUSABLE_SHIPPING_PROMISE,2,LONGTAIL,"margin 42.9% (price 153.99, cost 87.93); stock us=0 eu=0 cn=0 effective=0; variant payload us=288 total=288; description 953 chars, quality_score=n/a; 9 gallery images + primary",column stock is 0 but CJ variant payload reports 288 US units — needs re-sync before trusting; no shipping window on record — conservative shipping score; problem signals: joint; no quality/readiness score — spec confidence from copy length only
cf85b323-66fd-4dd1-acb5-1c145b7a183b,dog-bark-deterrent-device-stops-bad-behavior-professional-dog-training-tool-cf85,Dog Bark Training Device – Professional Deterrent Tool with 50ft Range for Dogs,inactive,false,dog,Dog Collars & Leashes,Pet Supplies > Dog Supplies > Training & Behavior > Bark Control Devices,67.95,84.99,33.98,50,1932736613376770050,CJ Dropshipping,unknown,1,0,0,0,0,0,none,false,,210,9,2645,,A,false,dog bark deterrent device stops bad behavior professional dog training tool anti bark device for dogs   emitters 50ft range for dog training  to bark collardog training collar,none-detected,0,0,0,0,8,6,2,0,1,4,8,7,5,3,2,46,NO_REAL_STOCK|NO_US_DELIVERY_PATH|UNUSABLE_SHIPPING_PROMISE,2,LONGTAIL,"margin 50.0% (price 67.95, cost 33.98); stock us=0 eu=0 cn=0 effective=0; variant payload us=6 total=6; description 2645 chars, quality_score=n/a; 9 gallery images + primary",column stock is 0 but CJ variant payload reports 6 US units — needs re-sync before trusting; no shipping window on record — conservative shipping score; no quality/readiness score — spec confidence from copy length only; inventory sync stale or never run
dcc2b5ad-fd99-4e47-a7ee-45a6880dca76,pet-marvelhigh-performance-tactical-dog-collar-1-25-in-wide-with-handle,PET MARVELHigh Performance Tactical Dog Collar 1.25 In Wide With Handle,active,false,dog,Dog Collars & Leashes,Pet Supplies > Dog Supplies > Apparel & Accessories > Collars,52.95,67.99,26.38,50.2,1960980432931569665,CJ Dropshipping,unknown,4,0,0,0,0,0,none,false,,170,8,983,,A,true,pet marvelhigh performance tactical dog collar 125 in wide with handle,none-detected,1,0,0,0,11,6,2,0,1,3,8,4,5,3,3,46,NO_REAL_STOCK|NO_US_DELIVERY_PATH|UNUSABLE_SHIPPING_PROMISE,2,LONGTAIL,"margin 50.2% (price 52.95, cost 26.38); stock us=0 eu=0 cn=0 effective=0; variant payload us=200 total=200; description 983 chars, quality_score=n/a; 8 gallery images + primary",column stock is 0 but CJ variant payload reports 200 US units — needs re-sync before trusting; no shipping window on record — conservative shipping score; no quality/readiness score — spec confidence from copy length only
24dbca64-88ba-4c15-b3a9-4b057ca5a5b7,long-lasting-fragrance-fun-and-interactive-cat-spray-for-pets,Catnip Spray for Cats – Long-Lasting Interactive Enrichment Spray,inactive,false,unknown,Cat Toys,Pet Supplies > Cat Supplies > Toys > Catnip Sprays,9.99,12.49,1.36,86.4,2603201112181629700,CJ Dropshipping,discontinued,0,5638,0,0,5638,5638,CN,false,,100,6,158,,B1,false,,none-detected,0,0,0,0,15,5,2,0,1,1,8,4,5,3,2,46,UNRELIABLE_SUPPLIER|UNUSABLE_SHIPPING_PROMISE|INSUFFICIENT_SPECS,2,LONGTAIL,"margin 86.4% (price 9.99, cost 1.36); stock us=0 eu=0 cn=5638 effective=5638; variant payload us=0 total=0; description 158 chars, quality_score=n/a; 6 gallery images + primary",no shipping window on record — conservative shipping score; no quality/readiness score — spec confidence from copy length only; inventory sync stale or never run
047dd523-57d3-46ca-82f3-0885b0fc1667,tactical-service-dog-harness-strap-set-car-seat-belt-collapsible-bowl-047d,"GetPawsy Tactical Dog Harness Set – Harness, Seat Belt, Bowl & Waste Bags",inactive,false,dog,Dog Collars & Leashes,"Pet Supplies > Dog Supplies > Collars, Harnesses & Leashes > Dog Harnesses",63.99,81.99,32.09,49.9,2001948044764160002,CJ Dropshipping,unavailable,30,0,0,0,0,0,none,false,,900,12,181,83,B1,false,tactical service dog harness strap set car seat belt collapsible bowl biodegradable trash bag set for dogs,none-detected,0,0,0,0,8,6,2,0,1,6,8,4,5,3,3,46,NO_REAL_STOCK|NO_US_DELIVERY_PATH|UNUSABLE_SHIPPING_PROMISE|INSUFFICIENT_SPECS,3,RETIRE_CANDIDATE,"margin 49.9% (price 63.99, cost 32.09); stock us=0 eu=0 cn=0 effective=0; variant payload us=6898 total=6898; description 181 chars, quality_score=83; 12 gallery images + primary",column stock is 0 but CJ variant payload reports 6898 US units — needs re-sync before trusting; no shipping window on record — conservative shipping score
3ce9f6b6-3564-4781-b26c-dae6bac2398d,backyard-competitive-dog-agility-training-kit-obstacle-course-equipment,Backyard Competitive Dog Agility Training Kit Obstacle Course Equipment,inactive,false,dog,Dog Training,,154.99,198.99,88.38,43,1991248445321547777,CJ Dropshipping,unavailable,1,0,0,0,0,0,none,false,,5300,8,1033,,C,false,backyard competitive dog agility training kit obstacle course equipment,none-detected,0,0,0,0,8,6,2,0,1,3,8,7,5,3,3,46,NO_REAL_STOCK|NO_US_DELIVERY_PATH|UNUSABLE_SHIPPING_PROMISE,2,LONGTAIL,"margin 43.0% (price 154.99, cost 88.38); stock us=0 eu=0 cn=0 effective=0; variant payload us=86 total=86; description 1033 chars, quality_score=n/a; 8 gallery images + primary",column stock is 0 but CJ variant payload reports 86 US units — needs re-sync before trusting; no shipping window on record — conservative shipping score; no quality/readiness score — spec confidence from copy length only
f9b4abd0-91b2-42f1-8b94-98488778c519,super-cute-appearance-pet-feeding-and-drinking-device-cleverly-designed-with-dry-and-wet-separation-,"Super Cute Appearance Pet Feeding And Drinking Device, Cleverly Designed With Dry And Wet Separation, Automatic Water Addition, Universal For Cats And Dogs, Easily Solves Feeding Problems, And Makes P",active,false,dog,Dog Bowls & Feeders,Pet Supplies > Multi-Pet Supplies > Feeding Supplies > Pet Feeders & Waterers,43.49,55.99,21.82,49.8,1985624921355714561,CJ Dropshipping,unknown,1,0,0,0,0,0,none,false,,700,8,837,,C,true,super cute appearance pet feeding and drinking device cleverly designed with dry and wet separation automatic water addition universal for cats and dogs easily solves feeding problems and makes p,none-detected,1,0,0,0,8,6,2,0,4,3,8,4,5,3,3,46,NO_REAL_STOCK|NO_US_DELIVERY_PATH|UNUSABLE_SHIPPING_PROMISE,2,LONGTAIL,"margin 49.8% (price 43.49, cost 21.82); stock us=0 eu=0 cn=0 effective=0; variant payload us=2 total=2; description 837 chars, quality_score=n/a; 8 gallery images + primary",column stock is 0 but CJ variant payload reports 2 US units — needs re-sync before trusting; no shipping window on record — conservative shipping score; differentiators: automatic; no quality/readiness score — spec confidence from copy length only
7caac9df-339a-4c62-b240-940de7bc4149,cat-climbing-frames-and-multi-level-cat-towers-with-durable-scratching-posts-7caa,"Cat Tree Tower – Multi-Level with Durable Scratching Posts, Viewing Perches & Hammock for Cats",active,false,cat,Cat Trees & Condos,Pet Supplies > Cat Supplies > Furniture > Cat Tree Tower,105.99,128.99,60.46,43,1955462442990723073,CJ Dropshipping,unknown,1,0,0,0,0,0,unknown,false,,5502,6,230,,B1,true,cat climbing frames and multilevel cat towers with durable scratching posts comfortable and fun jumping platforms hanging toys viewing perches removable pet gel pads and hammocks,none-detected,0,0,0,0,8,0,2,3,7,1,8,7,5,3,2,46,NO_REAL_STOCK|NO_US_DELIVERY_PATH|UNUSABLE_SHIPPING_PROMISE|INSUFFICIENT_SPECS,3,RETIRE_CANDIDATE,"margin 43.0% (price 105.99, cost 60.46); stock us=0 eu=0 cn=0 effective=0; variant payload us=0 total=0; description 230 chars, quality_score=n/a; 6 gallery images + primary","no shipping window on record — conservative shipping score; problem signals: scratch; differentiators: multi-level, furniture; no quality/readiness score — spec confidence from copy length only; inventory sync stale or never run"
c6cc84bb-3990-4671-a06d-53dc283565b7,cat-food-storage-container-for-cats,Airtight Cat Food Storage Container – Food Bin for Cats,inactive,false,cat,Cat Carriers,Pet Supplies > Cat Supplies > Feeding Supplies > Food Storage,22.95,29.99,7.66,66.6,2601120723481610900,CJ Dropshipping,unavailable,1,15690,0,0,15690,15690,CN,false,,500,5,878,85,A,false,cat food storage container for cats,none-detected,0,0,0,0,13,5,2,0,1,8,6,4,2,3,2,46,UNUSABLE_SHIPPING_PROMISE|ADMIN_REVIEW:Supplier images dead (404) — auto-retired by image rehost guard,0,LONGTAIL,"margin 66.6% (price 22.95, cost 7.66); stock us=0 eu=0 cn=15690 effective=15690; variant payload us=0 total=0; description 878 chars, quality_score=85; 5 gallery images + primary",no shipping window on record — conservative shipping score; inventory sync stale or never run
9cfc7261-fc69-4c29-9c18-0be3f6e9f393,multi-functional-cat-scratching-board-with-ball-track-various-colours-of-mat-9cfc,Interactive Cat Scratching Board – Multi-Functional Cardboard with Ball Track & Spring Toy,inactive,false,cat,Cat Trees & Condos,Pet Supplies > Cat Supplies > Scratchers > Scratching Board,58.99,74.99,29.53,49.9,1955203534876999682,CJ Dropshipping,discontinued,1,0,0,0,0,0,unknown,false,,3000,9,275,88,A,false,multifunctional cat scratching board with ball track various colours of mat board selfheight relief from boredom to tease the cat with spring and ball antiscratch furniture artifacts a mustha,none-detected,0,0,0,0,8,0,2,3,1,7,8,7,5,3,2,46,UNRELIABLE_SUPPLIER|NO_REAL_STOCK|NO_US_DELIVERY_PATH|UNUSABLE_SHIPPING_PROMISE,3,RETIRE_CANDIDATE,"margin 49.9% (price 58.99, cost 29.53); stock us=0 eu=0 cn=0 effective=0; variant payload us=0 total=0; description 275 chars, quality_score=88; 9 gallery images + primary",no shipping window on record — conservative shipping score; problem signals: scratch; inventory sync stale or never run
0b041496-f7a3-480c-83bb-fdba8ae840f3,wooden-door-mounted-cat-tree-wall-mounted-cat-tree,Cat Wall Perch – Wooden Mounted Climbing Shelf for Indoor Cats,active,true,cat,Cat Trees & Condos,Pet Supplies > Cat Supplies > Furniture > Wall Perch,44.9,,21.56,52,2602050156541611300,CJ Dropshipping,unknown,1,5634,0,0,5634,5634,CN,false,,1200,6,358,,B1,true,wooden doormounted cat tree wallmounted cat tree,none-detected,54,10,0,0,11,5,2,0,4,2,8,7,2,3,2,46,UNUSABLE_SHIPPING_PROMISE,0,LONGTAIL,"margin 52.0% (price 44.9, cost 21.56); stock us=0 eu=0 cn=5634 effective=5634; variant payload us=0 total=0; description 358 chars, quality_score=n/a; 6 gallery images + primary",no shipping window on record — conservative shipping score; differentiators: furniture; no quality/readiness score — spec confidence from copy length only; inventory sync stale or never run
b3533f6f-0e40-4ff2-ad91-6b6e5019dad6,dog-and-cat-harnesses-and-leashes-for-walking,Dog And Cat Harnesses And Leashes For Walking,inactive,false,both,Cat Toys,,11.33,14.16,4.53,60,2602050123491627600,CJ Dropshipping,discontinued,1,99829,0,0,99829,99829,CN,false,,,14,278,,C,false,dog and cat harnesses and leashes for walking,none-detected,0,0,0,0,13,5,2,0,1,2,8,4,5,4,2,46,UNRELIABLE_SUPPLIER|UNUSABLE_SHIPPING_PROMISE,1,LONGTAIL,"margin 60.0% (price 11.33, cost 4.53); stock us=0 eu=0 cn=99829 effective=99829; variant payload us=0 total=0; description 278 chars, quality_score=n/a; 14 gallery images + primary",no shipping window on record — conservative shipping score; no quality/readiness score — spec confidence from copy length only; no weight on record — damage risk partly inferred; inventory sync stale or never run
afc9ad61-c618-4718-a3d7-228d1b728122,adjustable-winter-warm-dog-hood-for-cold-weather,Dog Winter Hood – Adjustable Warm Fleece Cover for Cold Weather,inactive,false,unknown,Dog Clothing,Pet Supplies > Dog Supplies > Clothing > Winter Apparel,9.99,12.49,1.36,86.4,2603210956191614900,CJ Dropshipping,discontinued,0,106134,0,0,106134,106134,CN,false,,200,7,178,,B1,false,,none-detected,0,0,0,0,15,5,2,0,1,1,8,4,5,3,2,46,UNRELIABLE_SUPPLIER|UNUSABLE_SHIPPING_PROMISE|INSUFFICIENT_SPECS,2,LONGTAIL,"margin 86.4% (price 9.99, cost 1.36); stock us=0 eu=0 cn=106134 effective=106134; variant payload us=0 total=0; description 178 chars, quality_score=n/a; 7 gallery images + primary",no shipping window on record — conservative shipping score; no quality/readiness score — spec confidence from copy length only; inventory sync stale or never run
33ad17c0-b009-4df5-8e45-265fcb78bdbc,multi-functional-minimalist-outdoor-dog-harness,GetPawsy Minimalist Dog Harness – Outdoor Adjustable Design,active,true,dog,Dog Collars & Leashes,"Pet Supplies > Dog Supplies > Collars, Harnesses & Leashes > Dog Harnesses",20.2,25.25,8.08,60,2601280912401630300,CJ Dropshipping,unknown,1,227243,0,0,227243,227243,CN,false,,250,9,175,86,A,true,multifunctional minimalist outdoor dog harness,none-detected,28,0,0,0,13,5,2,0,1,6,8,4,2,3,2,46,UNUSABLE_SHIPPING_PROMISE|INSUFFICIENT_SPECS,1,LONGTAIL,"margin 60.0% (price 20.2, cost 8.08); stock us=0 eu=0 cn=227243 effective=227243; variant payload us=0 total=0; description 175 chars, quality_score=86; 9 gallery images + primary",no shipping window on record — conservative shipping score; inventory sync stale or never run
3e16d02f-5ac2-49d6-8b06-2ebe188935e8,pet-supplies-bowl-ceramic-cat-bowl-dog-bowl-oblique-mouth,Ceramic Pet Bowl – Oblique Mouth Feeder for Dogs & Cats,inactive,false,both,Dog Toys,Pet Supplies > Multi-Pet Supplies > Feeding Supplies > Pet Bowl,27.99,35.99,11.24,59.8,1367475421175746560,CJ Dropshipping,discontinued,1,640000,0,0,640000,640000,CN,false,,659,17,277,85,B1,false,pet supplies bowl ceramic cat bowl dog bowl oblique mouth,none-detected,0,0,0,0,11,5,2,0,1,7,8,4,5,0,2,45,UNRELIABLE_SUPPLIER|UNUSABLE_SHIPPING_PROMISE,1,LONGTAIL,"margin 59.8% (price 27.99, cost 11.24); stock us=0 eu=0 cn=640000 effective=640000; variant payload us=0 total=0; description 277 chars, quality_score=85; 17 gallery images + primary",no shipping window on record — conservative shipping score; inventory sync stale or never run
d85f0cfb-91cd-4b8b-906c-fb72ee0bd97c,parrot-stand-large-bird-perch-stand-with-toy-hook-3-ladders,Parrot Stand Large Bird Perch Stand with Toy Hook & 3 Ladders,inactive,false,unknown,Bird Accessories,,151.99,193.99,101.53,33.2,1991249438924857345,CJ Dropshipping,unknown,2,0,0,0,0,0,none,false,,8500,9,1301,,C,false,parrot stand large bird perch stand with toy hook  3 ladders,none-detected,0,0,0,0,5,6,2,0,1,4,8,7,5,3,4,45,NO_REAL_STOCK|NO_US_DELIVERY_PATH|UNUSABLE_SHIPPING_PROMISE|UNACCEPTABLE_MARGIN,3,RETIRE_CANDIDATE,"margin 33.2% (price 151.99, cost 101.53); stock us=0 eu=0 cn=0 effective=0; variant payload us=415 total=415; description 1301 chars, quality_score=n/a; 9 gallery images + primary",column stock is 0 but CJ variant payload reports 415 US units — needs re-sync before trusting; no shipping window on record — conservative shipping score; no quality/readiness score — spec confidence from copy length only
a82eb824-8a15-44f9-bfaf-06e394d6f1a8,19-7-x-7-5-x-7-5-outdoor-dog-kennel-for-large-sized-dogs-with-waterproof-uv-resistant-roof-silver," 19.7' x 7.5' x 7.5' Outdoor Dog Kennel for Large-Sized Dogs with Waterproof UV Resistant Roof, Silver",inactive,false,dog,Dog Houses,,780.99,1001.99,520.78,33.3,2003452979183022082,CJ Dropshipping,unknown,1,0,0,0,0,0,none,false,,44500,9,276,,C,false,197 x 75 x 75 outdoor dog kennel for largesized dogs with waterproof uv resistant roof silver,none-detected,0,0,0,0,5,6,2,3,1,2,8,7,5,3,3,45,NO_REAL_STOCK|NO_US_DELIVERY_PATH|UNUSABLE_SHIPPING_PROMISE|UNACCEPTABLE_MARGIN,3,RETIRE_CANDIDATE,"margin 33.3% (price 780.99, cost 520.78); stock us=0 eu=0 cn=0 effective=0; variant payload us=98 total=98; description 276 chars, quality_score=n/a; 9 gallery images + primary",column stock is 0 but CJ variant payload reports 98 US units — needs re-sync before trusting; no shipping window on record — conservative shipping score; problem signals: waterproof; no quality/readiness score — spec confidence from copy length only
e718aa2a-77d5-462e-ac29-2736f220acf7,cat-scratch-proof-spray,Cat Scratch-proof Spray,active,true,cat,Cat Toys,Pet Supplies > Cat Supplies > Training & Behavior > Deterrent Sprays,9.99,12.49,1.36,86.4,2601301204561633400,CJ Dropshipping,unknown,1,8952,0,0,8952,8952,CN,false,,,2,286,,C,true,cat scratchproof spray,none-detected,26,0,0,0,15,5,2,3,1,2,4,2,5,4,2,45,UNUSABLE_SHIPPING_PROMISE,0,LONGTAIL,"margin 86.4% (price 9.99, cost 1.36); stock us=0 eu=0 cn=8952 effective=8952; variant payload us=0 total=0; description 286 chars, quality_score=n/a; 2 gallery images + primary",no shipping window on record — conservative shipping score; problem signals: scratch; no quality/readiness score — spec confidence from copy length only; no weight on record — damage risk partly inferred; inventory sync stale or never run
3befd78d-cf72-44a9-a698-3d5752f68877,adjustable-comfortable-dog-harness-for-walking,Adjustable Comfortable Dog Harness For Walking,active,true,dog,Dog Collars & Leashes,"Pet Supplies > Dog Supplies > Collars, Harnesses & Leashes > Dog Harnesses",29.95,36.99,9.99,66.6,2011353651892809729,CJ Dropshipping,available,1,11243,0,0,11243,11243,CN,false,,340,4,996,,C,false,adjustable comfortable dog harness for walking,none-detected,16,2,0,0,13,5,2,0,1,3,6,4,5,3,3,45,UNUSABLE_SHIPPING_PROMISE,0,LONGTAIL,"margin 66.6% (price 29.95, cost 9.99); stock us=0 eu=0 cn=11243 effective=11243; variant payload us=0 total=0; description 996 chars, quality_score=n/a; 4 gallery images + primary",no shipping window on record — conservative shipping score; no quality/readiness score — spec confidence from copy length only
cbfd4540-cbb3-449d-aaa1-a3ebb5a8bef3,wooden-dog-agility-seesaw-for-training-and-exercise-weather-resistant-83-l-x-16-cbfd,Durable Dog Training Agility Seesaw – Wooden Exercise Equipment,inactive,false,dog,Dog Training,Pet Supplies > Dog Supplies > Training Supplies > Agility Equipment,210.99,270.99,140.85,33.2,1969237624165777409,CJ Dropshipping,unavailable,2,920,0,0,0,0,none,false,,10990,6,1006,87,B1,false,wooden dog agility seesaw for training and exercise weather resistant 83 l x 16 w x 14 h inch,none-detected,0,0,0,0,5,0,10,0,1,8,8,4,2,3,4,45,UNUSABLE_SHIPPING_PROMISE|UNACCEPTABLE_MARGIN,1,RETIRE_CANDIDATE,"margin 33.2% (price 210.99, cost 140.85); stock us=0 eu=0 cn=0 effective=0; variant payload us=0 total=0; description 1006 chars, quality_score=87; 6 gallery images + primary",no shipping window on record — conservative shipping score
7a095e16-e7d6-48d4-ac2a-dd52b02690c7,pet-nutritional-powder,Pet Nutritional Powder,inactive,false,both,pet-supplies,,9.99,12.49,1.93,80.7,2602010758341631300,CJ Dropshipping,discontinued,1,8920,0,0,8920,8920,CN,false,,,1,382,,C,false,pet nutritional powder,none-detected,0,0,0,0,15,5,2,3,1,2,2,2,5,4,4,45,UNRELIABLE_SUPPLIER|UNUSABLE_SHIPPING_PROMISE,1,LONGTAIL,"margin 80.7% (price 9.99, cost 1.93); stock us=0 eu=0 cn=8920 effective=8920; variant payload us=0 total=0; description 382 chars, quality_score=n/a; 1 gallery images + primary",no shipping window on record — conservative shipping score; problem signals: hair; no quality/readiness score — spec confidence from copy length only; no weight on record — damage risk partly inferred
c201b571-d751-44cc-92c5-e824f6880cc2,pet-dog-cleaning-chew-toys-for-aggressive-dogs-rubber-molar-stick-dog-oral-teeth,Pet Dog Cleaning Chew Toys For Aggressive Dogs Rubber Molar Stick Dog Oral Teeth,inactive,false,dog,Dog Food & Treats,,41.99,54.99,16.93,59.7,1554993782033633280,CJ Dropshipping,discontinued,1,0,0,0,0,0,unknown,false,,100,6,1287,,C,false,pet dog cleaning chew toys for aggressive dogs rubber molar stick dog oral teeth,none-detected,0,0,0,0,11,0,2,3,1,4,8,4,5,3,4,45,UNRELIABLE_SUPPLIER|NO_REAL_STOCK|NO_US_DELIVERY_PATH|UNUSABLE_SHIPPING_PROMISE,3,RETIRE_CANDIDATE,"margin 59.7% (price 41.99, cost 16.93); stock us=0 eu=0 cn=0 effective=0; variant payload us=0 total=0; description 1287 chars, quality_score=n/a; 6 gallery images + primary",no shipping window on record — conservative shipping score; problem signals: dental; no quality/readiness score — spec confidence from copy length only
e58359fd-b3bb-4143-a909-c27809218433,dog-dental-powder,Dog Dental Powder,inactive,false,dog,pet-supplies,,9.99,12.49,1.93,80.7,2602010809061633300,CJ Dropshipping,discontinued,1,8915,0,0,8915,8915,CN,false,,,1,324,,C,false,dog dental powder,none-detected,0,0,0,0,15,5,2,3,1,2,2,2,5,4,4,45,UNRELIABLE_SUPPLIER|UNUSABLE_SHIPPING_PROMISE,1,LONGTAIL,"margin 80.7% (price 9.99, cost 1.93); stock us=0 eu=0 cn=8915 effective=8915; variant payload us=0 total=0; description 324 chars, quality_score=n/a; 1 gallery images + primary",no shipping window on record — conservative shipping score; problem signals: dental; no quality/readiness score — spec confidence from copy length only; no weight on record — damage risk partly inferred
7360709c-ce64-451b-a0a6-cd256fc0cd3e,home-use-space-saving-all-in-one-solid-wood-cat-tree-for-playing-and-sleeping,Home-use Space-saving All-in-one Solid Wood Cat Tree For Playing And Sleeping,inactive,false,cat,Cat Trees & Condos,Pet Supplies > Cat Supplies > Furniture > Cat Trees,149.99,187.49,274.25,-82.8,2602070811311614300,CJ Dropshipping,discontinued,0,48360,0,0,48360,48360,CN,false,,,8,2285,73,C,false,home-use-space-saving-all-in-one-solid-wood-cat-tree-for-playing-and-sleeping,none-detected,0,0,0,0,0,5,2,0,4,8,8,7,5,4,2,45,UNRELIABLE_SUPPLIER|UNUSABLE_SHIPPING_PROMISE|UNACCEPTABLE_MARGIN,2,LONGTAIL,"margin -82.8% (price 149.99, cost 274.25); stock us=0 eu=0 cn=48360 effective=48360; variant payload us=0 total=0; description 2285 chars, quality_score=73; 8 gallery images + primary",no shipping window on record — conservative shipping score; differentiators: furniture; no weight on record — damage risk partly inferred; inventory sync stale or never run
0381585e-8b6b-48a8-b541-c7298f99b0c9,expandable-pet-carrier-backpack-breathable,GetPawsy Expandable Pet Carrier Backpack – Breathable Travel Bag for Small Dogs & Cats,active,false,both,Dog Travel,Pet Supplies > Multi-Pet Supplies > Carriers & Travel > Pet Carrier Backpacks,79.99,108.99,44.17,44.8,1952972942728876034,CJ Dropshipping,unknown,1,0,0,0,0,0,unknown,false,,3000,12,721,92,A,true,pet carrier backpack expandable cat dog carrier with back extension breathable mesh travel backpack for small dogs cats softsided pet backpack holds up to 26 lbs,none-detected,8,0,0,0,8,0,2,0,4,9,8,7,2,3,2,45,NO_REAL_STOCK|NO_US_DELIVERY_PATH|UNUSABLE_SHIPPING_PROMISE,2,RETIRE_CANDIDATE,"margin 44.8% (price 79.99, cost 44.17); stock us=0 eu=0 cn=0 effective=0; variant payload us=0 total=0; description 721 chars, quality_score=92; 12 gallery images + primary",no shipping window on record — conservative shipping score; differentiators: transparent; inventory sync stale or never run
5ed1f216-9686-4d30-a6f9-9938a420d06e,single-shoulder-bag-for-dogs-and-cats,Single Shoulder Pet Carrier Bag – Travel Bag for Cats & Dogs,active,true,cat,Dog Toys,Pet Supplies > Multi-Pet Supplies > Carriers > Shoulder Bags,29.95,37.99,9.91,66.9,2601150335541609600,CJ Dropshipping,unknown,1,103641,0,0,103641,103641,CN,false,,226,2,278,88,A,true,singleshoulder bag for dogs and cats,none-detected,29,0,0,0,13,5,2,0,1,7,4,2,5,3,2,44,UNUSABLE_SHIPPING_PROMISE,0,RETIRE_CANDIDATE,"margin 66.9% (price 29.95, cost 9.91); stock us=0 eu=0 cn=103641 effective=103641; variant payload us=0 total=0; description 278 chars, quality_score=88; 2 gallery images + primary",no shipping window on record — conservative shipping score; inventory sync stale or never run
51d08cc0-d431-4121-a409-6f21c57a9d03,pet-skin-fur-and-wound-care-essence-for-cleaning-and-moisturizing,Pet Wound Care Spray – Skin Moisturizer & Fur Cleaner for Dogs & Cats,inactive,false,both,Dog Grooming,Pet Supplies > Multi-Pet Supplies > Health & Wellness > Skin & Coat Care,9.99,12.49,0.95,90.5,2602240209261612400,CJ Dropshipping,available,1,9763,0,0,9763,9763,CN,false,,150,5,129,,B1,false,,none-detected,0,0,0,0,15,5,2,0,1,1,6,4,5,3,2,44,UNUSABLE_SHIPPING_PROMISE|INSUFFICIENT_SPECS,1,RETIRE_CANDIDATE,"margin 90.5% (price 9.99, cost 0.95); stock us=0 eu=0 cn=9763 effective=9763; variant payload us=0 total=0; description 129 chars, quality_score=n/a; 5 gallery images + primary",no shipping window on record — conservative shipping score; no quality/readiness score — spec confidence from copy length only; inventory sync stale or never run
d005bc74-d733-4cd8-8759-1680fce7e03c,rolling-l-bird-cage-w-storage-shelf-perch-food-container,Rolling L Bird Cage w/ Storage Shelf Perch Food Container,inactive,false,unknown,Bird Cages,,241.99,314.99,161.22,33.4,1991249468792496130,CJ Dropshipping,unknown,2,0,0,0,0,0,none,false,,16230,9,1059,,C,false,rolling l bird cage w storage shelf perch food container,none-detected,0,0,0,0,5,6,2,0,1,3,8,7,5,3,4,44,NO_REAL_STOCK|NO_US_DELIVERY_PATH|UNUSABLE_SHIPPING_PROMISE|UNACCEPTABLE_MARGIN,3,RETIRE_CANDIDATE,"margin 33.4% (price 241.99, cost 161.22); stock us=0 eu=0 cn=0 effective=0; variant payload us=354 total=354; description 1059 chars, quality_score=n/a; 9 gallery images + primary",column stock is 0 but CJ variant payload reports 354 US units — needs re-sync before trusting; no shipping window on record — conservative shipping score; no quality/readiness score — spec confidence from copy length only
41a6593b-3cac-4f1a-99b1-234e2b93ed2f,waterless-dog-wash,Waterless Dog Wash,inactive,false,dog,Dog Grooming,,18.99,24.99,6.35,66.6,2601180724421620000,CJ Dropshipping,discontinued,1,6530,0,0,6530,6530,CN,false,,120,1,964,,C,false,waterless dog wash,none-detected,0,0,0,0,13,5,2,9,1,3,2,2,2,3,2,44,UNRELIABLE_SUPPLIER|UNUSABLE_SHIPPING_PROMISE,1,RETIRE_CANDIDATE,"margin 66.6% (price 18.99, cost 6.35); stock us=0 eu=0 cn=6530 effective=6530; variant payload us=0 total=0; description 964 chars, quality_score=n/a; 1 gallery images + primary","no shipping window on record — conservative shipping score; problem signals: odor, smell, shed; no quality/readiness score — spec confidence from copy length only; inventory sync stale or never run"
d2b30fa6-01f1-4df1-a156-d1b029adc70e,small-animal-cage-with-removable-pet-playpen-guinea-pig-cage-with-waterproof-pad-hay-feeder-water-bo," Small Animal Cage with Removable Pet Playpen, Guinea Pig Cage with Waterproof Pad, Hay Feeder, Water Bottle, Food Dish",inactive,false,unknown,Hamster Cages,,200.99,249.99,133.77,33.4,2003472090671128578,CJ Dropshipping,unknown,1,0,0,0,0,0,none,false,,11300,8,1061,,C,false,small animal cage with removable pet playpen guinea pig cage with waterproof pad hay feeder water bottle food dish,none-detected,0,0,0,0,5,6,2,3,1,3,8,4,5,3,4,44,NO_REAL_STOCK|NO_US_DELIVERY_PATH|UNUSABLE_SHIPPING_PROMISE|UNACCEPTABLE_MARGIN,3,RETIRE_CANDIDATE,"margin 33.4% (price 200.99, cost 133.77); stock us=0 eu=0 cn=0 effective=0; variant payload us=62 total=62; description 1061 chars, quality_score=n/a; 8 gallery images + primary",column stock is 0 but CJ variant payload reports 62 US units — needs re-sync before trusting; no shipping window on record — conservative shipping score; problem signals: waterproof; no quality/readiness score — spec confidence from copy length only
088bb392-c936-41a6-9f92-f59391981ecb,60-outdoor-bird-cage-for-finches,"60"" Outdoor Bird Cage for Finches",inactive,false,unknown,Bird Cages,,322.99,395.99,215.23,33.4,1991249400651833346,CJ Dropshipping,unavailable,1,0,0,0,0,0,none,false,,21200,8,3381,,C,false,60 outdoor bird cage for finches,none-detected,0,0,0,0,5,6,2,0,1,4,8,7,5,3,3,44,NO_REAL_STOCK|NO_US_DELIVERY_PATH|UNUSABLE_SHIPPING_PROMISE|UNACCEPTABLE_MARGIN,3,RETIRE_CANDIDATE,"margin 33.4% (price 322.99, cost 215.23); stock us=0 eu=0 cn=0 effective=0; variant payload us=89 total=89; description 3381 chars, quality_score=n/a; 8 gallery images + primary",column stock is 0 but CJ variant payload reports 89 US units — needs re-sync before trusting; no shipping window on record — conservative shipping score; no quality/readiness score — spec confidence from copy length only
ddc0f41b-ceab-4cd1-9234-f6c33cd5bc22,2-in-1-pet-bike-trailer-for-small-dogs-road-visibility-dog-stroller-bicycle-ddc0,Dog Carrier Stroller – 2-in-1 Bike Trailer & Stroller for Small Dogs,inactive,false,dog,Dog Carriers,Pet Supplies > Dog Supplies > Carriers > Carrier Stroller,249.99,315.99,166.52,33.4,2003450828696252418,CJ Dropshipping,unknown,1,0,0,0,0,0,none,false,,15400,8,952,89,C,false,2in1 pet bike trailer for small dogs roadvisibility dog stroller bicycle carrier weatherstrong bike wagon trailer sidecar attachment white,confirmed,0,0,0,0,5,6,2,0,0,8,8,4,5,3,3,44,NO_REAL_STOCK|NO_US_DELIVERY_PATH|UNUSABLE_SHIPPING_PROMISE|UNACCEPTABLE_MARGIN|DUPLICATE,4,RETIRE_CANDIDATE,"margin 33.4% (price 249.99, cost 166.52); stock us=0 eu=0 cn=0 effective=0; variant payload us=67 total=67; description 952 chars, quality_score=89; 8 gallery images + primary",column stock is 0 but CJ variant payload reports 67 US units — needs re-sync before trusting; no shipping window on record — conservative shipping score
e5f9aa96-2f28-402f-b68d-ea86fc7deaf7,reptile-cage-with-3-windows-slide-out-tray-for-turtles,Reptile Cage with 3 Windows Slide-out Tray for Turtles,inactive,false,unknown,Reptile Terrariums,,151.99,192.99,101.53,33.2,1991252348956086274,CJ Dropshipping,unknown,2,0,0,0,0,0,none,false,,8900,9,4000,,C,false,reptile cage with 3 windows slideout tray for turtles,none-detected,0,0,0,0,5,6,2,0,4,4,8,7,5,0,3,44,NO_REAL_STOCK|NO_US_DELIVERY_PATH|UNUSABLE_SHIPPING_PROMISE|UNACCEPTABLE_MARGIN,3,RETIRE_CANDIDATE,"margin 33.2% (price 151.99, cost 101.53); stock us=0 eu=0 cn=0 effective=0; variant payload us=105 total=105; description 4000 chars, quality_score=n/a; 9 gallery images + primary",column stock is 0 but CJ variant payload reports 105 US units — needs re-sync before trusting; no shipping window on record — conservative shipping score; differentiators: transparent; no quality/readiness score — spec confidence from copy length only
eb8e67d1-06b9-48d9-a939-d76d50ce5633,1pc-electronic-pet-training-mat-indoor-safe-shock-training-pad-for-dogs-cats-pet-barrier-60x12in-wit,1Pc Electronic Pet Training Mat Indoor Safe Shock Training Pad For Dogs Cats Pet Barrier 60x12in With 3 Training Modes,inactive,false,dog,Dog Grooming,,75.99,92.99,38.12,49.8,1963486746815004674,CJ Dropshipping,unknown,1,0,0,0,0,0,unknown,false,,509,11,967,,C,false,1pc electronic pet training mat indoor safe shock training pad for dogs cats pet barrier 60x12in with 3 training modes,none-detected,0,0,0,0,8,0,2,3,4,3,8,4,5,3,4,44,NO_REAL_STOCK|NO_US_DELIVERY_PATH|UNUSABLE_SHIPPING_PROMISE,2,RETIRE_CANDIDATE,"margin 49.8% (price 75.99, cost 38.12); stock us=0 eu=0 cn=0 effective=0; variant payload us=0 total=0; description 967 chars, quality_score=n/a; 11 gallery images + primary",no shipping window on record — conservative shipping score; problem signals: scratch; differentiators: furniture; no quality/readiness score — spec confidence from copy length only
5d942a44-4eb2-4a83-a8c5-381fccbc6bcc,39-portable-soft-sided-cat-carrier,"39"" Portable Soft-Sided Cat Carrier",inactive,false,cat,Cat Carriers,,168.99,203.99,96.68,42.8,1991244811416363010,CJ Dropshipping,unavailable,1,0,0,0,0,0,none,false,,5200,8,1039,,C,false,39 portable softsided cat carrier,confirmed,0,0,0,0,8,6,2,3,0,3,8,4,5,3,2,44,NO_REAL_STOCK|NO_US_DELIVERY_PATH|UNUSABLE_SHIPPING_PROMISE|DUPLICATE,3,RETIRE_CANDIDATE,"margin 42.8% (price 168.99, cost 96.68); stock us=0 eu=0 cn=0 effective=0; variant payload us=161 total=161; description 1039 chars, quality_score=n/a; 8 gallery images + primary",column stock is 0 but CJ variant payload reports 161 US units — needs re-sync before trusting; no shipping window on record — conservative shipping score; problem signals: anxiety; no quality/readiness score — spec confidence from copy length only; inventory sync stale or never run
bc9bdea0-7285-463a-bdee-5ad48aed15b4,pickup-only-pure-white-cat-scratch-leather-living-room-square-high-stool,Pickup Only--Pure White Cat-Scratch Leather Living Room Square High Stool,inactive,false,unknown,Cat Toys,,59.99,78.13,25,58.3,2036368373006254082,CJ Dropshipping,unavailable,1,0,0,0,0,0,none,false,,,6,286,,C,false,,none-detected,0,0,0,0,11,0,2,3,1,2,8,4,5,4,4,44,NO_REAL_STOCK|NO_US_DELIVERY_PATH|UNUSABLE_SHIPPING_PROMISE,2,RETIRE_CANDIDATE,"margin 58.3% (price 59.99, cost 25); stock us=0 eu=0 cn=0 effective=0; variant payload us=0 total=0; description 286 chars, quality_score=n/a; 6 gallery images + primary",no shipping window on record — conservative shipping score; problem signals: scratch; no quality/readiness score — spec confidence from copy length only; no weight on record — damage risk partly inferred
0139036c-d1b8-4b8a-996b-1ec8d5c0a908,dog-anti-pull-automatic-retractable-leash-auto-retracting,GetPawsy Retractable Dog Leash – Anti-Tangle Walking Lead,inactive,false,dog,Dog Collars & Leashes,"Pet Supplies > Dog Supplies > Collars, Harnesses & Leashes > Dog Leashes",47.99,61.99,19.26,59.9,2601151008201631400,CJ Dropshipping,discontinued,1,12099,0,0,12099,12099,CN,false,,350,6,184,88,A,false,dog anti pull automatic retractable leash auto retracting,none-detected,0,0,0,0,11,5,2,0,1,6,8,4,2,3,2,44,UNRELIABLE_SUPPLIER|UNUSABLE_SHIPPING_PROMISE|INSUFFICIENT_SPECS,2,RETIRE_CANDIDATE,"margin 59.9% (price 47.99, cost 19.26); stock us=0 eu=0 cn=12099 effective=12099; variant payload us=0 total=0; description 184 chars, quality_score=88; 6 gallery images + primary",no shipping window on record — conservative shipping score; inventory sync stale or never run
0f633088-0d7b-40ef-9ebd-cdee2a455472,outdoor-dog-kennel-for-large-sized-dogs-with-waterproof-uv-resistant-roof-silver,Outdoor Dog House – Large Waterproof UV Resistant Kennel for Dogs,inactive,false,dog,Dog Houses,Pet Supplies > Dog Supplies > Housing & Habitats > Dog Houses,625.99,812.99,417.62,33.3,2013185259409661954,CJ Dropshipping,unavailable,1,0,0,0,0,0,none,false,,24500,5,1008,,C,false,outdoor dog kennel for largesized dogs with waterproof uv resistant roof silver,none-detected,0,0,0,0,5,6,2,3,1,3,6,7,5,3,3,44,NO_REAL_STOCK|NO_US_DELIVERY_PATH|UNUSABLE_SHIPPING_PROMISE|UNACCEPTABLE_MARGIN,3,RETIRE_CANDIDATE,"margin 33.3% (price 625.99, cost 417.62); stock us=0 eu=0 cn=0 effective=0; variant payload us=50 total=50; description 1008 chars, quality_score=n/a; 5 gallery images + primary",column stock is 0 but CJ variant payload reports 50 US units — needs re-sync before trusting; no shipping window on record — conservative shipping score; problem signals: waterproof; no quality/readiness score — spec confidence from copy length only
ada50ccb-7d21-49cb-86fd-a2699aa27bd4,77-flight-bird-cage-hexagon-covered-canopy-portable-aviary-with-storage-1,"77"" Flight Bird Cage Hexagon Covered Canopy Portable Aviary With Storage",inactive,false,unknown,Bird Cages,,498.99,605.99,332.95,33.3,1991249321966690306,CJ Dropshipping,unknown,1,0,0,0,0,0,none,false,,37640,8,4000,,C,false,77 flight bird cage hexagon covered canopy portable aviary with storage,confirmed,0,0,0,0,5,6,2,0,0,4,8,7,5,3,4,44,NO_REAL_STOCK|NO_US_DELIVERY_PATH|UNUSABLE_SHIPPING_PROMISE|UNACCEPTABLE_MARGIN|DUPLICATE,4,RETIRE_CANDIDATE,"margin 33.3% (price 498.99, cost 332.95); stock us=0 eu=0 cn=0 effective=0; variant payload us=99 total=99; description 4000 chars, quality_score=n/a; 8 gallery images + primary",column stock is 0 but CJ variant payload reports 99 US units — needs re-sync before trusting; no shipping window on record — conservative shipping score; no quality/readiness score — spec confidence from copy length only
abe4904d-4bb5-4e61-a2ca-ab70e382a098,rat-cage-hamster-cage-small-animal-playhouse-for-gerbils-with-suspension-bridge-ladders-openable-top," Rat Cage Hamster Cage Small Animal Playhouse for Gerbils with Suspension Bridge, Ladders, Openable Top Hut",inactive,false,unknown,Hamster Cages,,196.99,247.99,131.28,33.4,2003470787194691585,CJ Dropshipping,unknown,1,0,0,0,0,0,none,false,,12000,8,2520,,C,false,rat cage hamster cage small animal playhouse for gerbils with suspension bridge ladders openable top hut,none-detected,0,0,0,0,5,6,2,0,1,4,8,7,5,3,3,44,NO_REAL_STOCK|NO_US_DELIVERY_PATH|UNUSABLE_SHIPPING_PROMISE|UNACCEPTABLE_MARGIN,3,RETIRE_CANDIDATE,"margin 33.4% (price 196.99, cost 131.28); stock us=0 eu=0 cn=0 effective=0; variant payload us=10 total=10; description 2520 chars, quality_score=n/a; 8 gallery images + primary",column stock is 0 but CJ variant payload reports 10 US units — needs re-sync before trusting; no shipping window on record — conservative shipping score; no quality/readiness score — spec confidence from copy length only
3a9792b2-5a43-4068-81a2-8ce2f4cad9f1,pawhut-turtle-tank-kit-turtle-aquarium-with-basking-platform-water-pump-filter-3a97,Reptile Terrarium Habitat – Turtle Kit with Basking Platform & Filter,active,false,unknown,Reptile Terrariums,Pet Supplies > Reptile Supplies > Terrariums > Turtle Terrariums,91.99,115.99,52.82,42.6,2008055460314910721,CJ Dropshipping,unavailable,1,0,0,0,0,0,none,false,,2200,12,334,,C,true,pawhut turtle tank kit turtle aquarium with basking platform water pump filter layer design full view visually reptile habitat easy to clean and change water multi functional area,none-detected,0,0,0,0,8,6,10,0,1,2,8,4,2,0,3,44,NO_REAL_STOCK|NO_US_DELIVERY_PATH|UNUSABLE_SHIPPING_PROMISE,2,RETIRE_CANDIDATE,"margin 42.6% (price 91.99, cost 52.82); stock us=0 eu=0 cn=0 effective=0; variant payload us=61 total=61; description 334 chars, quality_score=n/a; 12 gallery images + primary",column stock is 0 but CJ variant payload reports 61 US units — needs re-sync before trusting; no shipping window on record — conservative shipping score; no quality/readiness score — spec confidence from copy length only
ca67d0d6-4ced-40ab-80ee-443b1021ab92,compass-cat-scratching-post-cat-scratching-post-with-ball-interactive-training-ca67,Interactive Cat Scratching Post – Training Toy with Ball for Indoor Cats,inactive,false,cat,Cat Scratching Posts,Pet Supplies > Cat Supplies > Furniture > Scratching Post,46.99,58.99,23.5,50,1948265208917094402,CJ Dropshipping,discontinued,0,0,0,0,0,0,unknown,false,,179,4,286,88,B1,false,compass cat scratching post cat scratching post with ball interactive training sports mouse toy with ball cat scratching post cat grapple indoor cat sports interaction protection furniture,none-detected,0,0,0,0,8,0,2,3,4,7,6,4,5,3,2,44,UNRELIABLE_SUPPLIER|NO_REAL_STOCK|NO_US_DELIVERY_PATH|UNUSABLE_SHIPPING_PROMISE,3,RETIRE_CANDIDATE,"margin 50.0% (price 46.99, cost 23.5); stock us=0 eu=0 cn=0 effective=0; variant payload us=0 total=0; description 286 chars, quality_score=88; 4 gallery images + primary",no shipping window on record — conservative shipping score; problem signals: scratch; differentiators: furniture; inventory sync stale or never run
5d73fdde-a2ec-4194-9ced-55cbddeb55fa,dome-heated-cat-house-portable-and-waterproof-pet-shelter-for-kitty-in-winter-black,"Dome Heated Cat House Portable And Waterproof Pet Shelter For Kitty In Winter, Black",inactive,false,cat,Cat Houses,,108.99,135.99,62.27,42.9,2013088291896782849,CJ Dropshipping,discontinued,1,0,0,0,0,0,unknown,false,,1920,11,1032,,C,false,dome heated cat house portable and waterproof pet shelter for kitty in winter black,none-detected,0,0,0,0,8,0,2,3,1,3,8,7,5,3,4,44,UNRELIABLE_SUPPLIER|NO_REAL_STOCK|NO_US_DELIVERY_PATH|UNUSABLE_SHIPPING_PROMISE,3,RETIRE_CANDIDATE,"margin 42.9% (price 108.99, cost 62.27); stock us=0 eu=0 cn=0 effective=0; variant payload us=0 total=0; description 1032 chars, quality_score=n/a; 11 gallery images + primary",no shipping window on record — conservative shipping score; problem signals: waterproof; no quality/readiness score — spec confidence from copy length only
abb2ba75-2f39-4c19-94a9-c51a224d9b9d,cat-body-care,Cat Body Care,inactive,false,cat,Cat Toys,,9.99,12.49,3.19,68.1,2602241011341636300,CJ Dropshipping,discontinued,1,15145,0,0,15145,15145,CN,false,,,5,274,,C,false,,none-detected,0,0,0,0,13,5,2,0,1,2,6,4,5,4,2,44,UNRELIABLE_SUPPLIER|UNUSABLE_SHIPPING_PROMISE,1,RETIRE_CANDIDATE,"margin 68.1% (price 9.99, cost 3.19); stock us=0 eu=0 cn=15145 effective=15145; variant payload us=0 total=0; description 274 chars, quality_score=n/a; 5 gallery images + primary",no shipping window on record — conservative shipping score; no quality/readiness score — spec confidence from copy length only; no weight on record — damage risk partly inferred; inventory sync stale or never run
e4b8bb3e-7f42-42dd-a0bf-c741eb48e478,59-extra-tall-pet-gate-30-41-dog-gate-with-cat-door-1-4-narrow-gap-2-8-and-5-5-e4b8,Extra Tall Dog Safety Gate – 59-Inch Pet Barrier with Cat Door for Doorways & Hallways,active,false,both,Cat Toys,Pet Supplies > Multi-Pet Supplies > Safety > Safety Gates,247.99,315.99,165.18,33.4,2003456924961251330,CJ Dropshipping,unknown,1,0,0,0,0,0,none,false,,15000,9,282,86,C,true,59 extra tall pet gate 3041 dog gate with cat door 14 narrow gap 28 and 55 extension for doorway hallway,none-detected,0,0,0,0,5,6,2,0,1,7,8,4,5,3,3,44,NO_REAL_STOCK|NO_US_DELIVERY_PATH|UNUSABLE_SHIPPING_PROMISE|UNACCEPTABLE_MARGIN,3,RETIRE_CANDIDATE,"margin 33.4% (price 247.99, cost 165.18); stock us=0 eu=0 cn=0 effective=0; variant payload us=78 total=78; description 282 chars, quality_score=86; 9 gallery images + primary",column stock is 0 but CJ variant payload reports 78 US units — needs re-sync before trusting; no shipping window on record — conservative shipping score
db3342b2-b864-4db8-ac5f-c1bc022da293,wooden-hamster-cage-habitat-32-in-clear-mice-rodents-small-animals-cage,Wooden Hamster Cage Habitat 32 In Clear Mice Rodents Small Animals Cage,active,false,unknown,Hamster Cages,Pet Supplies > Small Animal Supplies > Habitats > Cages,167.99,211.99,111.7,33.5,1993039939262771202,CJ Dropshipping,unknown,1,0,0,0,0,0,none,false,,7900,6,947,,C,true,wooden hamster cage habitat 32 in clear mice rodents small animals cage,none-detected,0,0,0,0,5,6,2,0,4,3,8,7,2,3,4,44,NO_REAL_STOCK|NO_US_DELIVERY_PATH|UNUSABLE_SHIPPING_PROMISE|UNACCEPTABLE_MARGIN,3,RETIRE_CANDIDATE,"margin 33.5% (price 167.99, cost 111.7); stock us=0 eu=0 cn=0 effective=0; variant payload us=21 total=21; description 947 chars, quality_score=n/a; 6 gallery images + primary",column stock is 0 but CJ variant payload reports 21 US units — needs re-sync before trusting; no shipping window on record — conservative shipping score; differentiators: transparent; no quality/readiness score — spec confidence from copy length only
d6c4d5c9-0114-4660-b88a-9728d8938add,23-heavy-duty-dog-food-bowls-pet-elevated-feeding-station,"23"" Heavy Duty Dog Food Bowls Pet Elevated Feeding Station",active,false,dog,Dog Food & Treats,Pet Supplies > Dog Supplies > Feeding Supplies > Elevated Feeders,95.99,123.99,48.03,50,1991248747487596546,CJ Dropshipping,unknown,1,0,0,0,0,0,none,false,,4300,9,940,,C,true,23 heavy duty dog food bowls pet elevated feeding station,none-detected,0,0,0,0,8,6,2,0,1,3,8,4,5,3,4,44,NO_REAL_STOCK|NO_US_DELIVERY_PATH|UNUSABLE_SHIPPING_PROMISE,2,RETIRE_CANDIDATE,"margin 50.0% (price 95.99, cost 48.03); stock us=0 eu=0 cn=0 effective=0; variant payload us=161 total=161; description 940 chars, quality_score=n/a; 9 gallery images + primary",column stock is 0 but CJ variant payload reports 161 US units — needs re-sync before trusting; no shipping window on record — conservative shipping score; no quality/readiness score — spec confidence from copy length only
476b7f51-1994-4f77-ac77-55bea48149b3,3-in-1-pet-stroller-with-detachable-carrier-foldable-dog-stroller-with-storage-476b,Dog Carrier Stroller – 3-in-1 Foldable & Detachable Stroller for Small Dogs,inactive,false,dog,Dog Carriers,Pet Supplies > Dog Supplies > Carriers > Carrier Stroller,172.99,212.99,115.09,33.5,1960959397523931137,CJ Dropshipping,unknown,1,70,0,0,0,0,unknown,false,,5700,6,966,87,C,false,3 in 1 pet stroller with detachable carrier foldable dog stroller with storage basket cupholder for mini dogs gray,confirmed,0,0,0,0,5,0,2,3,3,8,8,4,5,3,2,43,UNUSABLE_SHIPPING_PROMISE|UNACCEPTABLE_MARGIN|DUPLICATE,2,RETIRE_CANDIDATE,"margin 33.5% (price 172.99, cost 115.09); stock us=0 eu=0 cn=0 effective=0; variant payload us=0 total=0; description 966 chars, quality_score=87; 6 gallery images + primary",no shipping window on record — conservative shipping score; problem signals: shed; differentiators: foldable; inventory sync stale or never run
d348a8bc-202b-4de5-a7aa-816b96abbb17,39-portable-soft-sided-cat-carrier-cat-kennel-travel-dog-crate-with-divider-two-compartments-soft-cu," 39"" Portable Soft-Sided Cat Carrier, Cat Kennel, Travel Dog Crate with Divider, Two Compartments, Soft Cushions & Storage Bag, Easy to Fold, Blue",inactive,false,both,Cat Carriers,,168.99,209.99,96.68,42.8,2003450529858564098,CJ Dropshipping,unknown,1,0,0,0,0,0,none,false,,5200,8,1036,,C,false,39 portable softsided cat carrier cat kennel travel dog crate with divider two compartments soft cushions  storage bag easy to fold blue,confirmed,0,0,0,0,8,6,2,0,0,3,8,4,5,3,4,43,NO_REAL_STOCK|NO_US_DELIVERY_PATH|UNUSABLE_SHIPPING_PROMISE|DUPLICATE,3,RETIRE_CANDIDATE,"margin 42.8% (price 168.99, cost 96.68); stock us=0 eu=0 cn=0 effective=0; variant payload us=41 total=41; description 1036 chars, quality_score=n/a; 8 gallery images + primary",column stock is 0 but CJ variant payload reports 41 US units — needs re-sync before trusting; no shipping window on record — conservative shipping score; no quality/readiness score — spec confidence from copy length only
0387d0d4-3d31-4581-959b-ab7430ae09ab,93inch-iron-with-four-hooks-with-bird-feeder-black-courtyard-bird-feeder,Bird Feeder – Decorative Iron Courtyard Design with Four Hooks,inactive,false,unknown,Bird Bowls & Feeders,Pet Supplies > Bird Supplies > Feeding Supplies > Bird Feeder,93.99,120.99,47.19,49.8,1998331488764268545,CJ Dropshipping,unavailable,1,0,0,0,0,0,none,false,,3500,19,1907,,C,false,93inch iron with four hooks with bird feeder black courtyard bird feeder,none-detected,0,0,0,0,8,6,2,0,1,4,8,4,5,3,2,43,NO_REAL_STOCK|NO_US_DELIVERY_PATH|UNUSABLE_SHIPPING_PROMISE,2,RETIRE_CANDIDATE,"margin 49.8% (price 93.99, cost 47.19); stock us=0 eu=0 cn=0 effective=0; variant payload us=170 total=170; description 1907 chars, quality_score=n/a; 19 gallery images + primary",column stock is 0 but CJ variant payload reports 170 US units — needs re-sync before trusting; no shipping window on record — conservative shipping score; no quality/readiness score — spec confidence from copy length only; inventory sync stale or never run
b6d36d9c-ab85-4331-9069-240920b287ca,wicker-dog-house-outdoor-with-canopy-rattan-dog-bed-with-water-resistant-cushion-raised-pet-bed-for-," Wicker Dog House Outdoor with Canopy, Rattan Dog Bed with Water-resistant Cushion, Raised Pet Bed for Small, Medium Breeds up to 66 lbs, 20"" in Length, Silver Wicker, Gray Cushion",active,false,dog,Dog Beds,Pet Supplies > Dog Supplies > Beds > Dog Beds,174.99,225.99,116.66,33.3,2003451778708385794,CJ Dropshipping,unknown,1,0,0,0,0,0,none,false,,10700,9,274,,C,true,wicker dog house outdoor with canopy rattan dog bed with waterresistant cushion raised pet bed for small medium breeds up to 66 lbs 20 in length silver wicker gray cushion,none-detected,0,0,0,0,5,6,2,0,1,2,8,7,5,3,4,43,NO_REAL_STOCK|NO_US_DELIVERY_PATH|UNUSABLE_SHIPPING_PROMISE|UNACCEPTABLE_MARGIN,3,RETIRE_CANDIDATE,"margin 33.3% (price 174.99, cost 116.66); stock us=0 eu=0 cn=0 effective=0; variant payload us=92 total=92; description 274 chars, quality_score=n/a; 9 gallery images + primary",column stock is 0 but CJ variant payload reports 92 US units — needs re-sync before trusting; no shipping window on record — conservative shipping score; no quality/readiness score — spec confidence from copy length only
815ab98c-c075-4960-8b86-0d593e818f1f,large-bird-cage-with-width-for-wingspan,Large Bird Cage with . Width for Wingspan,inactive,false,unknown,Bird Cages,,230.99,280.99,153.88,33.4,1991249518729879554,CJ Dropshipping,unavailable,3,0,0,0,0,0,none,false,,14000,10,4000,,C,false,large bird cage with  width for wingspan,none-detected,0,0,0,0,5,6,2,0,1,4,8,7,5,3,2,43,NO_REAL_STOCK|NO_US_DELIVERY_PATH|UNUSABLE_SHIPPING_PROMISE|UNACCEPTABLE_MARGIN,3,RETIRE_CANDIDATE,"margin 33.4% (price 230.99, cost 153.88); stock us=0 eu=0 cn=0 effective=0; variant payload us=383 total=383; description 4000 chars, quality_score=n/a; 10 gallery images + primary",column stock is 0 but CJ variant payload reports 383 US units — needs re-sync before trusting; no shipping window on record — conservative shipping score; no quality/readiness score — spec confidence from copy length only; inventory sync stale or never run
fc946fb9-20b9-431e-94f5-afa554de0fda,pet-cat-winter-and-summer-clothing-for-medium-sized-dogs-flannel-transformation-clothing-supplies-fo,GetPawsy Pet Flannel Transformation Costume - Winter and Summer Clothing for Medium Dogs,inactive,false,dog,Dog Grooming,,29.95,37.99,11.99,60,2010996793371566082,CJ Dropshipping,discontinued,1,63925,0,0,63925,63925,CN,false,,200,9,284,,C,false,pet cat winter and summer clothing for mediumsized dogs  flannel transformation clothing supplies for apparel,none-detected,0,0,0,0,11,5,2,0,1,2,8,4,5,3,2,43,UNRELIABLE_SUPPLIER|UNUSABLE_SHIPPING_PROMISE,1,RETIRE_CANDIDATE,"margin 60.0% (price 29.95, cost 11.99); stock us=0 eu=0 cn=63925 effective=63925; variant payload us=0 total=0; description 284 chars, quality_score=n/a; 9 gallery images + primary",no shipping window on record — conservative shipping score; no quality/readiness score — spec confidence from copy length only; inventory sync stale or never run
80a7dcbe-f1e8-4468-8e89-c700399fd412,46-x-24-a-frame-outdoor-rabbit-hutch,"46"" x 24"" A-Frame Outdoor Rabbit Hutch",inactive,false,unknown,Rabbit Cages,,179.99,226.99,119.79,33.4,1991249779177328641,CJ Dropshipping,unavailable,2,0,0,0,0,0,none,false,,8850,9,1130,,C,false,46 x 24 aframe outdoor rabbit hutch,none-detected,0,0,0,0,5,6,2,0,1,3,8,7,5,3,3,43,NO_REAL_STOCK|NO_US_DELIVERY_PATH|UNUSABLE_SHIPPING_PROMISE|UNACCEPTABLE_MARGIN,3,RETIRE_CANDIDATE,"margin 33.4% (price 179.99, cost 119.79); stock us=0 eu=0 cn=0 effective=0; variant payload us=397 total=397; description 1130 chars, quality_score=n/a; 9 gallery images + primary",column stock is 0 but CJ variant payload reports 397 US units — needs re-sync before trusting; no shipping window on record — conservative shipping score; no quality/readiness score — spec confidence from copy length only
62a59e26-a6dd-4ddf-80c9-af48da4d78ed,lassot-portable-pull-out-water-bowl-for-dogs-large-capacity-perfect-for-camping-62a5,Portable Dog Water Bowl – Large Capacity Pull-Out for Travel & Hiking,inactive,false,dog,Dog Bowls & Feeders,Pet Supplies > Dog Supplies > Feeding & Watering Supplies > Dog Water Bowls,57.49,72.99,28.74,50,1993151386771283970,CJ Dropshipping,discontinued,1,0,0,0,0,0,unknown,false,,600,23,277,86,B1,false,lassot portable pullout water bowl for dogs large capacity perfect for camping hiking beach trips road trips and park walks,none-detected,0,0,0,0,11,0,2,0,1,7,8,4,5,3,2,43,UNRELIABLE_SUPPLIER|NO_REAL_STOCK|NO_US_DELIVERY_PATH|UNUSABLE_SHIPPING_PROMISE,3,RETIRE_CANDIDATE,"margin 50.0% (price 57.49, cost 28.74); stock us=0 eu=0 cn=0 effective=0; variant payload us=0 total=0; description 277 chars, quality_score=86; 23 gallery images + primary",no shipping window on record — conservative shipping score; inventory sync stale or never run
5614323c-116a-49e2-8672-f6ccb0dee66b,5-tier-hamster-cage-mice-habitat-rat-habitat-with-openable-top,5-Tier Hamster Cage Mice Habitat Rat Habitat with Openable Top,inactive,false,unknown,Hamster Cages,,167.99,210.99,112,33.3,1991252872528912385,CJ Dropshipping,unavailable,2,0,0,0,0,0,none,false,,9600,13,4000,,C,false,5tier hamster cage mice habitat rat habitat with openable top,confirmed,0,0,0,0,5,6,2,0,3,4,8,7,5,0,3,43,NO_REAL_STOCK|NO_US_DELIVERY_PATH|UNUSABLE_SHIPPING_PROMISE|UNACCEPTABLE_MARGIN|DUPLICATE,4,RETIRE_CANDIDATE,"margin 33.3% (price 167.99, cost 112); stock us=0 eu=0 cn=0 effective=0; variant payload us=318 total=318; description 4000 chars, quality_score=n/a; 13 gallery images + primary",column stock is 0 but CJ variant payload reports 318 US units — needs re-sync before trusting; no shipping window on record — conservative shipping score; differentiators: transparent; no quality/readiness score — spec confidence from copy length only
b76d3afb-567b-447d-8bbb-07d62ba6cb08,pearl-design-pet-sofa-for-medium-and-large-sized-dogs-pet-bed-with-cushion-and-solid-wood-legs-dark-," Pearl Design Pet Sofa for Medium and Large Sized Dogs, Pet Bed with Cushion and Solid Wood Legs, Dark Blue",active,false,dog,Dog Toys,,229.99,286.99,153.18,33.4,2003455144555376641,CJ Dropshipping,unknown,1,0,0,0,0,0,none,false,,10700,9,274,,A,true,pearl design pet sofa for medium and large sized dogs pet bed with cushion and solid wood legs dark blue,none-detected,0,0,0,0,5,6,2,0,1,2,8,7,5,3,4,43,NO_REAL_STOCK|NO_US_DELIVERY_PATH|UNUSABLE_SHIPPING_PROMISE|UNACCEPTABLE_MARGIN,3,RETIRE_CANDIDATE,"margin 33.4% (price 229.99, cost 153.18); stock us=0 eu=0 cn=0 effective=0; variant payload us=26 total=26; description 274 chars, quality_score=n/a; 9 gallery images + primary",column stock is 0 but CJ variant payload reports 26 US units — needs re-sync before trusting; no shipping window on record — conservative shipping score; no quality/readiness score — spec confidence from copy length only
3d7a3c94-aeba-4e9e-919b-2fe65ba60147,2-in-1-pet-bike-trailer-for-small-dogs-road-visibility-dog-stroller-bicycle-carrier-weather-strong-b-1,"2-in-1 Pet Bike Trailer for Small Dogs, Road-Visibility Dog Stroller Bicycle Carrier, Weather-Strong Bike Wagon Trailer Sidecar Attachment, Red",inactive,false,dog,Dog Carriers,,249.99,315.99,166.52,33.4,2003450791228534785,CJ Dropshipping,unavailable,1,0,0,0,0,0,none,false,,15400,8,1035,,C,false,2in1 pet bike trailer for small dogs roadvisibility dog stroller bicycle carrier weatherstrong bike wagon trailer sidecar attachment red,none-detected,0,0,0,0,5,6,2,0,1,3,8,7,5,3,3,43,NO_REAL_STOCK|NO_US_DELIVERY_PATH|UNUSABLE_SHIPPING_PROMISE|UNACCEPTABLE_MARGIN,3,RETIRE_CANDIDATE,"margin 33.4% (price 249.99, cost 166.52); stock us=0 eu=0 cn=0 effective=0; variant payload us=53 total=53; description 1035 chars, quality_score=n/a; 8 gallery images + primary",column stock is 0 but CJ variant payload reports 53 US units — needs re-sync before trusting; no shipping window on record — conservative shipping score; no quality/readiness score — spec confidence from copy length only
d7baf590-affa-403f-ba96-58b298ba652d,dog-outdoor-leash-high-density-nylon,Dog Leash – High-Density Nylon Outdoor Walking Lead for Dogs,active,true,unknown,Dog Collars & Leashes,Pet Supplies > Dog Supplies > Collars & Leashes > Leash,9.99,12.49,2.08,79.2,2603200131451604000,CJ Dropshipping,available,1,175317,0,0,175317,175317,CN,false,,150,1,218,76,B1,true,,none-detected,34,3,0,0,15,5,2,0,1,6,2,2,5,3,2,43,UNUSABLE_SHIPPING_PROMISE|INSUFFICIENT_SPECS,1,RETIRE_CANDIDATE,"margin 79.2% (price 9.99, cost 2.08); stock us=0 eu=0 cn=175317 effective=175317; variant payload us=0 total=0; description 218 chars, quality_score=76; 1 gallery images + primary",no shipping window on record — conservative shipping score; inventory sync stale or never run
45d9e415-8db8-42d8-9a5e-d6abaaf4c5ff,wicker-dog-house-outdoor-with-canopy-rattan-dog-bed-with-water-resistant-cushion-raised-dog-bed-for-," Wicker Dog House Outdoor with Canopy, Rattan Dog Bed with Water-resistant Cushion, Raised Dog Bed for Small, Medium Dogs up to 66 lbs, 19.75"" in Length, Brown Wicker, White Cushion",inactive,false,dog,Dog Beds,,179.99,227.99,119.98,33.3,2003451482145927170,CJ Dropshipping,unavailable,1,0,0,0,0,0,none,false,,10700,8,1000,,C,false,wicker dog house outdoor with canopy rattan dog bed with waterresistant cushion raised dog bed for small medium dogs up to 66 lbs 1975 in length brown wicker white cushion,none-detected,0,0,0,0,5,6,2,0,1,3,8,7,5,3,3,43,NO_REAL_STOCK|NO_US_DELIVERY_PATH|UNUSABLE_SHIPPING_PROMISE|UNACCEPTABLE_MARGIN,3,RETIRE_CANDIDATE,"margin 33.3% (price 179.99, cost 119.98); stock us=0 eu=0 cn=0 effective=0; variant payload us=70 total=70; description 1000 chars, quality_score=n/a; 8 gallery images + primary",column stock is 0 but CJ variant payload reports 70 US units — needs re-sync before trusting; no shipping window on record — conservative shipping score; no quality/readiness score — spec confidence from copy length only
5e82deac-0e1b-443c-8d59-a091932b7e0f,portable-and-breathable-small-dog-and-cat-portable-pet-travel-bag-for-carrying-on-the-go-and-in-the-,Portable And Breathable Small Dog And Cat Portable Pet Travel Bag For Carrying On The Go And In The Vehicle,inactive,false,both,Dog Houses,,47.49,59.99,18.99,60,2012150299431665665,CJ Dropshipping,discontinued,1,0,0,0,0,0,none,false,,800,18,276,,C,false,portable and breathable small dog and cat portable pet travel bag for carrying on the go and in the vehicle,none-detected,0,0,0,0,13,0,2,0,1,2,8,7,5,3,2,43,UNRELIABLE_SUPPLIER|NO_REAL_STOCK|NO_US_DELIVERY_PATH|UNUSABLE_SHIPPING_PROMISE,3,RETIRE_CANDIDATE,"margin 60.0% (price 47.49, cost 18.99); stock us=0 eu=0 cn=0 effective=0; variant payload us=0 total=0; description 276 chars, quality_score=n/a; 18 gallery images + primary",no shipping window on record — conservative shipping score; no quality/readiness score — spec confidence from copy length only; inventory sync stale or never run
9f93c821-cc09-4494-bb31-c7ba7ca9f780,48-rolling-t-stand-bird-training-activity-playground-with-perch-1,"48"" Rolling T-Stand Bird Training Activity Playground With Perch",inactive,false,unknown,Bird Accessories,,127.99,162.99,73.12,42.9,1991249249480728578,CJ Dropshipping,unavailable,1,0,0,0,0,0,none,false,,6450,8,991,,C,false,48 rolling tstand bird training activity playground with perch,none-detected,0,0,0,0,8,6,2,0,1,3,8,7,2,3,3,43,NO_REAL_STOCK|NO_US_DELIVERY_PATH|UNUSABLE_SHIPPING_PROMISE,2,RETIRE_CANDIDATE,"margin 42.9% (price 127.99, cost 73.12); stock us=0 eu=0 cn=0 effective=0; variant payload us=304 total=304; description 991 chars, quality_score=n/a; 8 gallery images + primary",column stock is 0 but CJ variant payload reports 304 US units — needs re-sync before trusting; no shipping window on record — conservative shipping score; no quality/readiness score — spec confidence from copy length only
6389cac7-be02-4f42-b463-f68416781033,wooden-dog-training-place-board-dog-training-platform-with-ladder-pet-agility-system-for-indoor-outd," Wooden Dog Training Place Board, Dog Training Platform with Ladder, Pet Agility System for Indoor Outdoor, Gray",inactive,false,dog,Dog Training,,155.99,201.99,103.83,33.4,2003457497176322049,CJ Dropshipping,unavailable,1,0,0,0,0,0,none,false,,6200,8,898,,C,false,wooden dog training place board dog training platform with ladder pet agility system for indoor outdoor gray,none-detected,0,0,0,0,5,6,2,0,1,3,8,7,5,3,3,43,NO_REAL_STOCK|NO_US_DELIVERY_PATH|UNUSABLE_SHIPPING_PROMISE|UNACCEPTABLE_MARGIN,3,RETIRE_CANDIDATE,"margin 33.4% (price 155.99, cost 103.83); stock us=0 eu=0 cn=0 effective=0; variant payload us=25 total=25; description 898 chars, quality_score=n/a; 8 gallery images + primary",column stock is 0 but CJ variant payload reports 25 US units — needs re-sync before trusting; no shipping window on record — conservative shipping score; no quality/readiness score — spec confidence from copy length only
9fa5dd31-b3de-4cf6-adff-7bf4c419fcf9,1pcs-rustic-style-cast-iron-vintage-water-pump-round-bird-feeder-outdoor-garden-balcony-decorative-w,1pcs Rustic Style Cast Iron Vintage Water Pump Round Bird Feeder Outdoor Garden Balcony Decorative Water Feeder And Family Table Storage Tray Valentine's Day Easter Birthday Gift For Bird Lovers,inactive,false,unknown,Bird Bowls & Feeders,,53.95,69.99,26.92,50.1,1943954776627195905,CJ Dropshipping,discontinued,1,0,0,0,0,0,unknown,false,,1100,12,1924,,C,false,1pcs rustic style cast iron vintage water pump round bird feeder outdoor garden balcony decorative water feeder and family table storage tray valentines day easter birthday gift for bird lovers,none-detected,0,0,0,0,11,0,2,0,1,4,8,7,5,3,2,43,UNRELIABLE_SUPPLIER|NO_REAL_STOCK|NO_US_DELIVERY_PATH|UNUSABLE_SHIPPING_PROMISE,3,RETIRE_CANDIDATE,"margin 50.1% (price 53.95, cost 26.92); stock us=0 eu=0 cn=0 effective=0; variant payload us=0 total=0; description 1924 chars, quality_score=n/a; 12 gallery images + primary",no shipping window on record — conservative shipping score; no quality/readiness score — spec confidence from copy length only; inventory sync stale or never run
f6b8db89-d763-48dc-9dce-972b609651bd,pet-carrier-backpack-expandable-cat-dog-carrier-with-front-back-extension-breathable-mesh-travel-bac,"Pet Carrier Backpack, Expandable Cat Dog Carrier With Front & Back Extension, Breathable Mesh Travel Backpack For Small Dogs Cats, Soft-Sided Pet Backpack Holds Up To 26 Lbs",active,false,both,Dog Carriers,Pet Supplies > Multi-Pet Supplies > Travel & Transport > Pet Carriers,89.99,112.99,51.49,42.8,1989161368003518465,CJ Dropshipping,unknown,1,0,0,0,0,0,none,false,,3000,12,1027,,C,true,pet carrier backpack expandable cat dog carrier with front  back extension breathable mesh travel backpack for small dogs cats softsided pet backpack holds up to 26 lbs,none-detected,0,0,0,0,8,6,2,0,1,3,8,4,5,3,3,43,NO_REAL_STOCK|NO_US_DELIVERY_PATH|UNUSABLE_SHIPPING_PROMISE,2,RETIRE_CANDIDATE,"margin 42.8% (price 89.99, cost 51.49); stock us=0 eu=0 cn=0 effective=0; variant payload us=100 total=100; description 1027 chars, quality_score=n/a; 12 gallery images + primary",column stock is 0 but CJ variant payload reports 100 US units — needs re-sync before trusting; no shipping window on record — conservative shipping score; no quality/readiness score — spec confidence from copy length only
8cc4e183-430c-4ccd-9b5c-b6056bafd262,outdoor-cat-tunnel,Interactive Cat Tunnel – Collapsible Play Tube for Cats,inactive,false,cat,Cat Trees & Condos,Pet Supplies > Cat Supplies > Houses > Cat Tunnel,175.99,219.99,117.59,33.2,2013828727129616385,CJ Dropshipping,unavailable,1,0,0,0,0,0,none,false,,1000,6,341,,B1,false,outdoor cat tunnel,none-detected,0,0,0,0,5,6,2,0,1,2,8,7,5,3,3,42,NO_REAL_STOCK|NO_US_DELIVERY_PATH|UNUSABLE_SHIPPING_PROMISE|UNACCEPTABLE_MARGIN,3,RETIRE_CANDIDATE,"margin 33.2% (price 175.99, cost 117.59); stock us=0 eu=0 cn=0 effective=0; variant payload us=230 total=230; description 341 chars, quality_score=n/a; 6 gallery images + primary",column stock is 0 but CJ variant payload reports 230 US units — needs re-sync before trusting; no shipping window on record — conservative shipping score; no quality/readiness score — spec confidence from copy length only
18028997-901a-40b8-8790-9e7b3ec558bf,foldable-dog-stroller-pet-travel-cart,GetPawsy Portable Dog Stroller – Foldable Travel Carrier for Dogs,active,false,dog,Dog Travel,Pet Supplies > Dog Supplies > Travel Supplies > Pet Strollers,396.99,481.99,264.94,33.3,2013829819170308098,CJ Dropshipping,available,0,0,0,0,0,0,none,false,,1000,6,704,89,A,false,dog stroller pet stroller,none-detected,37,22,0,0,5,0,2,0,4,8,8,7,2,3,3,42,NO_REAL_STOCK|NO_US_DELIVERY_PATH|UNUSABLE_SHIPPING_PROMISE|UNACCEPTABLE_MARGIN,3,RETIRE_CANDIDATE,"margin 33.3% (price 396.99, cost 264.94); stock us=0 eu=0 cn=0 effective=0; variant payload us=0 total=0; description 704 chars, quality_score=89; 6 gallery images + primary",no shipping window on record — conservative shipping score; differentiators: foldable
1aff8014-ce29-4232-82a7-3c94d44f1e8e,pet-cleaning-wipes,Pet Cleaning Wipes – Gentle Grooming Wipes for Dogs & Cats,active,true,unknown,Dog Grooming,Pet Supplies > Multi-Pet Supplies > Grooming > Wipes,9.99,12.49,1.93,80.7,2603191140351606000,CJ Dropshipping,available,1,7180,0,0,7180,7180,CN,false,,200,1,228,72,B1,true,,none-detected,41,0,0,0,15,5,2,0,1,5,2,2,5,3,2,42,UNUSABLE_SHIPPING_PROMISE|INSUFFICIENT_SPECS,1,RETIRE_CANDIDATE,"margin 80.7% (price 9.99, cost 1.93); stock us=0 eu=0 cn=7180 effective=7180; variant payload us=0 total=0; description 228 chars, quality_score=72; 1 gallery images + primary",no shipping window on record — conservative shipping score; inventory sync stale or never run
6a3e2fe8-dee8-4d3a-9beb-b2a15d8a4cd3,3-in-1-pet-stroller-with-detachable-carrier-foldable-dog-stroller-with-storage-basket-cupholder-for--1," 3 in 1 Pet Stroller with Detachable Carrier, Foldable Dog Stroller with Storage Basket, Cupholder, for Mini Dogs, Gray",inactive,false,dog,Dog Carriers,,164.99,210.99,94.38,42.8,2003451157563240449,CJ Dropshipping,unavailable,1,0,0,0,0,0,none,false,,7200,8,977,,C,false,3 in 1 pet stroller with detachable carrier foldable dog stroller with storage basket cupholder for mini dogs gray,confirmed,0,0,0,0,8,6,2,0,3,3,8,4,2,3,3,42,NO_REAL_STOCK|NO_US_DELIVERY_PATH|UNUSABLE_SHIPPING_PROMISE|DUPLICATE,3,RETIRE_CANDIDATE,"margin 42.8% (price 164.99, cost 94.38); stock us=0 eu=0 cn=0 effective=0; variant payload us=38 total=38; description 977 chars, quality_score=n/a; 8 gallery images + primary",column stock is 0 but CJ variant payload reports 38 US units — needs re-sync before trusting; no shipping window on record — conservative shipping score; differentiators: foldable; no quality/readiness score — spec confidence from copy length only
36d916cc-ca34-4e81-a61a-b82993bb610f,dog-agility-seesaw-for-training-and-exercise,Dog Agility Seesaw for Training and Exercise,inactive,false,both,Cat Toys,,136.99,166.99,78.1,43,1991246984865570818,CJ Dropshipping,unavailable,2,0,0,0,0,0,none,false,,7000,9,274,,C,false,dog agility seesaw for training and exercise,none-detected,0,0,0,0,8,6,2,0,1,2,8,4,5,3,3,42,NO_REAL_STOCK|NO_US_DELIVERY_PATH|UNUSABLE_SHIPPING_PROMISE,2,RETIRE_CANDIDATE,"margin 43.0% (price 136.99, cost 78.1); stock us=0 eu=0 cn=0 effective=0; variant payload us=841 total=841; description 274 chars, quality_score=n/a; 9 gallery images + primary",column stock is 0 but CJ variant payload reports 841 US units — needs re-sync before trusting; no shipping window on record — conservative shipping score; no quality/readiness score — spec confidence from copy length only
a582c365-35be-4cf0-97c9-cb47ec6d4045,elastic-extendable-reflective-dog-leash,Elastic Extendable Reflective Dog Leash,inactive,false,unknown,Dog Collars & Leashes,,10.45,13.06,4.18,60,2603250937581630000,CJ Dropshipping,discontinued,1,0,0,0,0,0,none,false,,,11,1119,,C,false,,none-detected,0,0,0,0,13,0,2,0,1,3,8,4,5,4,2,42,UNRELIABLE_SUPPLIER|NO_REAL_STOCK|NO_US_DELIVERY_PATH|UNUSABLE_SHIPPING_PROMISE,3,RETIRE_CANDIDATE,"margin 60.0% (price 10.45, cost 4.18); stock us=0 eu=0 cn=0 effective=0; variant payload us=0 total=0; description 1119 chars, quality_score=n/a; 11 gallery images + primary",no shipping window on record — conservative shipping score; no quality/readiness score — spec confidence from copy length only; no weight on record — damage risk partly inferred; inventory sync stale or never run
0405cf9a-c96c-46bd-bbb4-f66768564290,wooden-dog-agility-seesaw-for-training-and-exercise-weather-resistant-83-l-x-16-w-x-14-h-white,"Wooden Dog Agility Seesaw For Training And Exercise, Weather Resistant, 83 L X 16 W X 14 H, White",inactive,false,dog,Dog Beds,,222.99,282.99,148.99,33.2,1963409706555793409,CJ Dropshipping,unavailable,1,0,0,0,0,0,none,false,,9500,6,1016,,C,false,wooden dog agility seesaw for training and exercise weather resistant 83 l x 16 w x 14 h white,confirmed,0,0,0,0,5,6,2,0,0,3,8,7,5,3,3,42,NO_REAL_STOCK|NO_US_DELIVERY_PATH|UNUSABLE_SHIPPING_PROMISE|UNACCEPTABLE_MARGIN|DUPLICATE,4,RETIRE_CANDIDATE,"margin 33.2% (price 222.99, cost 148.99); stock us=0 eu=0 cn=0 effective=0; variant payload us=90 total=90; description 1016 chars, quality_score=n/a; 6 gallery images + primary",column stock is 0 but CJ variant payload reports 90 US units — needs re-sync before trusting; no shipping window on record — conservative shipping score; no quality/readiness score — spec confidence from copy length only
419daeff-e139-40b5-aa13-748494a20500,wooden-cat-house,Wooden Cat House,inactive,false,cat,Cat Houses,,77.95,100.99,38.99,50,1970750192830283777,CJ Dropshipping,unavailable,1,0,0,0,0,0,none,false,,2480,5,243,,C,false,wooden cat house,none-detected,0,0,0,0,8,6,2,0,1,1,6,7,5,3,3,42,NO_REAL_STOCK|NO_US_DELIVERY_PATH|UNUSABLE_SHIPPING_PROMISE|INSUFFICIENT_SPECS,3,RETIRE_CANDIDATE,"margin 50.0% (price 77.95, cost 38.99); stock us=0 eu=0 cn=0 effective=0; variant payload us=30 total=30; description 243 chars, quality_score=n/a; 5 gallery images + primary",column stock is 0 but CJ variant payload reports 30 US units — needs re-sync before trusting; no shipping window on record — conservative shipping score; no quality/readiness score — spec confidence from copy length only
faa5e3ac-308e-4f1b-b61b-f5c315f24116,dog-dropper-picks-up-the-bag-and-goes-out,Dog Dropper Picks Up The Bag And Goes Out,inactive,false,dog,Dog Toys,,20.73,25.91,8.29,60,2602270649111639900,CJ Dropshipping,unavailable,0,0,0,0,0,0,none,false,,,12,274,,C,false,,none-detected,0,0,0,0,13,0,2,0,1,2,8,4,5,4,3,42,NO_REAL_STOCK|NO_US_DELIVERY_PATH|UNUSABLE_SHIPPING_PROMISE,2,RETIRE_CANDIDATE,"margin 60.0% (price 20.73, cost 8.29); stock us=0 eu=0 cn=0 effective=0; variant payload us=0 total=0; description 274 chars, quality_score=n/a; 12 gallery images + primary",no shipping window on record — conservative shipping score; no quality/readiness score — spec confidence from copy length only; no weight on record — damage risk partly inferred
7f28a1e0-e7b1-4113-998a-9ebd031e551c,pet-skin-soothing-paste,Pet Skin Soothing Paste,inactive,false,both,pet-supplies,,9.99,12.49,1.36,86.4,2602091158101627900,CJ Dropshipping,discontinued,1,5349,0,0,5349,5349,CN,false,,,1,358,,C,false,,none-detected,0,0,0,0,15,5,2,0,1,2,2,2,5,4,4,42,UNRELIABLE_SUPPLIER|UNUSABLE_SHIPPING_PROMISE,1,RETIRE_CANDIDATE,"margin 86.4% (price 9.99, cost 1.36); stock us=0 eu=0 cn=5349 effective=5349; variant payload us=0 total=0; description 358 chars, quality_score=n/a; 1 gallery images + primary",no shipping window on record — conservative shipping score; no quality/readiness score — spec confidence from copy length only; no weight on record — damage risk partly inferred
55e15142-c8ea-4e5c-bba9-5be7d55be5be,cat-shelves-for-indoor-cats,Cat Shelves for Indoor Cats,inactive,false,cat,Cat Toys,,136.99,169.99,78.16,42.9,1991250658972393474,CJ Dropshipping,unavailable,2,0,0,0,0,0,none,false,,11820,9,274,,C,false,cat shelves for indoor cats,none-detected,0,0,0,0,8,6,2,0,1,2,8,4,5,3,3,42,NO_REAL_STOCK|NO_US_DELIVERY_PATH|UNUSABLE_SHIPPING_PROMISE,2,RETIRE_CANDIDATE,"margin 42.9% (price 136.99, cost 78.16); stock us=0 eu=0 cn=0 effective=0; variant payload us=233 total=233; description 274 chars, quality_score=n/a; 9 gallery images + primary",column stock is 0 but CJ variant payload reports 233 US units — needs re-sync before trusting; no shipping window on record — conservative shipping score; no quality/readiness score — spec confidence from copy length only
f9dbdf4c-cd0e-4160-9770-f4bfd9d0bce0,adorable-squeaky-catnip-toys-for-your-cat-or-dog-perfect-for-solo-play-tough-f9db,Interactive Catnip Chew Toy – Squeaky for Teeth Cleaning & Solo Play,inactive,false,both,Cat Toys,Pet Supplies > Cat Supplies > Toys > Catnip Chew Toy,45.99,59.99,18.51,59.8,1932725882025148418,CJ Dropshipping,discontinued,1,0,0,0,0,0,unknown,false,,200,10,82,81,A,false,adorable squeaky catnip toys for your cat or dog perfect for solo play tough enough to chew great for teeth grinding and keeping teeth clean,none-detected,0,0,0,0,11,0,2,0,1,6,8,4,5,3,2,42,UNRELIABLE_SUPPLIER|NO_REAL_STOCK|NO_US_DELIVERY_PATH|UNUSABLE_SHIPPING_PROMISE|INSUFFICIENT_SPECS,4,RETIRE_CANDIDATE,"margin 59.8% (price 45.99, cost 18.51); stock us=0 eu=0 cn=0 effective=0; variant payload us=0 total=0; description 82 chars, quality_score=81; 10 gallery images + primary",no shipping window on record — conservative shipping score; inventory sync stale or never run
3605f6e1-dcbf-4c39-8c16-5e57b0eb5cec,center-console-dog-car-seat-dog-booster-car-seat-for-small-dog-8-lbs,Center Console Dog Car Seat Dog Booster Car Seat For Small Dog 8 Lbs,inactive,false,dog,Dog Carriers,,67.49,86.99,33.74,50,1992920281980379138,CJ Dropshipping,discontinued,1,0,0,0,0,0,unknown,false,,950,5,1012,,A,false,center console dog car seat dog booster car seat for small dog 8 lbs,none-detected,0,0,0,0,11,0,2,3,1,3,6,4,5,3,4,42,UNRELIABLE_SUPPLIER|NO_REAL_STOCK|NO_US_DELIVERY_PATH|UNUSABLE_SHIPPING_PROMISE,3,RETIRE_CANDIDATE,"margin 50.0% (price 67.49, cost 33.74); stock us=0 eu=0 cn=0 effective=0; variant payload us=0 total=0; description 1012 chars, quality_score=n/a; 5 gallery images + primary",no shipping window on record — conservative shipping score; problem signals: anxiety; no quality/readiness score — spec confidence from copy length only
510dfad4-9d31-4a14-92ad-e70f349a8ea6,u-shaped-cooling-pad-for-cats-and-dogs-cat-and-dog-neck-sleeping-pad-summer-ice-510d,Cooling Dog Bed – U-Shaped Headrest Ice Pad for Dogs,inactive,false,both,Dog Beds,Pet Supplies > Multi-Pet Supplies > Pet Beds > Pet Cooling Pad,48.99,60.99,24.62,49.7,1955477338683891714,CJ Dropshipping,discontinued,1,0,0,0,0,0,unknown,false,,548,5,233,85,B1,false,ushaped cooling pad for cats and dogs  cat and dog neck sleeping pad summer ice feeling ushaped headrest with nonslip base washable scratchresistant polyester cooling pad,none-detected,0,0,0,0,8,0,2,0,1,6,6,7,5,3,4,42,UNRELIABLE_SUPPLIER|NO_REAL_STOCK|NO_US_DELIVERY_PATH|UNUSABLE_SHIPPING_PROMISE|INSUFFICIENT_SPECS,4,RETIRE_CANDIDATE,"margin 49.7% (price 48.99, cost 24.62); stock us=0 eu=0 cn=0 effective=0; variant payload us=0 total=0; description 233 chars, quality_score=85; 5 gallery images + primary",no shipping window on record — conservative shipping score
a87007d0-ae9f-426c-a1c3-e90ffdd4e53f,extra-large-hamster-cage-with-tubes-and-tunnels-4-tier-small-animal-cage-with-portable-carry-handles,"Extra Large Hamster Cage With Tubes And Tunnels, 4 Tier Small Animal Cage With Portable Carry Handles, Rat Gerbil Cage With Water Bottle, Food Dish, Exercise Wheel",active,false,unknown,Hamster Cages,Pet Supplies > Small Animal Supplies > Cages > Hamster Cages,154.99,200.99,88.38,43,2012057907600945153,CJ Dropshipping,unknown,1,0,0,0,0,0,unknown,false,,6000,10,1007,,C,true,extra large hamster cage with tubes and tunnels 4 tier small animal cage with portable carry handles rat gerbil cage with water bottle food dish exercise wheel,none-detected,0,0,0,0,8,0,2,0,4,3,8,7,5,3,2,42,NO_REAL_STOCK|NO_US_DELIVERY_PATH|UNUSABLE_SHIPPING_PROMISE,2,RETIRE_CANDIDATE,"margin 43.0% (price 154.99, cost 88.38); stock us=0 eu=0 cn=0 effective=0; variant payload us=0 total=0; description 1007 chars, quality_score=n/a; 10 gallery images + primary",no shipping window on record — conservative shipping score; differentiators: multi-level; no quality/readiness score — spec confidence from copy length only; inventory sync stale or never run
006c84e1-1cb4-4d14-a138-a61c5d7ea449,extra-wide-walk-through-dog-gate-w-cat-door-3-inch-5-5-inch-extension-kits,"Extra Wide Walk Through Dog Gate W Cat Door, 3-Inch & 5.5-Inch Extension Kits",active,false,both,Cat Toys,Pet Supplies > Multi-Pet Supplies > Safety > Safety Gates,121.99,158.99,69.61,42.9,2010998637724475394,CJ Dropshipping,unknown,1,0,0,0,0,0,unknown,false,,5000,11,282,,C,true,extra wide walk through dog gate w cat door 3inch  55inch extension kits,none-detected,0,0,0,0,8,6,2,0,1,2,8,4,5,3,3,42,NO_REAL_STOCK|NO_US_DELIVERY_PATH|UNUSABLE_SHIPPING_PROMISE,2,RETIRE_CANDIDATE,"margin 42.9% (price 121.99, cost 69.61); stock us=0 eu=0 cn=0 effective=0; variant payload us=39 total=39; description 282 chars, quality_score=n/a; 11 gallery images + primary",column stock is 0 but CJ variant payload reports 39 US units — needs re-sync before trusting; no shipping window on record — conservative shipping score; no quality/readiness score — spec confidence from copy length only
d28d05a3-4069-4329-8a1c-941af9f21a15,the-same-style-dog-coat-is-durable-long-lasting-and-cold-resistant,The Same-style Dog Coat Is Durable Long-lasting And Cold-resistant,active,true,unknown,Dog Clothing,Pet Supplies > Dog Supplies > Apparel & Accessories > Coats,14.5,18.13,5.8,60,2603060734031613600,CJ Dropshipping,available,1,25809,0,0,25809,25809,CN,false,,500,5,167,,B1,true,,none-detected,21,0,0,0,13,5,2,0,1,1,6,4,5,3,2,42,UNUSABLE_SHIPPING_PROMISE|INSUFFICIENT_SPECS,1,RETIRE_CANDIDATE,"margin 60.0% (price 14.5, cost 5.8); stock us=0 eu=0 cn=25809 effective=25809; variant payload us=0 total=0; description 167 chars, quality_score=n/a; 5 gallery images + primary",no shipping window on record — conservative shipping score; no quality/readiness score — spec confidence from copy length only; inventory sync stale or never run
30f2f564-3568-4262-9fd2-889a5cfb6232,dog-cot-cooling-pet-bed-1,Cooling Dog Bed – Elevated Mesh Outdoor Pet Cot for Dogs,inactive,false,dog,Dog Beds,Pet Supplies > Dog Supplies > Dog Beds > Pet Cot,147.99,178.99,84.45,42.9,2013828975029014530,CJ Dropshipping,unknown,1,0,0,0,0,0,none,false,,1000,6,214,84,C,false,dog cot cooling pet bed,confirmed,0,0,0,0,8,0,2,0,0,6,8,7,5,3,2,41,NO_REAL_STOCK|NO_US_DELIVERY_PATH|UNUSABLE_SHIPPING_PROMISE|INSUFFICIENT_SPECS|DUPLICATE,4,RETIRE_CANDIDATE,"margin 42.9% (price 147.99, cost 84.45); stock us=0 eu=0 cn=0 effective=0; variant payload us=0 total=0; description 214 chars, quality_score=84; 6 gallery images + primary",no shipping window on record — conservative shipping score; inventory sync stale or never run
448f710a-1b13-46d1-9f8b-f59a00219c64,31-hamster-cage-with-tube-and-tunnel-deep-glass-bottom," 31"" Hamster Cage with Tube and Tunnel, Deep Glass Bottom",inactive,false,unknown,Hamster Cages,,319.99,397.99,213.38,33.3,2003471041981882369,CJ Dropshipping,unknown,1,0,0,0,0,0,none,false,,19800,8,2782,,C,false,31 hamster cage with tube and tunnel deep glass bottom,none-detected,0,0,0,0,5,6,2,0,1,4,8,7,5,0,3,41,NO_REAL_STOCK|NO_US_DELIVERY_PATH|UNUSABLE_SHIPPING_PROMISE|UNACCEPTABLE_MARGIN,3,RETIRE_CANDIDATE,"margin 33.3% (price 319.99, cost 213.38); stock us=0 eu=0 cn=0 effective=0; variant payload us=86 total=86; description 2782 chars, quality_score=n/a; 8 gallery images + primary",column stock is 0 but CJ variant payload reports 86 US units — needs re-sync before trusting; no shipping window on record — conservative shipping score; no quality/readiness score — spec confidence from copy length only
1b411b6e-2d10-4498-b835-52dd5e6ef4e5,5-tier-wooden-hamster-cage-mice-habitat-rat-habitat-with-openable-top-front-door-and-storage-shelf," 5-Tier Wooden Hamster Cage Mice Habitat Rat Habitat with Openable Top, Front Door and Storage Shelf",inactive,false,unknown,Hamster Cages,,201.99,260.99,137.92,31.7,2003465224927506433,CJ Dropshipping,unknown,1,0,0,0,0,0,none,false,,12000,8,2319,,C,false,5tier wooden hamster cage mice habitat rat habitat with openable top front door and storage shelf,none-detected,0,0,0,0,5,6,2,0,1,4,8,7,5,0,3,41,NO_REAL_STOCK|NO_US_DELIVERY_PATH|UNUSABLE_SHIPPING_PROMISE|UNACCEPTABLE_MARGIN,3,RETIRE_CANDIDATE,"margin 31.7% (price 201.99, cost 137.92); stock us=0 eu=0 cn=0 effective=0; variant payload us=45 total=45; description 2319 chars, quality_score=n/a; 8 gallery images + primary",column stock is 0 but CJ variant payload reports 45 US units — needs re-sync before trusting; no shipping window on record — conservative shipping score; no quality/readiness score — spec confidence from copy length only
0e209c06-4e36-427b-8af0-a0adab96327c,cat-litter-box-enclosure-with-drawers-1,Cat Litter Box Enclosure With Drawers,inactive,false,cat,Cat Litter Boxes,,177.99,219.99,129.78,27.1,2000398018696966145,CJ Dropshipping,discontinued,0,0,0,0,0,0,unknown,false,,16700,10,1097,,C,false,cat litter box enclosure with drawers,confirmed,0,0,0,0,2,0,2,6,3,3,8,7,5,3,2,41,UNRELIABLE_SUPPLIER|NO_REAL_STOCK|NO_US_DELIVERY_PATH|UNUSABLE_SHIPPING_PROMISE|UNACCEPTABLE_MARGIN|DUPLICATE,5,RETIRE_CANDIDATE,"margin 27.1% (price 177.99, cost 129.78); stock us=0 eu=0 cn=0 effective=0; variant payload us=0 total=0; description 1097 chars, quality_score=n/a; 10 gallery images + primary","no shipping window on record — conservative shipping score; problem signals: odor, litter; differentiators: furniture; no quality/readiness score — spec confidence from copy length only; inventory sync stale or never run"
7f6aa8f6-94be-4a7c-9d86-caf0ce727909,smart-bird-feeder-with-camera-ai-identify-10000-bird-specie-solar-powered,Smart Bird Feeder With Camera AI Identify 10000+ Bird Specie Solar-Powered,inactive,false,unknown,Bird Bowls & Feeders,,159.99,204.99,91.18,43,1993023281021362177,CJ Dropshipping,unknown,1,0,0,0,0,0,unknown,false,,2500,5,1245,,C,false,smart bird feeder with camera ai identify 10000 bird specie solarpowered,none-detected,0,0,0,0,8,0,2,0,4,4,6,7,5,3,2,41,NO_REAL_STOCK|NO_US_DELIVERY_PATH|UNUSABLE_SHIPPING_PROMISE,2,RETIRE_CANDIDATE,"margin 43.0% (price 159.99, cost 91.18); stock us=0 eu=0 cn=0 effective=0; variant payload us=0 total=0; description 1245 chars, quality_score=n/a; 5 gallery images + primary",no shipping window on record — conservative shipping score; differentiators: automatic; no quality/readiness score — spec confidence from copy length only; inventory sync stale or never run
ac4210bc-e871-47e1-bbc6-fc04df6afe80,outdoor-free-range-wooden-chicken-coop-with-asphalt-roof-leak-proof-pull-out-ac42,Chicken Coop – Wooden Free-Range House with Asphalt Roof & Nesting Box,inactive,false,unknown,Bird Houses,Pet Supplies > Bird Supplies > Bird Houses > Chicken Coop,216.99,278.99,144.42,33.4,2013826465056702466,CJ Dropshipping,unknown,1,0,0,0,0,0,none,false,,1000,6,1050,,C,false,outdoor freerange wooden chicken coop with asphalt roof leakproof pullout tray secure predator defense nesting box with easy access multiple front  side doors,none-detected,0,0,0,0,5,6,2,0,1,3,8,7,2,3,4,41,NO_REAL_STOCK|NO_US_DELIVERY_PATH|UNUSABLE_SHIPPING_PROMISE|UNACCEPTABLE_MARGIN,3,RETIRE_CANDIDATE,"margin 33.4% (price 216.99, cost 144.42); stock us=0 eu=0 cn=0 effective=0; variant payload us=230 total=230; description 1050 chars, quality_score=n/a; 6 gallery images + primary",column stock is 0 but CJ variant payload reports 230 US units — needs re-sync before trusting; no shipping window on record — conservative shipping score; no quality/readiness score — spec confidence from copy length only
e338294f-d271-4fd8-8517-f2fef847c90a,pet-life-grazer-handheld-travel-grooming-cat-and-dog-flea-and-tick-comb,Pet Life 'Grazer' Handheld Travel Grooming Cat And Dog Flea And Tick Comb,inactive,false,both,Dog Carriers,,33.95,43.99,13.5,60.2,1922205205085929474,CJ Dropshipping,discontinued,0,0,0,0,0,0,none,false,,78,3,1137,,A,false,pet life grazer handheld travel grooming cat and dog flea and tick comb,none-detected,0,0,0,0,13,0,2,6,1,3,4,2,5,3,2,41,UNRELIABLE_SUPPLIER|NO_REAL_STOCK|NO_US_DELIVERY_PATH|UNUSABLE_SHIPPING_PROMISE,3,RETIRE_CANDIDATE,"margin 60.2% (price 33.95, cost 13.5); stock us=0 eu=0 cn=0 effective=0; variant payload us=0 total=0; description 1137 chars, quality_score=n/a; 3 gallery images + primary","no shipping window on record — conservative shipping score; problem signals: hair, non-slip; no quality/readiness score — spec confidence from copy length only; inventory sync stale or never run"
88b5c029-3467-4d2c-9203-366ab4b3b7ea,vanilla-flavored-pet-toothpaste-care-set,Vanilla-flavored Pet Toothpaste Care Set,inactive,false,both,pet-supplies,,10.23,12.79,4.09,60,2601280846351603400,CJ Dropshipping,discontinued,1,6190,0,0,6190,6190,CN,false,,,2,348,,C,false,vanillaflavored pet toothpaste care set,none-detected,0,0,0,0,13,5,2,0,1,2,4,2,5,4,2,40,UNRELIABLE_SUPPLIER|UNUSABLE_SHIPPING_PROMISE,1,RETIRE_CANDIDATE,"margin 60.0% (price 10.23, cost 4.09); stock us=0 eu=0 cn=6190 effective=6190; variant payload us=0 total=0; description 348 chars, quality_score=n/a; 2 gallery images + primary",no shipping window on record — conservative shipping score; no quality/readiness score — spec confidence from copy length only; no weight on record — damage risk partly inferred; inventory sync stale or never run
119350e6-b146-4688-9f27-bd87aa59a2fe,bird-feeder,Bird Feeder,inactive,false,unknown,Bird Bowls & Feeders,,50.95,64.99,25.49,50,1970767191935680513,CJ Dropshipping,unavailable,1,0,0,0,0,0,none,false,,1280,6,147,,C,false,bird feeder,none-detected,0,0,0,0,8,6,2,0,1,1,8,4,5,3,2,40,NO_REAL_STOCK|NO_US_DELIVERY_PATH|UNUSABLE_SHIPPING_PROMISE|INSUFFICIENT_SPECS,3,RETIRE_CANDIDATE,"margin 50.0% (price 50.95, cost 25.49); stock us=0 eu=0 cn=0 effective=0; variant payload us=40 total=40; description 147 chars, quality_score=n/a; 6 gallery images + primary",column stock is 0 but CJ variant payload reports 40 US units — needs re-sync before trusting; no shipping window on record — conservative shipping score; no quality/readiness score — spec confidence from copy length only; inventory sync stale or never run
84a0b533-aef2-46bd-b861-0d7490f91d45,wooden-dog-agility-seesaw-for-training-and-exercise-weather-resistant-83-l-x-16-w-x-14-h-white-1," Wooden Dog Agility Seesaw for Training and Exercise, Weather Resistant, 83"" L x 16"" W x 14"" H, White",inactive,false,dog,Dog Toys,,172.99,282.99,115,33.5,2003454532889718786,CJ Dropshipping,unavailable,1,0,0,0,0,0,none,false,,11000,8,1013,,C,false,wooden dog agility seesaw for training and exercise weather resistant 83 l x 16 w x 14 h white,none-detected,0,0,0,0,5,6,2,0,1,3,8,4,5,3,3,40,NO_REAL_STOCK|NO_US_DELIVERY_PATH|UNUSABLE_SHIPPING_PROMISE|UNACCEPTABLE_MARGIN,3,RETIRE_CANDIDATE,"margin 33.5% (price 172.99, cost 115); stock us=0 eu=0 cn=0 effective=0; variant payload us=10 total=10; description 1013 chars, quality_score=n/a; 8 gallery images + primary",column stock is 0 but CJ variant payload reports 10 US units — needs re-sync before trusting; no shipping window on record — conservative shipping score; no quality/readiness score — spec confidence from copy length only
86353f0b-8e5c-4238-86cb-fa7affa14270,solid-wood-cat-tree-with-integrated-scratching-post-and-cozy-nest,Solid Wood Cat Tree With Integrated Scratching Post And Cozy Nest,inactive,false,cat,Cat Trees & Condos,,149.99,187.49,211.18,-40.8,2601310229011616200,CJ Dropshipping,discontinued,1,5690,0,0,5690,5690,CN,false,,,6,924,,C,false,solid wood cat tree with integrated scratching post and cozy nest,none-detected,0,0,0,0,0,5,2,3,1,3,8,7,5,4,2,40,UNRELIABLE_SUPPLIER|UNUSABLE_SHIPPING_PROMISE|UNACCEPTABLE_MARGIN,2,RETIRE_CANDIDATE,"margin -40.8% (price 149.99, cost 211.18); stock us=0 eu=0 cn=5690 effective=5690; variant payload us=0 total=0; description 924 chars, quality_score=n/a; 6 gallery images + primary",no shipping window on record — conservative shipping score; problem signals: scratch; no quality/readiness score — spec confidence from copy length only; no weight on record — damage risk partly inferred; inventory sync stale or never run
9745d0c3-8a6a-4329-806c-43852b84a5f9,large-wooden-catio-outdoor-cat-enclosure-w-4-tier-resting-rooms-3-platforms-1-9745,Outdoor Cat Enclosure – Large 4-Tier Wooden Habitat with Hammock,inactive,false,cat,Cat Toys,Pet Supplies > Cat Supplies > Outdoor Enclosures > Large Cat Enclosure,607.99,768.99,405.42,33.3,2008836630626140161,CJ Dropshipping,unknown,1,0,0,0,0,0,unknown,false,,31200,10,4000,,A,false,large wooden catio outdoor cat enclosure w 4 tier resting rooms 3 platforms 1 soft ladder 2 ramps 1 hammock gray,none-detected,0,0,0,0,5,0,2,3,1,4,8,7,5,3,2,40,NO_REAL_STOCK|NO_US_DELIVERY_PATH|UNUSABLE_SHIPPING_PROMISE|UNACCEPTABLE_MARGIN,3,RETIRE_CANDIDATE,"margin 33.3% (price 607.99, cost 405.42); stock us=0 eu=0 cn=0 effective=0; variant payload us=0 total=0; description 4000 chars, quality_score=n/a; 10 gallery images + primary",no shipping window on record — conservative shipping score; problem signals: waterproof; no quality/readiness score — spec confidence from copy length only; inventory sync stale or never run
215a1964-324c-4e63-9b5f-b7cd4257c413,1-set-79-92in-bird-house-pole-kit-height-adjustable-bird-feeder-pole-mount-kit-215a,Heavy Duty Bird Feeder – Height Adjustable Pole Kit with 5-Prong Base,inactive,false,unknown,Bird Bowls & Feeders,Pet Supplies > Bird Supplies > Feeding Supplies > Bird Feeders,75.99,96.99,38.16,49.8,1948266505513361410,CJ Dropshipping,unknown,1,0,0,0,0,0,none,false,,2077,11,2013,,C,false,1 set  7992in bird house pole kit height adjustable bird feeder pole mount kit heavy duty bird house pole set with 5 prongs base for bird house bird feeder house not included,none-detected,0,0,0,0,8,0,2,0,1,4,8,7,5,3,2,40,NO_REAL_STOCK|NO_US_DELIVERY_PATH|UNUSABLE_SHIPPING_PROMISE,2,RETIRE_CANDIDATE,"margin 49.8% (price 75.99, cost 38.16); stock us=0 eu=0 cn=0 effective=0; variant payload us=0 total=0; description 2013 chars, quality_score=n/a; 11 gallery images + primary",no shipping window on record — conservative shipping score; no quality/readiness score — spec confidence from copy length only; inventory sync stale or never run
99338f3f-16e3-4681-bf8d-b71253697cfc,39-inch-hamster-cage-habitat-with-acrylic-window-openable-top-for-dwarf-hamster-gerbil-guinea-pig-ra," 39 inch Hamster Cage Habitat with Acrylic Window & Openable Top for Dwarf Hamster, Gerbil, Guinea Pig, Rat, Oak",inactive,false,unknown,Hamster Cages,,320.99,408.99,214.02,33.3,2003472205104324609,CJ Dropshipping,unknown,1,0,0,0,0,0,none,false,,17300,8,2470,,C,false,39 inch hamster cage habitat with acrylic window  openable top for dwarf hamster gerbil guinea pig rat oak,none-detected,0,0,0,0,5,0,2,0,4,4,8,7,5,3,2,40,NO_REAL_STOCK|NO_US_DELIVERY_PATH|UNUSABLE_SHIPPING_PROMISE|UNACCEPTABLE_MARGIN,3,RETIRE_CANDIDATE,"margin 33.3% (price 320.99, cost 214.02); stock us=0 eu=0 cn=0 effective=0; variant payload us=0 total=0; description 2470 chars, quality_score=n/a; 8 gallery images + primary",no shipping window on record — conservative shipping score; differentiators: transparent; no quality/readiness score — spec confidence from copy length only; inventory sync stale or never run
5b868d44-e926-4a82-b68d-f6f013fcda25,petmarvel-heavy-duty-solid-dog-collar-neoprene-padded-1-in-wide,PETMARVEL Heavy Duty Solid Dog Collar Neoprene Padded 1 In Wide,inactive,false,dog,Dog Collars & Leashes,,45.49,56.99,22.78,49.9,1960983028992602113,CJ Dropshipping,unavailable,6,0,0,0,0,0,none,false,,84,10,1075,,A,false,petmarvel heavy duty solid dog collar neoprene padded 1 in wide,none-detected,0,0,0,0,8,6,2,0,1,3,8,4,2,3,3,40,NO_REAL_STOCK|NO_US_DELIVERY_PATH|UNUSABLE_SHIPPING_PROMISE,2,RETIRE_CANDIDATE,"margin 49.9% (price 45.49, cost 22.78); stock us=0 eu=0 cn=0 effective=0; variant payload us=300 total=300; description 1075 chars, quality_score=n/a; 10 gallery images + primary",column stock is 0 but CJ variant payload reports 300 US units — needs re-sync before trusting; no shipping window on record — conservative shipping score; no quality/readiness score — spec confidence from copy length only
b0cfea35-43c5-40af-a158-71944f76b8d7,2-in-1-dog-gps-fence-tracker-wireless-gps-dog-fence-gps-dog-collar-with-32-b0cf,Dog GPS Collar – Wireless Fence & Tracker with Waterproof Design for Dogs,inactive,false,dog,Dog Collars & Leashes,Pet Supplies > Dog Supplies > Training & Behavior > Dog GPS Collar,109.99,133.99,63.03,42.7,1990614633726255106,CJ Dropshipping,discontinued,0,0,0,0,0,0,none,false,,1000,5,1077,,A,false,2 in 1 dog gps fence tracker wireless gps dog fence gps dog collar with 322887ft radius ipx6 waterproof,none-detected,0,0,0,0,8,0,2,6,1,3,6,4,5,3,2,40,UNRELIABLE_SUPPLIER|NO_REAL_STOCK|NO_US_DELIVERY_PATH|UNUSABLE_SHIPPING_PROMISE,3,RETIRE_CANDIDATE,"margin 42.7% (price 109.99, cost 63.03); stock us=0 eu=0 cn=0 effective=0; variant payload us=0 total=0; description 1077 chars, quality_score=n/a; 5 gallery images + primary","no shipping window on record — conservative shipping score; problem signals: splash, waterproof; no quality/readiness score — spec confidence from copy length only; inventory sync stale or never run"
c24b1fee-2e1b-4fd1-b8d5-7d80f6525462,3-in-1-pet-jogging-stroller-for-small-dogs-and-cats-with-detachable-carrier-storage-basket-gray,"3 In 1 Pet Jogging Stroller For Small Dogs And Cats With Detachable Carrier, Storage Basket, Gray",active,false,dog,Dog Toys,Pet Supplies > Dog Supplies > Carriers & Travel > Pet Strollers,432.99,549.99,288.59,33.3,1960957873327206402,CJ Dropshipping,unknown,1,0,0,0,0,0,none,false,,10000,6,278,,A,true,3 in 1 pet jogging stroller for small dogs and cats with detachable carrier storage basket gray,none-detected,1,0,0,0,5,6,2,0,1,2,8,4,5,3,4,40,NO_REAL_STOCK|NO_US_DELIVERY_PATH|UNUSABLE_SHIPPING_PROMISE|UNACCEPTABLE_MARGIN,3,RETIRE_CANDIDATE,"margin 33.3% (price 432.99, cost 288.59); stock us=0 eu=0 cn=0 effective=0; variant payload us=100 total=100; description 278 chars, quality_score=n/a; 6 gallery images + primary",column stock is 0 but CJ variant payload reports 100 US units — needs re-sync before trusting; no shipping window on record — conservative shipping score; no quality/readiness score — spec confidence from copy length only
6a6fe5b6-fdd7-4ddf-a754-240ffd594f4b,pet-supplement-for-dogs,Pet Supplement For Dogs,active,true,both,pet-supplies,Pet Supplies > Multi-Pet Supplies > Health & Wellness > Supplements,9.99,12.49,1.93,80.7,2602100716251634000,CJ Dropshipping,unknown,1,5276,0,0,5276,5276,CN,false,,,1,401,,C,true,,none-detected,22,0,0,0,15,5,2,0,1,2,2,2,5,4,2,40,UNUSABLE_SHIPPING_PROMISE,0,RETIRE_CANDIDATE,"margin 80.7% (price 9.99, cost 1.93); stock us=0 eu=0 cn=5276 effective=5276; variant payload us=0 total=0; description 401 chars, quality_score=n/a; 1 gallery images + primary",no shipping window on record — conservative shipping score; no quality/readiness score — spec confidence from copy length only; no weight on record — damage risk partly inferred; inventory sync stale or never run
e037f3dd-4c26-47a4-97d2-d63a4ffadbe0,large-outdoor-cat-enclosure-for-multiple-cats-with-shelves-bridges-coffee-brown," Large Outdoor Cat Enclosure for Multiple Cats with Shelves & Bridges, Coffee Brown",inactive,false,cat,Cat Toys,,650.99,843.99,434.16,33.3,2003463328363900929,CJ Dropshipping,unknown,1,0,0,0,0,0,none,false,,19550,9,274,,C,false,large outdoor cat enclosure for multiple cats with shelves  bridges coffee brown,none-detected,0,0,0,0,5,6,2,0,1,2,8,4,5,3,3,39,NO_REAL_STOCK|NO_US_DELIVERY_PATH|UNUSABLE_SHIPPING_PROMISE|UNACCEPTABLE_MARGIN,3,RETIRE_CANDIDATE,"margin 33.3% (price 650.99, cost 434.16); stock us=0 eu=0 cn=0 effective=0; variant payload us=87 total=87; description 274 chars, quality_score=n/a; 9 gallery images + primary",column stock is 0 but CJ variant payload reports 87 US units — needs re-sync before trusting; no shipping window on record — conservative shipping score; no quality/readiness score — spec confidence from copy length only
ecef0b61-7c26-40de-a493-21fbb097e5c1,63-large-dog-crate-furniture-for-double-dog-wooden-dog-kennel-with-2-drawers-ecef,GetPawsy Wooden Dog Crate Furniture – Double Kennel with Storage Drawers,inactive,false,dog,Dog Toys,"Pet Supplies > Dog Supplies > Kennels, Crates, & Gates > Dog Crate Furniture",544.99,700.99,363.34,33.3,2013832573649571841,CJ Dropshipping,unknown,0,0,0,0,0,0,none,false,,1000,5,276,87,A,false,63 large dog crate furniture for double dog wooden dog kennel with 2 drawersdivider and sliding door water resistant indoor pets furniture style double dog crates,none-detected,0,0,0,0,5,0,2,0,4,7,6,4,5,3,3,39,NO_REAL_STOCK|NO_US_DELIVERY_PATH|UNUSABLE_SHIPPING_PROMISE|UNACCEPTABLE_MARGIN,3,RETIRE_CANDIDATE,"margin 33.3% (price 544.99, cost 363.34); stock us=0 eu=0 cn=0 effective=0; variant payload us=0 total=0; description 276 chars, quality_score=87; 5 gallery images + primary",no shipping window on record — conservative shipping score; differentiators: furniture
008f3d1d-3f6e-4a1e-8104-ce754680b045,portable-pet-agility-pet-training-set-dog-obstacle-exercise-adjustable-jump-ring-high-jumper-w-carry, Portable Pet Agility Pet Training Set Dog Obstacle Exercise Adjustable Jump Ring High Jumper w/ Carry Bag,inactive,false,dog,Dog Toys,,548.99,688.99,366.03,33.3,2003457344436547586,CJ Dropshipping,unavailable,1,0,0,0,0,0,none,false,,100000,8,274,,C,false,portable pet agility pet training set dog obstacle exercise adjustable jump ring high jumper w carry bag,none-detected,0,0,0,0,5,6,2,0,1,2,8,4,5,3,3,39,NO_REAL_STOCK|NO_US_DELIVERY_PATH|UNUSABLE_SHIPPING_PROMISE|UNACCEPTABLE_MARGIN,3,RETIRE_CANDIDATE,"margin 33.3% (price 548.99, cost 366.03); stock us=0 eu=0 cn=0 effective=0; variant payload us=80 total=80; description 274 chars, quality_score=n/a; 8 gallery images + primary",column stock is 0 but CJ variant payload reports 80 US units — needs re-sync before trusting; no shipping window on record — conservative shipping score; no quality/readiness score — spec confidence from copy length only
85f1818d-ea6d-488b-9992-37a9aa524806,competition-dog-agility-equipment-obstacle-course-set-for-outdoor-backyard-blue-and-yellow," Competition Dog Agility Equipment Obstacle Course Set for Outdoor Backyard, Blue and Yellow",inactive,false,dog,Dog Toys,,548.99,699.99,366.03,33.3,2003457190677557249,CJ Dropshipping,unavailable,1,0,0,0,0,0,none,false,,100000,8,274,,A,false,competition dog agility equipment obstacle course set for outdoor backyard blue and yellow,none-detected,0,0,0,0,5,6,2,0,1,2,8,4,5,3,3,39,NO_REAL_STOCK|NO_US_DELIVERY_PATH|UNUSABLE_SHIPPING_PROMISE|UNACCEPTABLE_MARGIN,3,RETIRE_CANDIDATE,"margin 33.3% (price 548.99, cost 366.03); stock us=0 eu=0 cn=0 effective=0; variant payload us=56 total=56; description 274 chars, quality_score=n/a; 8 gallery images + primary",column stock is 0 but CJ variant payload reports 56 US units — needs re-sync before trusting; no shipping window on record — conservative shipping score; no quality/readiness score — spec confidence from copy length only
6ef855f1-3b85-4c00-a968-616215a5fde0,30-41-extra-wide-walk-through-dog-gate-w-cat-door-3-inch-5-5-inch-extension-kits-42-high," 30""-41"" Extra Wide Walk Through Dog Gate w/ Cat Door, 3-Inch & 5.5-Inch Extension Kits, 42"" High",inactive,false,both,Cat Toys,,177.99,217.99,118.45,33.5,2003456890772238338,CJ Dropshipping,unavailable,1,0,0,0,0,0,none,false,,8000,8,282,,C,false,3041 extra wide walk through dog gate w cat door 3inch  55inch extension kits 42 high,none-detected,0,0,0,0,5,6,2,0,1,2,8,4,5,3,3,39,NO_REAL_STOCK|NO_US_DELIVERY_PATH|UNUSABLE_SHIPPING_PROMISE|UNACCEPTABLE_MARGIN,3,RETIRE_CANDIDATE,"margin 33.5% (price 177.99, cost 118.45); stock us=0 eu=0 cn=0 effective=0; variant payload us=42 total=42; description 282 chars, quality_score=n/a; 8 gallery images + primary",column stock is 0 but CJ variant payload reports 42 US units — needs re-sync before trusting; no shipping window on record — conservative shipping score; no quality/readiness score — spec confidence from copy length only
58163656-eb52-4f0c-96a1-03709b8bf70c,small-cat-tree-tower-33-cat-scratching-post-with-curved-bed,"Small Cat Tree Tower, 33 Cat Scratching Post With Curved Bed",inactive,false,cat,Cat Trees & Condos,,79.99,123.99,54.26,32.2,1982654780955721729,CJ Dropshipping,discontinued,1,0,0,0,0,0,unknown,false,,5897,7,275,,A,false,small cat tree tower 33 cat scratching post with curved bed,none-detected,0,0,0,0,5,0,2,3,1,2,8,7,5,3,2,38,UNRELIABLE_SUPPLIER|NO_REAL_STOCK|NO_US_DELIVERY_PATH|UNUSABLE_SHIPPING_PROMISE|UNACCEPTABLE_MARGIN,4,RETIRE_CANDIDATE,"margin 32.2% (price 79.99, cost 54.26); stock us=0 eu=0 cn=0 effective=0; variant payload us=0 total=0; description 275 chars, quality_score=n/a; 7 gallery images + primary",no shipping window on record — conservative shipping score; problem signals: scratch; no quality/readiness score — spec confidence from copy length only; inventory sync stale or never run
59ab3774-b192-41bc-bd98-c837ec74b86c,stainless-steel-litter-box-with-high-side-scoop-easy-cleaning-anti-urine-leakage-for-big-cats-light-," Stainless Steel Litter Box with High Side, Scoop, Easy Cleaning & Anti-Urine Leakage, for Big Cats, Light Gray",inactive,false,cat,Cat Litter Boxes,,79.99,115.99,52.82,34,2003462919459287041,CJ Dropshipping,unavailable,1,0,0,0,0,0,none,false,,2820,8,277,,C,false,stainless steel litter box with high side scoop easy cleaning  antiurine leakage for big cats light gray,none-detected,0,0,0,0,5,0,2,3,1,2,8,7,5,3,2,38,NO_REAL_STOCK|NO_US_DELIVERY_PATH|UNUSABLE_SHIPPING_PROMISE|UNACCEPTABLE_MARGIN,3,RETIRE_CANDIDATE,"margin 34.0% (price 79.99, cost 52.82); stock us=0 eu=0 cn=0 effective=0; variant payload us=0 total=0; description 277 chars, quality_score=n/a; 8 gallery images + primary",no shipping window on record — conservative shipping score; problem signals: litter; no quality/readiness score — spec confidence from copy length only; inventory sync stale or never run
a3ad5423-7b4b-4e0d-ab44-7d6fbbf748fe,540-dog-puppy-pets-poo-bags-degradable-and-leak-proof-with-1-free-dispensers-new,540 Dog Puppy Pets Poo Bags Degradable And Leak Proof With 1 Free Dispensers NEW,inactive,false,dog,Dog Toys,,47.95,59.99,19.19,60,2011718545913905153,CJ Dropshipping,discontinued,1,0,0,0,0,0,unknown,false,,750,18,274,,C,false,540 dog puppy pets poo bags degradable and leak proof with 1 free dispensers new,none-detected,0,0,0,0,11,0,2,0,1,2,8,4,5,3,2,38,UNRELIABLE_SUPPLIER|NO_REAL_STOCK|NO_US_DELIVERY_PATH|UNUSABLE_SHIPPING_PROMISE,3,RETIRE_CANDIDATE,"margin 60.0% (price 47.95, cost 19.19); stock us=0 eu=0 cn=0 effective=0; variant payload us=0 total=0; description 274 chars, quality_score=n/a; 18 gallery images + primary",no shipping window on record — conservative shipping score; no quality/readiness score — spec confidence from copy length only; inventory sync stale or never run
e42efe24-988c-4581-b8e0-95efc2c5250f,outdoor-dog-kennel-with-roof-rotating-4-level-adjustable-bowls,Outdoor Dog House – Portable Kennel with Roof & Adjustable Bowls,active,false,dog,Dog Houses,Pet Supplies > Dog Supplies > Dog Furniture > Dog Houses,149.99,187.49,190.06,-26.7,2023767993368825857,CJ Dropshipping,available,1,0,0,0,0,0,unknown,false,,,11,1124,,C,true,,none-detected,0,0,0,0,0,0,2,3,4,3,8,7,5,4,2,38,NO_REAL_STOCK|NO_US_DELIVERY_PATH|UNUSABLE_SHIPPING_PROMISE|UNACCEPTABLE_MARGIN,3,RETIRE_CANDIDATE,"margin -26.7% (price 149.99, cost 190.06); stock us=0 eu=0 cn=0 effective=0; variant payload us=0 total=0; description 1124 chars, quality_score=n/a; 11 gallery images + primary",no shipping window on record — conservative shipping score; problem signals: waterproof; differentiators: furniture; no quality/readiness score — spec confidence from copy length only; no weight on record — damage risk partly inferred; inventory sync stale or never run
43c7bb17-2578-43c5-b95f-d2264023125a,28-antique-bird-bath-decorative-birdbath-bird-feeder-bowl-with-planter-pedestal-and-bird-statues-bro," 28"" Antique Bird Bath Decorative Birdbath Bird Feeder Bowl with Planter Pedestal and Bird Statues, Bronze",inactive,false,unknown,Bird Bowls & Feeders,,88.99,107.99,44.52,50,2003365348645974017,CJ Dropshipping,unknown,1,0,0,0,0,0,none,false,,3000,8,2236,,C,false,28 antique bird bath decorative birdbath bird feeder bowl with planter pedestal and bird statues bronze,none-detected,0,0,0,0,8,0,2,0,1,4,8,4,5,3,2,37,NO_REAL_STOCK|NO_US_DELIVERY_PATH|UNUSABLE_SHIPPING_PROMISE,2,RETIRE_CANDIDATE,"margin 50.0% (price 88.99, cost 44.52); stock us=0 eu=0 cn=0 effective=0; variant payload us=0 total=0; description 2236 chars, quality_score=n/a; 8 gallery images + primary",no shipping window on record — conservative shipping score; no quality/readiness score — spec confidence from copy length only; inventory sync stale or never run
23d4554b-9fb4-4ffd-b7d0-d21df4b541f5,5-tier-wooden-hamster-cage-mice-habitat-rat-habitat-with-openable-top-front-23d4,Hamster Habitat Cage – 5-Tier Wooden with Openable Top for Mice & Rats,inactive,false,unknown,Hamster Cages,Pet Supplies > Small Animal Supplies > Habitats > Cage,201.99,260.99,134.92,33.2,2013442526956642306,CJ Dropshipping,unknown,1,0,0,0,0,0,unknown,false,,11000,10,515,86,C,false,5tier wooden hamster cage mice habitat rat habitat with openable top front door and storage shelf,confirmed,0,0,0,0,5,0,2,0,3,7,8,4,2,3,2,36,NO_REAL_STOCK|NO_US_DELIVERY_PATH|UNUSABLE_SHIPPING_PROMISE|UNACCEPTABLE_MARGIN|DUPLICATE,4,RETIRE_CANDIDATE,"margin 33.2% (price 201.99, cost 134.92); stock us=0 eu=0 cn=0 effective=0; variant payload us=0 total=0; description 515 chars, quality_score=86; 10 gallery images + primary",no shipping window on record — conservative shipping score; differentiators: multi-level; inventory sync stale or never run
db28fd86-cd23-42d0-8c12-13d3f533c401,48-wooden-dog-house-outdoor-with-porch-dog-kennel-with-water-resistant-asphalt-roof-and-fencing-indo,"48 Wooden Dog House Outdoor With Porch, Dog Kennel With Water-Resistant Asphalt Roof And Fencing,Indoor & Outdoor Dog Crate With Paw Print, Medium, Nature",inactive,false,dog,Dog Houses,,305.99,377.99,204.06,33.3,1871462263804170242,CJ Dropshipping,discontinued,1,0,0,0,0,0,unknown,false,,19800,13,909,,C,false,48 wooden dog house outdoor with porch dog kennel with waterresistant asphalt roof and fencingindoor  outdoor dog crate with paw print medium nature,none-detected,0,0,0,0,5,0,2,0,1,3,8,7,5,3,2,36,UNRELIABLE_SUPPLIER|NO_REAL_STOCK|NO_US_DELIVERY_PATH|UNUSABLE_SHIPPING_PROMISE|UNACCEPTABLE_MARGIN,4,RETIRE_CANDIDATE,"margin 33.3% (price 305.99, cost 204.06); stock us=0 eu=0 cn=0 effective=0; variant payload us=0 total=0; description 909 chars, quality_score=n/a; 13 gallery images + primary",no shipping window on record — conservative shipping score; no quality/readiness score — spec confidence from copy length only; inventory sync stale or never run
9c8a51b9-bff6-440c-b31f-e03a964b640c,tortoise-habitat-wooden-tortoise-house-w-lamp-holder-gray,Tortoise Habitat – Wooden Enclosure with Lamp Holder for Small Animals,inactive,false,unknown,Small Pet Accessories,Pet Supplies > Small Animal Supplies > Small Animal Habitats & Accessories > Cages & Habitats,152.99,198.99,102.17,33.2,2016026194104471553,CJ Dropshipping,discontinued,0,0,0,0,0,0,unknown,false,,7000,10,946,,C,false,tortoise habitat wooden tortoise house w lamp holder gray,none-detected,0,0,0,0,5,0,2,0,1,3,8,7,5,3,2,36,UNRELIABLE_SUPPLIER|NO_REAL_STOCK|NO_US_DELIVERY_PATH|UNUSABLE_SHIPPING_PROMISE|UNACCEPTABLE_MARGIN,4,RETIRE_CANDIDATE,"margin 33.2% (price 152.99, cost 102.17); stock us=0 eu=0 cn=0 effective=0; variant payload us=0 total=0; description 946 chars, quality_score=n/a; 10 gallery images + primary",no shipping window on record — conservative shipping score; no quality/readiness score — spec confidence from copy length only; inventory sync stale or never run
defd606d-2848-4056-871e-4a972d8ccfeb,glass-hummingbird-feeder-33oz-hand-blown-hummingbird-feeder-with-5-flower-defd,Hummingbird Feeder – 33oz Glass with 5 Flower Ports & Ant Moat for Birds,inactive,false,unknown,Bird Bowls & Feeders,Pet Supplies > Bird Supplies > Feeding Supplies > Bird Feeders,79.99,98.99,40.2,49.7,1990620187652186114,CJ Dropshipping,unknown,1,230,0,0,0,0,none,false,,1000,6,980,,C,false,glass hummingbird feeder 33oz hand blown hummingbird feeder with 5 flower feeding port perch ant moat hanging hook s hook hemp rope cleaning brush for garden backyard decor,none-detected,0,0,0,0,8,0,2,0,1,3,8,4,5,0,4,35,UNUSABLE_SHIPPING_PROMISE,0,RETIRE_CANDIDATE,"margin 49.7% (price 79.99, cost 40.2); stock us=0 eu=0 cn=0 effective=0; variant payload us=0 total=0; description 980 chars, quality_score=n/a; 6 gallery images + primary",no shipping window on record — conservative shipping score; no quality/readiness score — spec confidence from copy length only
fcbf8a42-be67-4858-b8ae-40a88f5ec503,pawhut-wooden-tortoise-habitat-outdoor-w-bottomless-design-doors-pc-sun-panel-fcbf,Outdoor Tortoise Habitat - Wooden Bottomless Enclosure with PC Sun Panel,inactive,false,unknown,Reptile Terrariums,Pet Supplies > Reptile Supplies > Habitats & Decor > Reptile Terrariums,203.99,257.99,136.07,33.3,2010961908774772738,CJ Dropshipping,unknown,1,0,0,0,0,0,unknown,false,,9500,11,676,84,B1,false,pawhut wooden tortoise habitat outdoor w bottomless design doors pc sun panel windows for small animals rabbit light gray,none-detected,0,0,0,0,5,0,2,0,1,8,8,4,2,3,2,35,NO_REAL_STOCK|NO_US_DELIVERY_PATH|UNUSABLE_SHIPPING_PROMISE|UNACCEPTABLE_MARGIN,3,RETIRE_CANDIDATE,"margin 33.3% (price 203.99, cost 136.07); stock us=0 eu=0 cn=0 effective=0; variant payload us=0 total=0; description 676 chars, quality_score=84; 11 gallery images + primary",no shipping window on record — conservative shipping score; inventory sync stale or never run
14de4be4-f7b5-4f17-b212-160db9536f19,pet-carrier-for-dogs-cats-hand-free-sling-adjustable-padded-strap-tote,Pet Carrier For Dogs Cats Hand Free Sling Adjustable Padded Strap Tote,inactive,false,dog,Dog Carriers,,49.99,61.99,25.19,49.6,1978378396240498690,CJ Dropshipping,unavailable,0,0,0,0,0,0,none,false,,320,5,1012,,C,false,pet carrier for dogs cats hand free sling adjustable padded strap tote,none-detected,0,0,0,0,8,0,2,0,1,3,6,4,5,3,3,35,NO_REAL_STOCK|NO_US_DELIVERY_PATH|UNUSABLE_SHIPPING_PROMISE,2,RETIRE_CANDIDATE,"margin 49.6% (price 49.99, cost 25.19); stock us=0 eu=0 cn=0 effective=0; variant payload us=0 total=0; description 1012 chars, quality_score=n/a; 5 gallery images + primary",no shipping window on record — conservative shipping score; no quality/readiness score — spec confidence from copy length only
c78ec4ab-650e-41eb-86f4-9ea82a03cbd3,pawhut-2-tier-wooden-hamster-cage-small-animals-hutch-w-seesaw-tray,2-Tier Hamster Habitat – Wooden Cage with Seesaw & Tray,inactive,false,unknown,Hamster Cages,Pet Supplies > Small Animal Supplies > Cages & Habitats > Hamster Cages,158.99,198.99,106,33.3,2008012384067416066,CJ Dropshipping,unknown,1,0,0,0,0,0,unknown,false,,7600,11,3873,,C,false,pawhut 2tier wooden hamster cage small animals hutch w seesaw tray,none-detected,0,0,0,0,5,0,2,0,1,4,8,7,5,0,2,34,NO_REAL_STOCK|NO_US_DELIVERY_PATH|UNUSABLE_SHIPPING_PROMISE|UNACCEPTABLE_MARGIN,3,RETIRE_CANDIDATE,"margin 33.3% (price 158.99, cost 106); stock us=0 eu=0 cn=0 effective=0; variant payload us=0 total=0; description 3873 chars, quality_score=n/a; 11 gallery images + primary",no shipping window on record — conservative shipping score; no quality/readiness score — spec confidence from copy length only; inventory sync stale or never run
1a24dcfe-139d-4278-8b45-f3419f308128,wooden-hamster-cage-habitat-40-in-clear-mice-rodents-small-animals-cage,Hamster Habitat Cage – Clear Wooden Enclosure for Mice & Rodents,inactive,false,unknown,Hamster Cages,Pet Supplies > Small Animal Supplies > Habitats > Cage,220.99,283.99,147.62,33.2,1993039976646602754,CJ Dropshipping,discontinued,1,0,0,0,0,0,none,false,,11600,5,947,,B1,false,wooden hamster cage habitat 40 in clear mice rodents small animals cage,none-detected,0,0,0,0,5,0,2,0,4,3,6,7,2,3,2,34,UNRELIABLE_SUPPLIER|NO_REAL_STOCK|NO_US_DELIVERY_PATH|UNUSABLE_SHIPPING_PROMISE|UNACCEPTABLE_MARGIN,4,RETIRE_CANDIDATE,"margin 33.2% (price 220.99, cost 147.62); stock us=0 eu=0 cn=0 effective=0; variant payload us=0 total=0; description 947 chars, quality_score=n/a; 5 gallery images + primary",no shipping window on record — conservative shipping score; differentiators: transparent; no quality/readiness score — spec confidence from copy length only; inventory sync stale or never run
33b63649-7ab4-4076-bdb7-8d301d8bc6bf,wooden-hamster-cage-habitat-48-in-clear-mice-rodents-small-animals-cage,Wooden Hamster Cage Habitat 48 In Clear Mice Rodents Small Animals Cage,active,false,unknown,Hamster Cages,Pet Supplies > Small Animal Supplies > Habitats > Cages,256.99,326.99,171.1,33.4,1993040013199962113,CJ Dropshipping,unknown,1,0,0,0,0,0,none,false,,13100,5,947,,C,true,wooden hamster cage habitat 48 in clear mice rodents small animals cage,none-detected,0,0,0,0,5,0,2,0,4,3,6,7,2,3,2,34,NO_REAL_STOCK|NO_US_DELIVERY_PATH|UNUSABLE_SHIPPING_PROMISE|UNACCEPTABLE_MARGIN,3,RETIRE_CANDIDATE,"margin 33.4% (price 256.99, cost 171.1); stock us=0 eu=0 cn=0 effective=0; variant payload us=0 total=0; description 947 chars, quality_score=n/a; 5 gallery images + primary",no shipping window on record — conservative shipping score; differentiators: transparent; no quality/readiness score — spec confidence from copy length only; inventory sync stale or never run
1c0bec5e-d6ac-4eb7-9b86-c1fed081c6ec,black-brown-2-in-1-dog-crate-end-table-with-charging-station-chew-resistant-1c0b,Durable Dog Crate End Table – Chew-Resistant Furniture with Charging Station for Dogs,inactive,false,dog,Dog Toys,Pet Supplies > Dog Supplies > Furniture > Crate End Tables,228.99,294.99,152.74,33.3,2013829375790567426,CJ Dropshipping,discontinued,0,0,0,0,0,0,none,false,,1000,5,276,,A,false,blackbrown 2in1 dog crate end table with charging station chewresistant metal tube pet furniture for small dogs under 25 lbs,none-detected,0,0,0,0,5,0,2,0,4,2,6,4,5,3,2,33,UNRELIABLE_SUPPLIER|NO_REAL_STOCK|NO_US_DELIVERY_PATH|UNUSABLE_SHIPPING_PROMISE|UNACCEPTABLE_MARGIN,4,RETIRE_CANDIDATE,"margin 33.3% (price 228.99, cost 152.74); stock us=0 eu=0 cn=0 effective=0; variant payload us=0 total=0; description 276 chars, quality_score=n/a; 5 gallery images + primary",no shipping window on record — conservative shipping score; differentiators: furniture; no quality/readiness score — spec confidence from copy length only; inventory sync stale or never run
13f663bc-a622-4c95-83e3-6d8223479678,2-in-1-dog-bike-trailer-pet-stroller-carrier-for-large-dogs-with-hitch,2-in-1 Dog Bike Trailer Pet Stroller Carrier for Large Dogs with Hitch,inactive,false,dog,Dog Carriers,,322.99,409.99,215.55,33.3,1991245035423698945,CJ Dropshipping,unavailable,1,0,0,0,0,0,none,false,,20200,8,994,,C,false,2in1 dog bike trailer pet stroller carrier for large dogs with hitch,none-detected,0,0,0,0,5,0,2,0,1,3,8,7,2,3,2,33,NO_REAL_STOCK|NO_US_DELIVERY_PATH|UNUSABLE_SHIPPING_PROMISE|UNACCEPTABLE_MARGIN,3,RETIRE_CANDIDATE,"margin 33.3% (price 322.99, cost 215.55); stock us=0 eu=0 cn=0 effective=0; variant payload us=0 total=0; description 994 chars, quality_score=n/a; 8 gallery images + primary",no shipping window on record — conservative shipping score; no quality/readiness score — spec confidence from copy length only; inventory sync stale or never run
c0fa49b6-6b75-4a3b-8a9f-4326ecc7cb75,dog-bed-with-tray-dog-waste-pad-reusable-artificial-grass-waste-pad-with-drainage-holes,"Dog Bed With Tray, Dog Waste Pad, Reusable Artificial Grass Waste Pad, With Drainage Holes",inactive,false,dog,Dog Beds,,116.99,142.99,66.99,42.7,2016753753076658177,CJ Dropshipping,discontinued,0,0,0,0,0,0,unknown,false,,2649,1,274,,C,false,dog bed with tray dog waste pad reusable artificial grass waste pad with drainage holes,none-detected,0,0,0,0,8,0,2,0,1,2,2,7,5,3,2,32,UNRELIABLE_SUPPLIER|NO_REAL_STOCK|NO_US_DELIVERY_PATH|UNUSABLE_SHIPPING_PROMISE,3,RETIRE_CANDIDATE,"margin 42.7% (price 116.99, cost 66.99); stock us=0 eu=0 cn=0 effective=0; variant payload us=0 total=0; description 274 chars, quality_score=n/a; 1 gallery images + primary",no shipping window on record — conservative shipping score; no quality/readiness score — spec confidence from copy length only; inventory sync stale or never run
742894a1-6ae9-43c4-ab5d-7f42a42e9da0,wooden-dog-agility-seesaw-for-training-and-exercise-weather-resistant-83-l-x-16-w-x-14-h-gray," Wooden Dog Agility Seesaw for Training and Exercise, Weather Resistant, 83"" L x 16"" W x 14"" H, Gray",inactive,false,dog,Dog Collars & Leashes,,176.99,225.99,118.32,33.1,2003454463843086338,CJ Dropshipping,unknown,1,64,0,0,0,0,none,false,,11000,8,910,,C,false,wooden dog agility seesaw for training and exercise weather resistant 83 l x 16 w x 14 h gray,confirmed,0,0,0,0,5,0,2,0,0,3,8,4,2,3,4,31,UNUSABLE_SHIPPING_PROMISE|UNACCEPTABLE_MARGIN|DUPLICATE,2,RETIRE_CANDIDATE,"margin 33.1% (price 176.99, cost 118.32); stock us=0 eu=0 cn=0 effective=0; variant payload us=0 total=0; description 910 chars, quality_score=n/a; 8 gallery images + primary",no shipping window on record — conservative shipping score; no quality/readiness score — spec confidence from copy length only
2559507b-2d8c-44c1-9a50-ace931756356,internal-stripe-production-test-do-not-index,Stripe Production Test,inactive,false,unknown,__internal_qa__,Pet Supplies > General Pet Supplies > Other Pet Supplies,0.5,,,,,CJ Dropshipping,unknown,0,0,0,0,0,0,US,false,,,0,277,,C,false,,none-detected,5,2,0,0,0,0,2,0,1,2,2,2,5,4,0,18,NO_SUPPLIER_MAPPING|NO_REAL_STOCK|NO_US_DELIVERY_PATH|UNUSABLE_SHIPPING_PROMISE|MARGIN_UNKNOWN|MISSING_IMAGERY,4,RETIRE_CANDIDATE,"stock us=0 eu=0 cn=0 effective=0; variant payload us=0 total=0; description 277 chars, quality_score=n/a; 0 gallery images + primary","no supplier cost on record — margin unknown, scored 0; no shipping window on record — conservative shipping score; no quality/readiness score — spec confidence from copy length only; no weight on record — damage risk partly inferred; inventory sync stale or never run"